Strain_microstrain,Deflection_mm,Crack_Propagation_mm,Corrosion_Level_percent,Displacement_mm,Vibration_ms2,Tilt_deg,Modal_Frequency_Hz,Seismic_Activity_ms2,Bearing_Joint_Forces_kN,Vehicle_Load_tons,Traffic_Volume_vph,Axle_Counts_pmin,Impact_Events_g,Dynamic_Load_Distribution_percent,Temperature_C,Humidity_percent,Wind_Speed_ms,Precipitation_mmh,Water_Level_m,Structural_Health_Index_SHI,Fatigue_Accumulation_au,Anomaly_Detection_Score,Energy_Dissipation_au,Acoustic_Emissions_levels,Maintenance_Alert
182.5704821663962,3.936303716719835,0.18479359357891784,6.997887734323197,1.882913905793794,0.5814325714663584,0.19403677821975973,14.605168262793836,0.013003152650894433,221.1512391295624,8.35483145872881,416.7955777209803,23.124152821365787,0.3340668572729797,49.69257269817703,17.31659384977967,53.23101863027984,6.551130961039699,3.237650652910135,3.678860772627102,86.68784986043558,0.255712061775335,0.0928778199194091,0.36696885034297505,20.365767971490705,0
152.40913753188815,4.268478472388816,0.17105185897340738,9.268767492996144,1.4590180301322109,0.5441183051904706,0.21121502242665535,14.638968962296783,0.013900129086770149,174.55171346246394,12.110130687166444,521.3737973538516,25.013342038617193,0.2809226712320466,44.88826401999557,26.0177321873018,65.08232884018729,1.933455294434407,2.469266340180974,3.3802452774566913,79.08907540636835,0.13423904869713893,0.07761338767638258,0.2338337499722757,12.078575205540815,0
330.6916004737217,15.678586946250562,2.247139788778301,36.88901181881142,2.313543861205129,2.856363319388689,0.24702737659884982,10.437642145302693,0.009215987846681756,176.75918248755346,8.987348671933919,457.6312061711572,15.634585083086764,0.2589131188370377,45.798742543348936,17.622820249650317,57.27611248435426,6.8763429924017,3.248540067711102,2.053555776945899,28.380105645418176,0.83701302908016,0.4499459597604615,0.27555362761425467,69.73351946892826,1
252.1923893957145,8.625954384286345,2.4878153702557175,27.91942273193229,1.3068752114128428,2.431701076720173,0.13395475434148155,9.569452705348159,0.0177507526624406,211.37997431815373,9.654381412969961,453.7093861067491,21.163644697588406,0.18833802012860937,52.1456845802181,22.27429099321758,67.68072185209004,8.36241664202256,2.7700515164221398,2.983011878765281,37.4468291841136,0.7243112191117748,0.6759222788227217,0.18050392583094335,76.30713612148334,1
194.7992544814212,3.6610631146132846,0.07897552043240023,3.392263636555727,1.5061300126654784,0.39856150473469537,0.1467744481068722,15.229070525920262,0.014129870455457886,223.13676370668273,11.529555869689009,503.26132264378134,14.805540336986809,0.2592352683565411,56.21714239305572,26.652275654878462,83.4903067625902,1.1593603435391513,1.7844756883043995,2.249042020179789,85.97305207405192,0.14303940874841958,0.07779421689891874,0.35046479662708424,29.87395578373403,0
146.3974519584204,5.756112638409401,0.09426860559704342,4.615884492345988,2.8227303877380248,0.5116034323916112,0.14997834590248468,15.226204078057137,0.013702574388888594,210.36433690491165,9.096170199092965,516.7783374885352,14.943498057080577,0.32302511652909655,39.01686312018948,20.997638313176378,61.58275205680264,7.485672417659332,1.8213324467457626,4.331750692348963,89.38439643029186,0.2192705507036962,0.10881859020838658,0.27603157235498205,22.007216490894848,0
135.30937793495895,4.196612080122817,0.08426362877321765,6.927464500113035,2.2861181075068493,0.5066034237953742,0.2511689686329107,15.544042274378093,0.015125830377174366,210.17375938369915,10.25843021049189,472.4722827522678,19.219246989071728,0.353043872263652,35.911485112632576,18.345802255889012,69.45315378720848,5.620552052604626,0.6848493573412873,2.7134017213848978,95.62673095595903,0.22222179570558667,0.07152513548227424,0.26678409478559884,25.954364631034455,0
153.90463972128626,5.206541889255047,0.15174352563421445,5.76794061272367,1.7403426442377041,0.5573398154298278,0.19244957546568026,16.361753560000725,0.01479411445269977,217.45392723489422,10.891897805815166,519.4192833189481,22.98042507883671,0.3004876446279209,60.84528267434979,26.922522824689644,47.44862045866233,2.1998635888847673,2.6931747015392595,3.249969143170785,78.29228011941866,0.16101546456462387,0.10581871670468025,0.4456385800005572,21.758158033965085,0
228.79490214716571,18.09421791301988,2.2533464373500753,43.327752809488274,2.0716622061388628,2.1502862556164484,0.09307289655520341,7.2093312138829475,0.005829356935137258,210.37839873394154,8.804734984933752,438.94651427800875,16.623872115683792,0.27074684234761753,52.72787914719961,23.914551853811048,87.65949434350819,4.23534356724276,1.6698565857595358,2.6870435519756746,28.614646898976183,0.8230825205595633,0.816597627598876,0.23003481926693117,93.3024515451158,1
177.31987386941316,6.430109830918875,0.03619691814489867,0.8531170008421185,3.002631020356864,0.3666318851253667,0.13032055275784196,13.153644360090196,0.007564086805532953,154.95530158864034,7.115576720992918,498.9065852641609,19.544002985113465,0.34686615861119513,53.90388099701177,20.575494718387,56.389076875089735,8.317917965889245,1.8736195891757164,3.301934219958733,84.79579547690582,0.16217557845817857,0.10134477720259104,0.24800641251284883,20.342675155099176,0
277.18507377923254,14.606176427418024,2.0626298851741245,30.04874122893846,1.6699126276666654,2.433149909229206,0.15887037514995142,12.446302727065875,0.006402373861560695,155.57409897831482,9.895268549284781,450.48852870851056,21.328419858252538,0.2022642072252563,51.42020535627383,31.55816315608846,61.84007538664087,2.3389109347772736,1.0211707776032477,3.0897920293458863,37.11246712324619,0.839667054204085,0.9545254674599332,0.2895876582404652,71.31981593232926,1
135.38030159231315,5.6839721831486285,0.10811516027461393,5.946561002749684,1.540374802687194,0.5372211627327931,0.24107653190595038,14.764216785718482,0.01429060355385329,235.52617818302303,6.940155148577329,508.5264511260148,22.081797683647505,0.31575273738655885,42.12073984828013,15.431134178725962,68.42792153970427,4.979260364792504,1.667555590072463,4.0434775733767,86.61428711958621,0.25108637339554557,0.07662902329775459,0.4714153452831919,20.10951555825159,0
346.2560583995178,15.973675386424814,1.6141363956293193,32.432545297604406,1.3431467548192515,2.492138917071373,0.13260152852592372,9.312576316563254,0.02405500103194675,191.28840869179368,5.8973770840529305,472.4233799503085,17.220115315368027,0.34546923532723645,53.97367436977755,35.42879816537847,54.775082874224836,4.0749593546330365,2.7472377719568604,3.793411814422153,50.73609814763226,0.8096007686677651,0.578556899964454,0.28831324469549646,90.98568001639563,1
286.72707429621636,14.637320025105867,2.3679522301828815,41.977849850324674,1.2339175130741562,1.6712957751097415,0.12871966964246534,10.456320485758415,0.016098838869558735,243.0148598326204,11.69101867271567,544.3674432657338,14.779708514477262,0.3025911275300537,56.25804904377087,24.538258729095947,53.45276848448118,4.889566046386462,3.2619725365246985,1.9922702681292386,28.49019349357443,0.8528495826495682,0.6510326336088677,0.16426185306330557,113.19918970598353,1
310.3404535741129,8.878079130700034,1.8112749600021996,45.13801981963663,1.6304673275074282,2.0600862764638457,0.23056281646232013,9.429403119804391,0.002887002853456386,234.69267314616116,10.42985095201078,518.1420627113723,20.500148977368614,0.24269207926463127,49.291937516579324,22.552792462231288,58.14962107279014,3.889868543123671,2.2485085849948,1.8740198981408938,44.25908671348015,0.6885120718593887,0.7992713007602752,0.2614584024665489,95.74356320983641,1
181.34042266399652,4.3426764197097185,0.14933199921638135,9.51959893145156,2.156695359431648,0.3324593709855749,0.16123967290471627,14.377762192733943,0.010079921927277984,212.7956801583301,12.901085785641712,450.9670378443115,23.807815188851954,0.28466005306426284,56.07730666227008,24.278259396196088,48.38812410840975,0.40284616758545955,3.079601443133969,3.3859565811105985,89.55329912042133,0.25546203182765653,0.07929750061085279,0.26382645950323436,15.753179298497479,0
324.46586488891523,16.155833359544484,2.6590313102065606,37.345198524702134,1.6501928610037075,2.5231147518430452,0.2257438114011652,10.660273555692847,0.01452542254399394,222.2111250793234,10.214492571876894,414.6565675411607,25.82018163470798,0.33453184333868136,51.59290066556516,25.15374839539757,59.623579321197234,6.885123526187912,2.667253813193473,3.7019834311915445,41.340704658412626,0.8980458903915269,0.5981420640839642,0.28947310972581336,115.47932722664677,1
164.2883664128895,5.190456333694891,0.10736828480972098,6.403329583233589,2.335212512087815,0.4400723824878564,0.18505793648978988,15.518030980687223,0.006722197063003384,198.69439805575007,7.246762185698077,478.32672871222366,16.79332895772325,0.30996542916377073,49.23853330098896,22.94675439855209,57.86059881583692,8.313021031586183,2.3957130400691824,3.6604350027242964,86.24163862475608,0.15555792489716508,0.11866199067385796,0.2568294910319976,9.546474399380003,0
148.46472640311887,4.520642788920495,0.06519477257498352,4.462980683635828,1.4264268024870321,0.5207615708716197,0.1503696830258971,14.212271651401917,0.019159149963773586,178.70787418031733,8.926971083939607,525.985599349425,20.767304955943338,0.3582198123789009,47.80130282894441,20.686810392981304,74.00780476752864,3.7290754006983615,1.9022437115292548,2.5267020291607665,80.82620258779838,0.21969959909392792,0.07966797720642914,0.2974250310336689,14.635033794353179,0
119.9834081947431,5.964698710488398,0.09298038368048865,4.069520459616108,2.4654112136048942,0.577374596468906,0.24109649279829898,15.409485942399984,0.0026330193800297398,175.30267655500884,6.299768719873033,540.7383937758999,20.850535090118534,0.3060171579684448,51.30243393804985,34.94764759048747,53.7381505113821,3.254801703931906,0.8733374042727986,3.6398411066164584,92.991460574849,0.16118919687738034,0.10714809788835157,0.2614672680704968,17.65630786915264,0
310.4403349374278,16.034676248188358,2.0461998352526756,36.462758085759596,3.0367025569382355,2.939776312521654,0.17886504407628417,12.489302596205574,-3.216393670473883e-05,188.58359182462846,14.702344165336056,555.7438190871059,28.21429402535337,0.26829392425118,52.92156211464481,17.753044838955848,51.59221944177776,3.6965305957064953,3.6863842324915725,2.5866867967402833,46.54853065773028,0.7816767344134431,0.7911575578863256,0.4250241581583225,77.72841609245664,1
125.94318876952158,4.642857258901601,0.07823281640217125,7.492244336866127,1.6851415161557526,0.6459586628700043,0.23904599465611667,15.25477302422775,0.002382704871139737,199.6783669005129,9.657589960945637,472.20519791864035,21.59571757741945,0.25431164108888143,52.15996928151911,23.52874280286933,73.95166479184951,7.347524913589984,1.2933227725620386,2.9126209115524584,88.61809929236757,0.04825451946292454,0.08783599506876412,0.31829227920993747,25.140325648098205,0
197.27839530082122,14.237231851821154,1.5097026339987478,30.285496065817497,1.023647444256067,2.211912604061234,0.3161640620270808,7.841829217365763,0.005351350473824973,184.58772296297548,7.9682145828124575,407.2922159093634,14.961932154717731,0.3234586545293612,61.75657233366065,34.635971255260934,66.18812446406218,8.988472062316982,0.9983446649599677,3.7360752765640277,36.08664138022506,0.9284709724944284,0.9173676786507877,0.3727719817923098,66.93832175194649,1
265.95045405721896,12.087013510536565,1.8069347589768705,38.985739280121976,1.5698940226729476,2.0719062389620078,0.23306278327007574,9.079025793994383,0.012447161354239199,152.65518922652987,10.149635535690654,494.90535609366646,20.354090427272716,0.31537808230914793,47.95394348458024,14.528115636755503,42.04471618004525,4.049528654651696,0.7112869177113259,4.630026360749059,54.71549684312956,0.8862976194750665,0.6725619497238927,0.28765509627406377,59.89834842205781,1
246.2081370344804,11.150087213262799,2.2834654790151148,43.17308650103222,1.8516225659389707,3.3716400598216736,0.2131088688481307,13.333429011440913,0.007033020689003691,194.17538008440835,12.58638848402897,522.9461715070967,19.485706153380846,0.2918114331361178,63.9721212663213,33.31289309209144,58.589698639154534,3.2422793844348625,3.1139990944560316,3.0390239608385343,54.84450145856958,0.7468398806844244,0.6219459764993881,0.3140617877772791,83.89320722085168,1
134.6461263376974,5.178479738469,0.16572697975656445,5.457100968960802,2.636787985039276,0.6888707080195492,0.20914466927391553,14.29923944314569,0.005188684248384577,215.93979844797875,7.088331200834752,519.2998945481452,23.859793871571867,0.3560722352456707,42.86443237524608,26.37411444010029,51.906378182488375,7.991015378716018,1.5735841087445026,3.4732946762088095,78.15569512763032,0.21759644750559048,0.0883852506338156,0.3648769502351275,25.025318582855288,0
256.51531714497247,17.856782608756316,2.430736247655064,35.23646749958954,1.9261824803413385,1.752742606968072,0.18011661565955567,10.716472242506867,0.010788913946774384,183.41443447612525,7.9079038349013,579.0900688356312,18.23592581342384,0.34778123378854,46.35587819126504,36.12728601591503,60.79404238213547,2.543478486868643,0.5118258786117305,3.221767969297344,32.23296746046184,0.7855180593907046,0.6631415620305144,0.3997965062125301,83.01773381264596,1
189.51979196320661,6.191994729968021,0.11494663026382222,3.3366028470238636,1.952280488563143,0.5589388272638014,0.21808621151735327,15.347526297717023,0.00630259322514233,225.4524429220598,11.063569107991885,548.266842262442,19.3664772456203,0.310971152036667,42.9693138623413,23.322073816828063,52.203727209782144,5.489825977588909,2.931925778176671,3.1970088205316234,83.21667848506699,0.21315869779679048,0.11013276188837896,0.26031758341287636,20.96082973352937,0
195.6073480249618,13.734110649764721,1.6988409371843276,25.529899876987166,2.357009024722932,2.3883383406512437,0.2595906867988538,13.409381057816322,0.00823978447872675,179.63977143419996,6.571975715154902,569.3961032114265,18.097176683507584,0.2717424416587964,40.584597654741316,40.85829201005387,64.11113686777031,5.6119735001569575,1.0375530075229644,3.2709556583545023,40.586521723505726,0.6461891758732318,0.4470367170376872,0.21952901003195605,73.61494393796875,1
234.4877898870653,18.775724929759317,1.6699809445395728,25.01105298000634,2.3991754551384807,2.2476327393054825,0.2417472590986803,9.93726877996375,0.005890164807007686,219.90724363245528,11.03134070768851,512.5324495881491,16.477417819288885,0.2801737998373496,49.720958181098716,31.689815202289374,44.998566449156876,3.1915190787079912,4.548547336563457,3.000344117529391,28.78018576207966,0.654657294270687,0.5726823812835949,0.1762409780060051,79.84493455056781,1
149.37031693055462,6.482935477466961,0.07857420197900153,5.064481766772355,2.019103154184256,0.6625279489282937,0.07102947257230506,13.73237123284482,0.009703614767805567,170.50304286335498,7.120255235837615,543.7421945981663,19.817146347046435,0.24831733849282803,56.460673379860154,25.766717885027997,65.61168326648628,1.9583902307231247,1.9372490215214757,3.8564786126170194,91.1364808293704,0.13304600354282067,0.08622730747526933,0.24801718028284286,17.209734312987475,0
167.66730583538592,5.547369428582788,0.06384935904007401,7.200883332046768,2.2537460757529812,0.5032799205170525,0.2603424574576911,15.963864529194684,0.010886639872998717,223.89952906376365,12.977113595452328,570.6953740475833,23.943923148118117,0.28951411591659376,50.086508442368256,31.18920104343536,68.58950966911681,4.406244443162468,4.242063393210355,3.901934580355035,81.1040225720946,0.20467116988448225,0.1260584749052144,0.29751222561915897,15.04038260055451,0
129.0853543328462,4.853281889205181,0.15138205650754802,4.506151043788729,1.4856537840594637,0.35776945532342397,0.19106073816319039,17.101158080599884,0.013392121336608167,168.8943410964933,10.027166271272298,544.3509733141082,22.376036074109418,0.2890524545048867,49.51633891261276,22.673564498411253,43.63523219082225,6.225093954385038,2.5404785736482713,2.8080427008231688,89.1403481305882,0.10727822883119126,0.1039245054290732,0.2646677142266821,24.39449345086571,0
334.11023507958316,7.220499472803869,3.158293272532802,37.2702252870944,1.2637302317215622,2.853712814105938,0.23270906615519574,9.64040254695501,0.022576025449940522,181.99631495296006,9.707626826583905,566.1379090221296,17.31606005787406,0.30639627943352815,49.44618612743592,37.29947745003311,79.16641806379559,5.000709281174744,1.1955779954446708,1.7512122239974128,31.368699011076792,0.7200211696222562,0.8422171295354804,0.32468448390558263,98.28678740128164,1
158.97892262994895,3.1677381864313916,0.08185848643457527,2.3287040594073813,1.8159288052073708,0.4404012335363978,0.22021483748260257,14.41852647973238,0.008614867693074875,211.9061727169618,12.564761950174349,615.3414398802947,16.652442856636135,0.35129210569156416,46.60135475440932,18.993492737759126,68.13921908183949,6.568374727614449,1.778313010623104,3.36591493083613,85.67119072794516,0.11495488780620855,0.06092405268908638,0.21714192399761284,19.28267245638227,0
304.77478221111755,20.294881319094806,1.1942455839327604,32.40427176193044,2.4738786272578106,3.5692327575704743,0.23319705622677875,9.96752339155543,0.011604182766455397,173.19440175743375,11.122669712370481,506.1503892151568,26.969420834171995,0.34981016527737624,47.84780888696915,17.27076626641522,46.51860303632652,8.561733336388324,2.078932828094323,3.9141142709333687,26.131749977827777,0.6945992336914538,0.6622299143510655,0.29547569619958025,96.25593249834222,1
171.66764382208873,5.296812921926707,0.1684150665464474,5.964431248198712,2.217572295236516,0.6261122030189736,0.27264412084107875,14.115282217620734,0.004839150641172273,203.4637787436073,7.327928052900994,508.4393246307573,17.650795690701635,0.37558856527084766,46.12564231631306,21.972315458329977,55.876053745719716,3.4912758668683495,2.2190706480607565,2.8555521476297283,83.33803825534206,0.19502280794554522,0.08107624597259872,0.261903850279101,21.36014315099478,0
311.3978654884677,13.39204153166964,1.2234878805289988,27.977822387942414,1.8312235299461148,3.3805834463755384,0.22852531038232402,8.654016645804667,0.00831792787808434,178.45603736778443,13.299666675857,494.11949635419643,22.681580924611968,0.23813540115116255,48.73436962389386,17.611623844247653,43.53763835132485,3.6559028345564935,-0.9884812815695461,2.979001833694382,41.027396586904445,0.656060056803744,0.6704103368147517,0.2858192825155762,72.5126905883431,1
309.9405589326541,15.0769660175936,1.9114451135889776,23.33480967285253,2.6996236737614443,2.8474411599930214,0.178567040348735,7.867665504242067,0.012233327979927353,219.84525954495896,13.06622152877006,458.74339456834633,24.472953215629616,0.2588940809961301,45.24181006601609,24.27582878178915,52.61917946180326,5.377880474625657,4.509208301147538,3.219425587310354,26.220960007673618,0.6370859769555037,0.6461260462229775,0.28052254592774994,84.56404961336334,1
258.3882205330732,15.344189624280093,1.9445022888308134,41.86784940382392,1.6782753851041716,2.372502774643452,0.2380423548749585,11.059762739054843,-0.0018287627921697474,187.21360591840204,8.13272180066356,536.9627460058581,28.274460558494408,0.2747957646266801,45.378705696403905,25.832799672271044,53.27699256515467,8.073303349068496,1.8890288743389285,3.7556543448521356,44.05909063407782,0.7718662695072204,0.693478518936368,0.21284379028720343,101.29609487670405,1
289.25613782276133,13.687977907627035,2.010901581327873,39.391978862551234,1.6411264057099288,1.778035032845132,0.18447166726132702,7.1892483879726425,0.00879452936479898,188.76612518528339,9.187912615883755,530.77839262099,22.79795312505855,0.31598913527018657,48.11528349688885,20.08833429237341,49.36733858029046,3.3714632095235606,0.8774530601114763,2.932445360453748,47.8369546432689,0.8401780423097288,0.7092607808744973,0.3559543791552533,126.77726156695806,1
217.43481799524886,17.370085294906204,2.459649995378862,41.05513276160221,2.0297844574831565,1.9976786921287983,0.13653537095270052,9.658504199614491,0.018364779979460948,213.4268267756908,10.456672780475676,510.3293307677927,19.384424421968482,0.3061326604501625,58.08887975432792,23.675360505600153,71.81852591618178,4.560011615204143,3.054202693688336,2.7567367565276575,34.25697603622153,0.8869687110637003,0.676255652895711,0.35166724270729505,61.45385350081425,1
180.3629606828846,3.844933260545745,0.19897713606417305,5.493480958459398,1.6128767080578246,0.2962082876359903,0.12686930247789668,14.852422764994456,0.005402605693303824,191.7403388413995,9.550443765140626,463.483821338232,29.83744125394713,0.35443625124798744,42.30457080511657,29.980894878327174,49.59370422701088,4.612556413751469,1.806620367947771,3.359715229417381,90.04183976959187,0.14844640702754802,0.11340705220540953,0.32405063437565845,18.030563315682244,0
263.3757020343643,12.968838982533695,1.9211933055395807,37.039628403890816,0.8264591843999888,2.9047965187387876,0.17360245305072908,7.5626554123096685,0.015300016380074277,200.55682881300075,11.807863513164572,493.556696909978,17.93843386230463,0.42451548416689844,57.6956919681976,22.60237399943603,41.583349222120695,6.184114119616841,2.8150440878402176,3.8657778207884674,44.16064472449379,0.6040237041581499,0.722245832427961,0.2272333000061413,106.25592342982084,1
168.87049494289414,3.617469341803039,0.10799199989952053,4.0178067618670745,1.5563934085869755,0.34661462672538035,0.22203376943749736,14.282422704278027,-9.04039123764977e-05,229.92220113048597,7.104689750546209,503.9686346768737,21.260543329460624,0.24633191062753818,51.6873097130365,31.434768025910497,65.85165143227181,3.6113614821814113,1.364927972677393,3.40433449785542,78.15268111794423,0.30747268076232526,0.11425877786253834,0.24502742895011745,14.26453648964688,0
412.51976950467343,11.404357987789236,1.4048420530133932,43.85830322571542,2.2806212380074373,2.075907187476393,0.20249748106066415,13.638808692383304,0.004592825303160079,205.84818986571463,11.165315824701,477.8824212292065,21.71942379113006,0.3206186370137986,44.13094885294319,14.335850228238167,71.26194442732579,5.555845949552732,1.7701531313867054,2.701075308903293,21.12042851542261,0.8773680279311634,0.7207157582656206,0.28650971498214806,80.88316332676989,1
166.6905855815675,5.547080203017329,0.2059741254044145,7.970993759765114,1.6965089671578315,0.3712115691360817,0.1953427066147543,14.3624248084051,0.003373906929879722,203.8289940424627,6.94651024846805,590.828878189071,21.53474736537949,0.33661697384693284,55.17028543810392,33.243669123483656,49.60705078650329,-1.2715182633484234,3.1210407732082057,2.3660728209529736,90.36840954134458,0.30503046732130573,0.08076005064312917,0.16125352393723774,15.75603581625924,0
292.0561907869702,19.193533908924113,2.0943832086466085,31.66962511208362,2.1483863727853203,1.7460775132710613,0.207839168868732,8.14430529107512,0.007723181952155452,219.49035623040677,10.87628320895845,504.7383069463317,19.767855869899144,0.27462243194643843,39.53280735053549,15.469346086686242,66.08733608008889,11.024307473918004,3.1331378938205083,3.0321191237127603,28.943165728464148,0.8469954870312391,0.5886483209935544,0.29226345554812627,79.2023814053226,1
268.73658179307455,13.061647325603722,2.2367976303110693,38.592680422802005,2.0700388891055947,2.0450572556051565,0.250510568872088,13.704686026073755,0.012680427073656696,246.44868601884647,7.605467334775007,462.55278010606855,21.64494781843748,0.2703301583776765,49.3419687197325,27.045495026230025,75.92783049979725,2.3398091586205694,3.277295095734731,3.670712333421736,55.34235703518088,0.749170137160225,0.5170770336436467,0.3906057212519914,41.89014961641938,1
146.2848904489184,4.896166821624702,0.0880750471920138,5.646920312257134,2.0186876628748176,0.37155472165120157,0.25367887955483753,17.255267523221494,0.006688087303092814,186.33679631243766,11.024471602369426,417.00282225238584,21.189681119495116,0.2997163855019634,44.9056705454047,20.67447241907982,68.34764403347116,5.167916270307651,2.090378047371747,2.4899420231065297,80.65547241627884,0.2142600066010193,0.08279174098848881,0.3062059226480733,20.50608230136429,0
270.35707052191185,18.556118245777736,1.8630358691216617,38.435759801661625,3.274913012656849,1.8112431423827666,0.2175592095470844,13.045670152029622,0.00017864786613840745,211.07682426245472,10.981252506925877,532.6046251041204,18.20383777645963,0.2570956822226233,52.055524866647474,25.63012875104574,59.17596949986847,6.518865261154439,3.79076533693291,3.7208738136618718,40.141853335110476,0.7999315237104795,0.7935402542699794,0.2545765921560855,54.77161277521368,1
258.09375410474235,13.537687484507325,1.6723686522837933,36.96488617741788,2.6994301952083464,2.0679439309662175,0.2581313862671923,8.78988727355889,0.016550464335406606,181.59251526632207,8.080249996756711,471.1409767468236,17.952950804084892,0.19070641051348103,54.12752366562595,25.910785668775937,63.73771074754535,4.762265390186239,2.129279472023326,2.954747047675375,41.798698874295155,0.9766673273457651,0.6378310690512414,0.4027076829411984,95.36246807153597,1
379.8766622826416,13.192433992355905,2.446349925975545,39.63616227303591,1.4157530040766901,2.2607688298156137,0.300051111222613,11.94698469204306,0.011969600253098112,218.3848124577752,9.169871479246005,480.9335211768206,21.33129509925517,0.2544284151059829,52.99446982741325,28.811885666922983,56.336376042239145,11.367437857912007,2.7760473687943965,3.514756178564468,32.212815651154095,0.7429528627583879,0.8944808190175506,0.3990531179249257,67.00355408876845,1
219.41874279944227,8.797138345697878,1.5828779879230863,39.943348655475255,1.7066037732617383,2.2951433882609935,0.2069204030617097,13.804257881868764,0.004077955288738014,148.60766636032798,8.690321984665822,390.7024847493923,18.3489711233925,0.2521316383882614,54.392332638453425,20.80002075968532,64.45432007326008,2.893525499334536,2.48505612735877,3.212934667924662,39.537145093080625,0.763174832238089,0.7446168821851621,0.34922528391165586,66.10307528911412,1
284.93724910727275,16.14029168780456,2.1064527591270377,38.76440883668354,1.5666858623031665,2.3414793116653465,0.10745784836530801,13.300166385879153,0.0054818022093831575,208.09668438204045,12.372102489623316,567.2901675471342,17.29760742627027,0.30586318012341185,52.0769427533153,34.18857112931758,50.46255609347058,8.727379604205682,3.2187789169040477,3.092369339737048,40.86567476866394,0.7834923718855844,0.7073307126345313,0.3093140266337724,82.33320191510907,1
148.88481014362154,4.823660875741642,0.040943113307965684,4.171584828424699,2.7759786736840604,0.6325532633549873,0.1731760171836524,14.359699084160438,0.015865480809162856,176.93964715885912,10.979393675500374,528.0672251624948,20.11743493244433,0.2801252851701265,53.27304824225936,31.20734215384484,65.72021328088587,3.707705965272023,0.8171956725256841,3.309445437784177,89.01643431759008,0.2265091402535723,0.09749585018574008,0.2679126325259758,22.592481456886443,0
312.6862801652746,16.76592166961438,1.925846251792245,25.10182293806107,2.2650270885036585,2.11104368974061,0.032909423602084466,12.851625952817418,0.015781375748344623,194.2615549248127,9.591488743104414,480.71447435514585,23.177992749218593,0.2788227788257735,55.36822240573578,24.347998487926098,81.60568545122713,3.332345346612653,2.103475372119286,2.077696231703068,19.258157143150427,0.8672053254109046,0.6367669549123338,0.26604390262939465,91.53279984063131,1
153.19152582453555,5.172806052697958,-0.024591435050132105,6.343422382357902,1.4667255772693988,0.4854372635859728,0.1790138472499718,15.555791565206171,0.008804074313562428,175.33270509827207,10.116637650830622,488.52888350348763,16.931884872374845,0.2870788705952066,52.28452211517241,26.519177856615364,63.15917422067316,9.721655545856198,3.077734233194246,2.7576035293583905,94.56503759900052,0.14577852341275774,0.10578279830216689,0.3068665032450201,26.96131402540416,0
156.55684616816956,7.151625575130227,0.12843367565979108,2.05085155941429,1.7487533171670924,0.33029250663510185,0.16932448688253024,14.450482911298748,0.0040254197884728605,194.34013436121808,9.079122058183614,447.68769985519356,18.068605573179724,0.28497855326286603,50.47177690071978,23.259909110618235,90.46905380387146,3.745693260257684,2.1609237474688388,3.2595771519056242,87.32457946140592,0.263886565500056,0.0793948760461603,0.2588099419209096,27.975257792222273,0
382.42632253188685,15.367983621932046,2.214846042191184,38.1586910804175,1.571148711237373,2.555220004282943,0.07823439220403947,9.01460755464237,0.021849887158482992,235.5557492620727,10.967574359864486,480.9714268070842,21.58711822820268,0.26599526828187947,50.065677155930345,25.31417513049207,30.696475493365185,5.454547858265498,0.7611155928815778,3.6034521149424164,46.94166971230219,0.946748916928372,0.8663978586913729,0.21864168453789415,50.76671543751574,1
382.8047186074505,18.481570660790798,2.4456305972139294,20.85889852089762,2.778505407849588,2.0141069067325335,0.05589782566609327,10.450092061100472,0.015165375691112383,237.792583133303,7.112353539634011,432.3997909657917,27.296416931543845,0.30310166689698104,50.83800468355226,23.959944268045565,46.340336895980286,3.863444738715366,0.8149509340355694,3.502144376192364,42.86702666740556,0.8720380945617437,0.544412103545095,0.3526884409045052,71.79714928140433,1
294.4311907643648,12.437431026266136,2.208571877027259,34.13673569030705,1.8926184386866183,2.39488117345547,0.11575006737512827,9.624621146759383,0.009075287292162714,168.2821921793415,13.999839088235307,668.3031889815577,29.113224354386595,0.2666612751032015,54.464201781430894,24.133532131618093,66.12274102564336,3.4912914399248405,3.7195953390118084,3.4494616336280712,27.91691643710464,0.7945570007736455,0.6562927200369307,0.35568459010817555,89.23108603056194,1
141.23812799140893,4.739904235735995,0.023963751945084766,3.979591732407396,2.481867745417865,0.5894273308393847,0.17737499430922363,15.290000749770803,0.010632667904205539,244.42450481370588,9.595629932380428,524.3698444388485,17.011133724936002,0.2846387017518257,49.56011085833365,27.700919925923937,72.89565387791953,5.304174895139998,2.0679943988644465,3.3423670171321707,87.50601021345011,0.09790788222895286,0.10384355955386065,0.3289248145852905,19.96181898027858,0
252.43322115282382,13.103982757314133,1.1179808375071496,21.608494949633354,1.7093581892082836,2.4352268953536513,0.24013960301570203,10.552076172375639,0.017477719897681664,196.91486607190956,12.412652510791228,468.7230486786604,18.813326262237226,0.27248241684034535,44.554544396409206,30.114914571578055,64.40637891687113,-1.1370568144049884,1.953798183583308,2.4194673013516974,44.932280588979964,0.8383483120414755,0.6846792864677234,0.3178733882161162,86.73810819509661,1
143.02145040787883,5.9807582823745795,0.11385455654205152,5.011169430511623,1.976092269915004,0.6052799330801188,0.1970907977855726,13.715039798139765,0.007530588664812765,238.2939243481721,10.473542112384218,442.97736304818505,16.54632136404573,0.30697281759399,51.568117704506406,27.274242850716334,70.75949400001186,3.0783224440845784,1.9372345475844728,2.929919020660414,77.90440846601001,0.11732938482174735,0.06769011554842864,0.283249176666286,17.869465516606038,0
125.89814552744265,4.548512663647102,0.13449690726629795,5.282283968462826,1.6569346758936274,0.4342765697268089,0.2691623193062911,13.62164348722636,0.0019980350178985186,188.50517256240428,10.648778504622358,499.2376280480143,21.978121155484466,0.27939893195931487,49.32498735131618,22.29606085482268,80.0226990415745,4.376193076451825,0.07538708894532808,3.084145973248819,92.27327901578293,0.07667634896599372,0.11757501582300149,0.29526189437310474,19.04546090787885,0
152.67641194223071,6.0080423362147855,0.04936350119071695,8.612597585759023,1.7587148013691642,0.35477837136709456,0.24067815266826326,13.314479767783476,0.0012068726335654012,208.28142870488847,8.994492446730902,465.6278660683916,21.087073935042046,0.2667451661864256,66.05747337159006,24.737273049371,43.82220994824021,7.077568300805774,2.342569533913759,3.2008426511780566,82.62187230641433,0.24582680028710052,0.0670007067297037,0.3190362547027344,22.480816229288752,0
163.00141178611833,4.256759275621449,0.13443104135874365,3.0995098539105825,1.4058417471055753,0.6357854658618469,0.15378644141356687,14.732665535386099,0.0012322499477971948,235.90784445148702,13.172390387453973,548.7428388137226,15.672644012214466,0.34667482386903464,53.809444836892474,18.662058617524135,59.11539269796314,3.4976940322821966,2.2643745682695187,2.6600116925926045,85.69639023142302,0.2892639277543501,0.07999270729368568,0.3511278915140623,18.79908309539558,0
254.87771683091583,7.734344331492547,1.8050460856958825,58.814912546269895,2.9456391124627017,2.0225268222156174,0.17923183549811111,10.21975783826313,0.019111118479591384,213.92071324223548,11.908446924592367,542.8863166961794,20.414177382581315,0.34197743340938147,48.91501387662682,38.55211651744788,45.72323005783558,2.612019843059916,1.5870081489607704,2.5213016099933236,36.1921882769768,0.7852849868146128,0.6898247374202281,0.25450823788983123,75.27047187677604,1
146.23404668366197,5.8141302710833305,0.12816871814658817,3.207900036391722,1.0319039020318774,0.49112939825238733,0.0962139170315419,14.195597230631071,0.00445095956109216,174.69827342143742,10.75801761556302,436.8200801018672,17.924072170391447,0.2336180058217441,47.55466197748685,24.302765641835098,58.99368293450953,7.101134915755475,4.318694385716935,2.981598436664757,87.82441507992961,0.2508765193294805,0.09580173407267714,0.3928170671146206,13.181844619248947,0
269.1346490340559,16.186370236107194,1.9355987611913905,21.043751770119144,1.7405415343841386,2.1975641659584366,0.19206452104746527,6.434533587707987,0.0034481230488270444,185.90078977020187,15.083704689133468,530.5529218026542,22.1033876571963,0.24481488492608264,45.04233119405389,19.2833650563163,74.11471960135805,4.215717519671706,1.8165213395046558,3.4945569335995477,65.29306513848573,0.7901502492810728,0.8108714693669848,0.2782622502463166,73.30627525661733,1
342.98040684475006,14.413804594136511,2.1841492892966237,30.742657676394813,2.1237420681630206,2.1301897975361395,0.08307740151325736,12.632387314999875,0.007386921705284386,232.35836885993174,11.659322023170342,590.0386469157884,20.137242216231837,0.327272638974939,49.799835436505056,17.37850059690914,56.68174257665376,6.103324772818336,0.30203378697654004,2.2910753906596897,47.572936229742616,0.8494508646226742,0.6791520702158323,0.3646392030451145,71.96913066642239,1
307.3281826903619,12.726499325186923,1.679130063794721,36.21482260546042,1.4497666796453235,2.620908418757333,0.21409354825897214,8.764187293090291,0.0018156971483475272,211.79911729171792,10.480291777685444,516.463593263336,18.741767628181876,0.2398560542026896,56.89524462531664,28.85783166083315,52.94085885374068,2.384921786871368,1.9744100018557387,3.270328953146123,43.5462832278955,0.6489409905975657,0.6390576434619201,0.30470909711286825,98.00525131223405,1
284.3355582468994,11.205660731802613,1.7412326289437785,39.61492543668483,1.6900414716518284,3.172806283128093,0.218103706243072,11.117948472730063,0.012879782433652074,218.6221556724005,5.377462323685416,557.5527858910987,23.853439019078543,0.2743226431156475,51.6421494080693,21.0090736320702,64.83345478570047,8.465694117326574,-0.03773257979484007,3.8111754613858637,36.77531769802645,0.8264072070702928,0.7972557149588528,0.34061812484164133,82.09092931000187,1
378.58867148118503,12.909026351590532,1.7841160084947847,39.16158277269401,2.0875835299727137,1.413854999090777,0.09980799680967854,11.415908441760445,0.002538509570030205,189.76268553148643,9.981763589712688,456.6765956607757,26.133486006007153,0.27022058753824435,47.99355137947469,14.128181994572977,63.568810945585696,-0.6131601340723202,3.286619005333513,3.708990443528159,17.226475163357996,0.6266553141954477,0.8406023416090588,0.3403916959024551,98.15412459535071,1
164.2449716322337,5.250053160759421,0.04691095928896617,5.274310409800278,2.2149469255800533,0.5709777572262236,0.24082085014454882,14.359261304913888,0.012890771662163703,168.5303431656491,13.239739653678416,456.31064932739895,19.444256517331834,0.3616017049142821,49.24570849129601,25.216084278234376,85.19034119431164,5.901202801849032,1.4145095116157766,2.8623586638015306,88.58229383274579,0.22534430839865938,0.1023591137922723,0.2599003448171426,21.926394212947685,0
135.619426890029,4.853668369389711,0.0636033899181838,1.6256098510502075,1.7426922383876324,0.6213514165088765,0.22821889700174988,14.622046568263197,0.007972822240916869,199.29565114240205,8.06732141426157,521.3155086953009,24.729996785546014,0.31996997243735187,57.01770859302204,31.302149293998184,49.53065824116371,4.863588105515721,1.907640847155643,3.123396648347395,83.60564182796074,0.20846918729730796,0.11321494945017302,0.37939829098694294,21.247349568859093,0
337.36023485874756,15.909133579666223,1.8336647251896134,16.313681626449995,0.03894856484427683,2.6807697647589315,0.1047392760612444,7.680661405293107,0.0061316862010283284,221.57212221069727,9.781218463988875,542.3649018277405,18.483146453608878,0.31031501099618936,39.628670973512094,26.301918890650242,56.91060992139885,1.1103413491582024,2.1545537055343478,2.9740961949324003,23.512711114769765,0.8041732145751744,0.7138841559811929,0.2654489145496019,85.16439788408232,1
331.46372320979066,8.56307529275479,1.7871469924893038,48.09211472187735,1.8130133067445904,3.5369439606177338,0.18698920510097558,7.54504880654901,0.0021229767406724244,166.65775879802584,8.378557325961683,585.1650311045559,23.814258611539792,0.37672389752085944,42.40803370782192,19.061826454371175,58.52885557266492,5.183930910020586,2.0529438479796434,2.3005130125167,46.67575689877972,0.8812807298475056,0.7524438844118826,0.3749354769727989,59.469203704392754,1
356.87507276823777,15.395593439762983,0.8431031689420923,24.64496262749069,3.1393453164017058,2.8561765422508265,0.12166986029732804,10.162416216621759,0.009021547077020214,172.08314613652206,9.640128034364066,479.612469262565,22.715776536086338,0.33090187063580184,48.52156881827416,35.264067504158646,75.3433708596077,5.630513649313217,2.6501878015053135,2.9188931616251748,39.493294817581976,0.8093617692763564,0.45958895308104286,0.34176107706414605,60.66100290681941,1
155.58458677163082,6.7917705253064,0.08937056391179612,4.634942406598963,1.9391328397781298,0.7059637934708908,0.13592079221164025,13.321796931600357,0.017177379382069674,192.91208030994372,9.832151718578466,453.8969590106986,20.711945580704448,0.29756598315209154,57.837470696412964,18.82098422031473,55.60358023581197,1.0796369411841016,1.02694111804571,3.037249710480563,84.28744267237313,0.2560210647267468,0.09728997946327309,0.22490508148406643,22.304806013662326,0
168.92121813867814,4.258609493237977,0.09796720909953499,8.501651771869524,2.948697201349003,0.4597824740650417,0.2698713442548567,14.532115856788112,0.012126378566977153,205.26594863783703,13.768099843548532,541.9215524081861,17.748058271605128,0.27338416026614665,55.362665615573114,21.502834890145245,69.59683253924251,5.6525957899168136,2.1740094322329266,2.9967728645629967,79.15194806909304,0.2954059823692266,0.12263253262753666,0.2717436657204751,20.99794133869084,0
123.38254702997826,5.0461207673386665,0.10187777921324334,4.208739360604163,2.661461138263805,0.4747661880522117,0.17570605669892514,15.458332850308732,0.007127012683542502,191.99374540209357,7.24457058932252,552.8453881456419,14.931591020553938,0.23332149207076264,47.51373988397577,28.796028249443836,62.23403870891954,1.2540063889837905,1.8326842241292784,2.9242159979990947,85.10843173017487,0.16919867655301762,0.07470312620914758,0.3680638467097213,13.897636118398221,0
169.24238683242064,6.34120781235356,0.1200718935839105,6.504605600866381,2.166655153052801,0.2978444968722064,0.151127967833718,14.407780541062415,0.012465098555694528,164.4832285577977,8.178022221542061,423.87479688924867,17.669866424518148,0.3041382673270741,45.806385396708585,24.35050410855188,42.2037823118853,5.522959310898171,2.496057516188009,3.3700740928404116,82.30828825045639,0.1764195049769062,0.0850767668256205,0.2684543753352219,16.643986008298207,0
272.6918475695925,15.842994875089747,1.5645832866116294,40.84470248439983,0.8437250459673898,2.018821836225996,0.19251981937191548,8.067985576953147,0.014103491618307566,235.22134784598657,10.821355193951971,533.5653199092063,19.475632435745727,0.30877863043807763,45.05961568613737,20.38962459556085,69.8151356778127,2.2341452614343607,2.3506908618034323,2.658140974200777,61.17985989741544,0.6851923402120729,0.7936274466112583,0.37607701861396176,84.62977642612891,1
151.31023243152595,4.853117394637227,0.07852585450417279,5.07746540369713,1.242969343767594,0.43500427896719673,0.19787729276843583,13.637358455098685,0.008666505250592975,205.60874356665707,9.03098248757495,584.2026585860757,22.475603708355,0.32511888259481053,45.303248732996536,26.263232059592067,62.005841758604575,7.117658577480457,1.1045111937959646,2.369153166130346,85.99506658649626,0.13240146240070882,0.12326548691204638,0.2835578802871436,23.497800900131104,0
303.9925356044122,16.93483151275231,2.2686538387537456,36.02800364748835,2.7639448513455385,2.2437923917104707,0.06842818732291575,9.614586492971542,0.007962766132602562,162.10168539198474,15.031123578882454,631.7443138657001,16.77352022741386,0.20555822381757805,48.68055201866495,37.773398198321225,63.652260547907915,8.777078908772559,2.7295691607490475,2.9795184037057942,36.34201408000543,1.0231561718332813,0.6924459554984628,0.28950523078493645,93.63012296903375,1
380.4271279156277,14.280595047816238,2.282108660113593,23.6874524346148,1.8846196523438423,2.3180556927427873,0.20258462436191882,11.922347610684483,0.014346034567530728,226.90386300751402,11.089374447542939,506.259627673331,21.617280370842483,0.30916354611417945,42.42039394613572,34.9928086183073,48.46367720913391,1.976204760676769,1.4957742894730464,3.746106221150803,43.34867047304253,0.8683194505280692,0.7859751090390582,0.19897580640668366,64.28205611411143,1
196.47451352257204,4.484849215157799,-0.0028433357812005736,5.624145441477091,2.3751107409486782,0.6138924543818242,0.22366811939793713,14.160319163062915,0.009109348512082545,186.18006222988564,10.082733795738944,519.4290462069146,23.2481337618702,0.2520677230453747,49.1704108324067,24.63452483896954,55.31075488149759,3.6248857741605853,3.0688506410453336,2.3295166149967397,74.20057520563435,0.18696880847238906,0.09874899441000907,0.3184098158892673,15.95128263156525,0
134.20990700240674,6.566611910993357,0.15448759996895012,1.6974937601537596,2.178092892235384,0.42941443265706997,0.19366631488143704,15.318010875780217,0.002942474252035512,211.36435094408915,8.512810401586748,491.94092069206226,19.16526806152134,0.34808849903926997,56.7128413444652,21.958490837391942,66.56272426115412,4.018648780174491,1.5094635045209062,3.562096797502614,83.77546620389164,0.179745131137214,0.08829806406805339,0.32083162076378796,18.131500065371057,0
339.9478569578953,11.781827812362335,2.066799207582179,30.773170609752185,2.57291708560618,2.635713511783092,0.10681021149483129,9.20438449363832,0.02273788628884255,218.0598969590888,8.029948987910485,552.3580471779326,23.09053309503547,0.41441403922651504,48.69797777987286,28.28531716912613,63.62282016905226,4.03406673297528,3.246236524769519,3.5274506361566775,26.70604587258593,0.7135139817893047,0.6329685672782984,0.22525326890201303,51.54927533458584,1
154.3715741350595,5.738754316761398,0.15068769810409038,7.3012760530605725,2.1191498975272656,0.5975311938551976,0.26867454689914894,17.2510208137729,0.008862499468218507,215.16432279894863,8.07832553359727,539.7644393566741,13.8901714596142,0.3072254406449099,48.91125397547932,18.122387231930535,60.51111470493708,5.699982337815792,2.2877763370585873,2.590162232137857,84.02429451517322,0.16651530940847553,0.11532206288177155,0.36713021701814025,11.645826502194925,0
176.5592836067897,5.295146186601125,0.01453241037044325,5.894076250729222,1.255754036815196,0.5807351277326477,0.1597799371486383,16.929081824443127,0.012198247035949732,189.00970592323443,10.158046905480063,505.8852562684806,20.043914067436948,0.3110179116223241,49.968421107700806,25.731142241599986,58.45762086268951,3.344150351964034,2.1660212428316985,3.5349496114245964,86.06179934551903,0.218690911669696,0.0941575930724306,0.340341312402213,21.862504446439843,0
361.1082797431787,14.290681538780863,1.5906443270724484,32.55181379065173,2.2059844276660163,2.6266502538521963,0.19491421805383574,10.645729334591575,0.020997013183552227,193.00226594292536,12.572016603936556,441.452404033599,14.954918170269881,0.3072450629573808,53.15201788705968,20.498799051664104,81.23187968627212,6.925591788206698,0.44169332346979123,2.104441219181839,38.09584778259208,0.6796598466888603,0.783121021205901,0.3507814351727081,72.36428940930655,1
370.41955452560126,11.198999434365545,1.9573150452895547,33.089072254606315,1.6154250866550792,1.24282470199747,0.18624731393430755,12.431330546239895,-0.0019248080654539065,219.26669499833602,9.063506433009525,402.19170585378583,17.330539863741837,0.24335875335456195,47.883557364599554,24.395607503883106,65.88856849222907,2.243870642664391,2.7170764326404373,2.3908551374920988,47.304259742882074,0.8529112278733051,0.7880490805744874,0.19886798813395545,77.95621656994882,1
117.42424366229861,5.656447272706419,0.11956510499331058,4.804986102541507,1.166829126507924,0.5383461583279013,0.2444428220064477,14.11779538077533,0.01196037027884741,172.79196320691696,11.2868736831189,490.07728395449305,20.389755662242177,0.2722650813974944,55.954737246924445,25.73952096889815,46.40019926509258,7.495695930193117,4.407749143516516,3.2568951809194586,78.68945336131729,0.16111319981782934,0.10679691533402304,0.2338723168366669,25.571880650495437,0
310.82438607418317,9.603871937519077,1.7510503334862144,25.930422981816875,2.985283896961801,1.5802889289106568,0.2080174433103193,10.219323059746415,0.006117893659260841,221.6980713596472,10.202681196799032,534.6422432379462,15.562485603401822,0.31182617287241354,37.066629168242045,27.16536716542812,56.772443991393914,7.3355620372503605,3.0097190445084734,3.729529232744615,42.172917773416195,0.9870588913351526,0.5993948215656401,0.35657446013879796,84.41592079414959,1
157.28591226280767,5.079096649625915,0.09157545551220272,5.351422846230024,1.9167473817594125,0.5018510533681159,0.2730670790598766,15.062681466123419,0.005442311332203895,185.38444319073838,7.7539373280075665,599.237712436429,18.764746674972503,0.31795788229181277,42.06783206980203,22.847391971391872,65.04154359585087,4.998810151555153,4.354390058934234,2.5771157817204986,87.85885401587564,0.22317367803239943,0.0835945707891471,0.29299152719533217,20.00492844080313,0
309.5819299564124,9.347126178195346,2.3184311894224283,37.436680531485884,1.374145660284074,2.826921264586518,0.1997918513388061,7.49986558741005,-0.0013442576354307924,206.692800101483,9.021485924536968,620.147466113553,15.067867342680895,0.42883760266635307,46.22187256248749,28.80170042290916,53.37687314768557,4.304054256118495,1.459797990397077,1.6145432130445467,48.348004027519444,0.8409507843814837,0.8189087639969498,0.2949648579444396,104.3970004812179,1
336.1108369612821,19.854444618629106,2.5222051929044973,32.86918104300297,1.825692437760071,2.406640939489633,0.27860110180971515,10.484438955846676,0.005928009347391829,169.23374141518792,8.224342485805828,488.64534366143596,24.721809739783232,0.2912719054766745,51.96092340975412,34.9944613320293,47.06898941077086,5.3236894036256315,3.7008483344450065,3.2536321306713174,48.2919319259666,0.8242417306737745,0.6945258885670408,0.27738985215845363,88.20913826414593,1
262.837090464468,14.071102991110532,1.31783995668256,34.36110588406422,2.3141892245845237,1.898076679318538,0.11958366411496704,6.792619110519958,0.008361714128556113,202.2795507712226,7.901768115563883,553.9085174425423,21.24549496019828,0.3766133324178822,45.43031942759215,24.961601033424316,55.36012014433713,2.7108574925410767,1.5600656694257033,3.610964231134068,45.244472246919976,0.8752250788477683,0.6229926686051452,0.35583172019336046,66.11627623942334,1
130.11074587041853,3.730278963720658,0.05296128890814538,6.19130316578566,2.4757075860849103,0.6587885713888181,0.15814568032524723,15.51973491798034,-0.003433929181255855,168.38408031179526,9.591853607245314,501.55427795353063,13.273462981292493,0.28099918749601793,49.470831404251435,22.543221633332653,51.49831823641543,7.386428916961192,2.0282224001669125,4.076791895019859,88.58202282965455,0.1690865508652434,0.08041748653908778,0.34259826989219516,24.266312390268094,0
325.159636431371,20.744346489809118,1.6035616878996277,45.84272090566683,1.9189325933550614,2.02913517205414,0.14692533651899173,10.652782580105269,0.010750384716001668,248.53982258681734,10.4303798534001,549.5668169689167,21.754238478533928,0.30518797466461955,50.656814029154795,34.226496429667236,64.52840407290516,4.857876814700867,3.3229944306230745,2.541378820203235,26.876882471074502,0.8511649483738666,0.7308362509622457,0.2022334173350277,88.73462862134495,1
138.97981936544036,3.9830316820569065,0.1324811860067469,6.783361835213098,1.9592730244604821,0.5904288178072463,0.23754314499017204,15.504247871439812,0.008340337584582783,233.97403194190343,12.072011202987532,432.98135598905867,18.243396775042374,0.3897130140988885,42.83165485888661,18.543777217214487,60.85826888444792,5.098750808739285,1.69029997077021,3.1856271947888324,84.52934037317017,0.24735827468420216,0.1170881360596979,0.3058872301331775,20.59342551909232,0
165.7982173287572,2.995274177269171,0.03596598494823713,2.3807956262173,1.5102856868352292,0.38777086671007255,0.18509101090647379,14.992168429161085,0.012362704025105767,205.4536735053329,10.928265129422098,570.8803619917085,20.752841579121952,0.33520723599043567,52.88931327610964,16.631194378612484,45.01223276937317,3.6927208134474334,2.5520772525197537,3.597020207463083,89.62583652983095,0.2588845285009663,0.10154709523093718,0.3340390912850124,21.888101723993937,0
158.97315074432618,5.081164061517441,0.179133654796087,5.078391035593419,1.6521143251207748,0.3797179651587725,0.126958964692757,16.08173198224011,0.002674681968530123,203.723305843622,7.80520568824051,512.8641613969745,18.020553895047446,0.33978000567482697,42.836402637050256,19.050002917589378,61.869347515533676,1.8085924035253602,1.9590902951243752,3.0418114212351455,82.11942197921822,0.20252615592355375,0.057530331309962775,0.3116979406815897,16.663082677294536,0
142.26388741971837,6.56304994104135,0.056353165723493616,8.84430281120647,1.2616455841747278,0.5665400007723594,0.15695565635773107,14.746491280105122,0.005144657528066356,184.4015856957849,12.122222880762028,436.07027493215327,23.923468572447078,0.33525292268088674,45.39557921260793,26.05622058571467,68.60236160207425,2.955173483948017,2.0888199314975746,3.066210475053997,80.53939115287106,0.2574403196457875,0.09213920700861564,0.3058899410887173,21.94600542403032,0
165.82495723146067,7.272965882441492,0.10285775689924417,5.422065193059563,2.2541557631226645,0.3514068042158148,0.1444942992940254,14.900114810255962,0.009292008136249428,183.96661382054407,9.654926407181392,562.6268000820199,13.783141220989165,0.29548305853976603,53.77007158503789,22.491612541839135,67.37852920541802,1.1584232476474585,2.0027809275865387,2.560985287650345,83.48412055876406,0.1845447006216478,0.11305348239227919,0.37313631437794964,23.095640765951213,0
128.1957727975569,5.819480249751722,0.10658335112138423,5.4643687853777365,2.098215854029756,0.6500144135378583,0.18231657384886218,14.932616552173076,0.011936038446943855,201.7311633448278,9.340377844504582,438.9164477186465,16.402779863341234,0.2261212609223802,53.35454478077674,27.62158841001567,51.14238295903694,2.4135736465635866,0.3905568794413181,2.9385753767019067,82.77568970910589,0.20449262417838707,0.06786498026370213,0.23666392653008655,17.241312001416766,0
146.03730046734736,5.897882860046541,0.1205506184996799,2.739288056710733,2.302326242678093,0.44096709042322446,0.2492599059723313,13.943527308623487,0.007508065479180594,177.6292742367061,9.367274261904303,532.0598495073256,18.760709153522242,0.3530101686937744,56.21393745090376,25.959183122631664,52.955977342390995,5.416451965163625,2.6932568653039213,3.209922321785683,80.0700285895034,0.2935570795289701,0.11036705551936717,0.2601481247812334,30.350059712869573,0
297.0736149280311,16.502727946503803,2.0875379835717673,36.27139322685036,2.2536737394494617,3.50574872882076,0.20919407201302334,9.197982370116979,0.0003214586975233993,194.08183890255307,12.029944283530588,469.8603451753669,26.147038398595683,0.3346183259959604,50.38679522255724,30.3713654494698,38.35920321690276,5.551841657329513,1.6698773437982486,2.9201239010589184,28.99718090253171,0.7466015145263842,0.7606924875830458,0.22080154724126985,72.9652028784796,1
308.36488547170546,15.996824958356395,2.3082663103579315,40.922909745485,2.1849060754368734,3.148341937070351,0.26346759023661126,9.398818443282542,0.014109537636203692,206.92816285159526,11.344692238554542,560.519236073756,24.828064839664677,0.43790416955727346,50.215938649004904,26.148117688830727,44.01674940330997,6.725073989569561,1.2854449889087851,2.7804837639521867,31.225323298896576,0.782690582294763,0.7582028632001958,0.24326463273509355,81.5833980823115,1
272.71234002436324,18.34119560364005,2.577067212344788,39.98247660961557,2.158084276949243,2.461994734732206,0.11736342516899413,11.143968498796323,0.004785245253390701,230.00091244238408,10.90696781049438,548.7464156133703,18.82309463466473,0.24201692469881833,65.39714161429315,28.52832297690682,79.58001046537534,4.668255503545483,2.233554146773431,3.247177063224178,33.45939374620248,0.9312352131035058,0.8156525468389918,0.2536152073430477,84.27528012870108,1
367.2892436880056,15.40636975098037,2.329041864698599,57.958996299587824,1.8987286973723678,2.8592642303391935,0.2754236884178614,7.420291051894025,0.001958232453734762,199.68924532581312,11.127709101465976,499.34566708270967,16.650197521579493,0.3299545312403691,55.67143026531667,12.513626675794475,25.10997320467842,7.82012839211739,1.5706873309260838,2.0214116835525933,43.380038224389914,0.9532643277980611,0.651641609615171,0.4400043200137211,79.48530887071581,1
210.82295280405089,10.45027308735242,2.0190492171383916,37.216158492044215,1.9131001497143274,2.315286991973954,0.09800921567929811,9.71248991516926,0.016574895307342425,176.99334074436933,7.60049148701346,498.83611029195845,18.302379944796943,0.31346827916555203,50.35900597316907,28.21772322603096,58.079991116506825,3.9144333956571913,1.7834186420410039,2.9614968124452394,47.676679389254694,0.8706258955684124,0.6276647712977598,0.3014934470834133,84.19352475792448,1
217.94888459958807,14.144297154046889,2.3349807376687637,47.671479951601576,2.218117350494204,1.8756633132179144,0.28344716348146004,9.60145080853775,0.002765172375607745,187.53736102720464,11.274057795872475,539.3862620793469,19.569245216021287,0.31078182980602154,45.85020596364024,34.39075047256509,59.03668771457731,1.6707734493931143,-0.04128194239915165,3.4929433630735827,32.21758636162727,0.8919483363814645,0.813056178932908,0.223467993668135,97.14981165748696,1
171.63546193218357,5.2428679348717155,0.09943812322983847,4.8692790952685945,0.966591347513508,0.47113811837322134,0.20658768331564697,15.23995563504572,0.008282888200283356,193.41380446199918,13.821217199684973,512.2337872014194,22.717022788119387,0.3205242243760916,57.87901686932942,25.97899233418232,55.522383557393226,6.904111669646741,2.0715622370122695,3.071573998605344,85.45957860595824,0.24216807433555557,0.10015925393211567,0.19746562896935693,13.32440683376277,0
157.4363782566057,5.734466447326503,0.07588039431326576,7.741279750450806,2.7240685963752718,0.43868282551447657,0.2153758104942042,14.870791785047102,0.004504197261020897,185.1720108363717,9.181594063971346,413.26260481473366,22.09229203151109,0.33066413360443664,49.97045733017393,20.710299606692548,75.63386602480574,6.421006155613981,2.270581417746396,3.4300257548042743,92.2409783122228,0.11370802852010498,0.0983631873336982,0.36320086822701114,12.325238559989694,0
145.46048190128022,4.728661465002398,0.008917795104991022,2.885437477806868,2.7506051438589747,0.49481650837137453,0.09709450710813641,14.746305543349973,0.005467881263456286,185.17105658226262,13.82887397381084,510.5225148550438,18.91868692252198,0.16979127306359806,45.025093993219336,24.022863624356805,60.94139415087831,4.875706237719536,1.081674383132527,2.805091473336384,85.22187104582662,0.1332930476354415,0.11272200271042365,0.3308141507287556,28.194075231742577,0
164.00187085891872,5.71408540860915,0.18618428075587773,6.12316062126157,2.233422860280455,0.36556303520920574,0.130476031828572,15.485776927593038,0.009740214272560818,205.07029490674054,9.544473073738548,499.979825937991,23.82129661682266,0.3145841201245511,41.06480393943093,24.287417982339797,44.907202820321764,5.225720982177499,1.752113070926836,2.742145729465414,83.93464218584374,0.1495852732781886,0.10311268710765435,0.2718034478894279,23.94303443348912,0
120.43506320844797,4.786478985759376,0.16639694008987535,5.700043742459959,1.854715869903943,0.4969886418514688,0.1909888228746761,13.441477781296348,0.010272811749449337,170.25169108509496,10.265005212513765,584.1375253180753,18.918338409380762,0.3270327985528017,38.673132586605426,26.73697385205502,47.91104240191158,4.924717514000055,2.4325903954183636,2.547081123245805,75.91325129132191,0.0841552038990709,0.10148342353636373,0.29038266678031216,21.935379859014187,0
161.30971806343905,5.138007705809074,0.0460678332973421,3.3223270805414105,3.0549125508888526,0.5451187325560894,0.2235484709338109,16.540805704440373,0.0117787461428697,159.32815611177517,11.576488005529445,502.05345488404924,18.00518716966157,0.38096594244078047,48.483608611200985,35.699196132942454,74.28217202391956,4.9524139394350115,2.915170424743522,3.3966915273591654,81.87772792111596,0.11035843085464601,0.08170337406962731,0.33196763690909226,18.06746487946178,0
363.6507911269256,10.977336303034967,2.1405786846714188,33.62102935860919,2.1408730937703244,2.9163132587910683,0.13710930495636026,7.951838152949481,0.004616064614117203,208.56120244682768,10.505094324727551,462.22240345564256,19.95954941369078,0.3976488483313394,44.43840635427807,15.496893873413347,63.70903872446071,2.826017631662194,3.999050971659908,1.9695697056756367,32.12190524074887,0.7283758178040511,0.6565297545502982,0.29392330105482184,87.79374918639364,1
142.12426180824286,5.566536840335397,0.14772466404621756,5.913999313314999,2.1947746034653974,0.4358034793875375,0.2135099533565203,13.569041242628687,0.008061634970033645,213.5395297173799,11.194866699039954,505.2352847510289,17.776993169758633,0.27561253014762355,47.32336314352229,29.977712871698305,39.367433173192666,2.3115090128484597,2.882730563278643,2.843567900468139,79.73581906017893,0.12386346569253111,0.054706573928061754,0.3220435536758519,9.484843435715284,0
268.5457476484924,12.321334550921664,1.5404431371351905,52.375301248843655,2.6267292994719234,2.006031592078198,0.1897525619611558,6.895662832536917,0.0073934060810246895,228.9541812003762,10.895146848720458,426.87764636172824,19.940667453658083,0.28070686326778604,44.847447158303424,21.673672776053312,84.96547884977915,2.0965711947131918,0.11113975198770809,2.470080495029033,24.434651434152173,0.8644751544007689,0.6002204399003706,0.26883661562557476,68.70021550539705,1
167.57879470979074,6.284987831403824,0.1432475150157848,3.2910112957929485,1.255936317193613,0.6626440227234203,0.18079696585116656,13.234422160947956,0.0070612073111242495,175.10237832727523,12.329846520822827,454.19559213926493,22.388779776267963,0.28729186415777613,52.55958020664983,18.685255137772742,74.27731777087746,3.8440569197815364,2.3751719723964713,2.471219059662232,81.54601807347912,0.2575101280568518,0.09162238277971405,0.23009926886623408,23.688494072275915,0
175.81271919154466,4.3664452047442,0.12323382102676633,5.441442094766355,2.2288327958556824,0.4225229069861949,0.1972149509593067,15.226618212842661,0.014133866353431102,187.21644007770328,5.016096084333046,511.37274284896324,18.055708023759397,0.3047263323973828,56.48913280285705,25.024543735222238,56.38430608770302,4.400089803535713,1.8270819817397697,2.888705004346325,84.3228772081365,0.21970259985901455,0.08839476046379872,0.22274424597929005,14.062373592756392,0
382.32867011256326,13.414707177696792,1.5251562262403309,21.034182814347595,2.459220475647894,3.2382341516804787,0.2750818780035416,13.341924846252875,0.0035646984517775384,195.43253820352822,6.848768871174763,589.2576709273075,18.803280622011588,0.263852006256426,53.93065443049676,21.648257123617753,53.626091778392684,4.225864257683763,1.5685948578369144,2.2447506975091853,19.834785033988993,0.6809645030059248,0.7714751976258347,0.2936643787169311,66.19590547349596,1
436.7839343719455,14.37882436779109,1.878095254846732,30.708920786544425,2.447582742844883,1.9574722370635311,0.2589816763117286,14.047226372048147,0.016137888541280187,206.1541156019118,9.479529052223334,594.996512779585,18.496671127003356,0.4595200429564371,61.46158262850955,34.098049670281455,50.275624715145725,3.8319046456166768,2.64284643622145,2.995531458963457,32.02595107461813,0.9182709461368928,0.8173693836811451,0.3416527274056592,72.6988229731003,1
326.0644116985547,12.972076012863843,2.097380041288683,36.27802489202985,2.2765206818717187,3.598711287651744,0.21036157680456016,10.198999556720496,0.010032349092367436,240.121925403018,9.652526962947324,480.5144874468408,20.65456374698848,0.30219563078185013,56.61710334749422,25.439535113509816,82.4436715627731,3.0743008894227297,2.8697642487441675,3.826683772091597,40.42269020087112,0.8383028002666572,0.762577477040792,0.25720626593334195,81.80867535386223,1
298.2593750818566,14.001401246514897,1.6650144827064393,41.517028606946496,2.4411943303761277,2.121687342858744,0.22707082134137307,9.486280904412661,0.004663996675564099,204.50032212248078,7.19871489282942,546.592632598731,20.545519395199246,0.24308662311197235,54.671738250528904,28.127696794864125,58.1552331088616,6.8453220290762244,1.2032945196523406,3.503986482911655,47.177298014890056,0.7716368205124149,0.7192460663637271,0.29203709972080305,103.00716155456763,1
127.70415226320807,3.4331047725107746,0.10347438262134044,7.197860555504517,1.2582632012652633,0.43008174914496455,0.28087018944053027,15.753344610520525,0.006814039621044417,236.9574204500346,9.845794702876352,526.276192735609,18.6916783447907,0.459096922070616,52.600576629134565,27.020527057213318,54.26318326820966,5.7673722639746305,1.5420507552152,3.570135334037906,91.19451286168913,0.17825522285430034,0.08801750712083471,0.28234369951646265,24.306409068047483,0
145.40151388478773,6.661639079369353,0.11913260832554536,3.7559286054169054,2.6589583938159596,0.6366275657738122,0.14076545027606796,14.861318893165947,0.015192438671821741,176.1578591211819,12.662393890448946,577.302917434829,20.95326036412641,0.25938324840082067,48.55410417482545,24.582229273738896,47.37955728828023,3.090478765804159,2.2257828322615154,3.6493333646651083,84.07029642969759,0.11662958144242658,0.09189798510569111,0.22523985991108503,21.02360391784243,0
186.96598742617167,5.067828937889649,0.08459357436486274,7.307976872180922,3.203327668856799,0.4362732684752948,0.20701704813478783,16.820355661924577,0.0071648109291465156,194.8766483609043,7.034499022797238,553.2788207735668,19.41630904249388,0.3476631119635862,53.6007239085888,27.00882150724539,63.43317433952986,3.557645094193095,2.0120455451659733,3.8118389425353207,89.03399258869084,0.17756726244675933,0.1285001652811021,0.26161237563181805,22.682423764165854,0
154.11089779302387,5.364363319023336,0.1629488187716986,4.331171597982354,1.3077443139081724,0.4541092562653369,0.15899883891395583,13.21752501211642,0.01303971262840727,236.43226235185406,13.007215556921313,550.2633862934711,18.188997530010163,0.2926417996560536,50.11757043307755,24.696697731381526,59.14799663092931,3.463833966142044,1.4331309129501828,2.823583502783173,78.38025097319644,0.21505740284659444,0.1048587343681472,0.24727689558374558,18.84012095414289,0
152.01175608310277,3.1589311793212254,0.14771732858042003,6.110999334230433,2.1310046515241585,0.3661779551920534,0.2635092463663092,15.219016183989421,0.013023783241751312,192.4237076081698,13.102541984626097,417.10663352403617,19.603189103300164,0.25108756683989664,45.58817006341692,23.019341774188256,48.46063139801329,6.2229938130087845,4.262009564169601,3.01111801084059,87.76562566021032,0.1695767600630474,0.11858610758465901,0.2679673273881771,24.203916964233848,0
288.67139329973867,10.22230402200005,1.7642927421672026,49.03709183073425,2.7866855874080754,1.26642457365321,0.2284545571644873,9.139287282182881,0.011940868224540846,210.33735894854652,14.26209407682334,444.8848757978287,18.207985911931054,0.15058261535410808,48.56262818930808,31.570463030657276,61.40371952534347,-0.2979253085588867,2.537985205079255,2.293158520657797,24.82407055509561,0.777042259218495,0.7774366692892628,0.40584108832725374,107.03710959727935,1
294.34438773108303,12.918430355261602,1.8124563093828778,28.625471082079073,3.2439733967198796,2.448149850158515,0.21733733073922606,12.445338914555869,0.011570436618918316,229.92970977563635,11.382097267551252,594.9640364907063,24.722764435178,0.3730078708625591,44.56501942897807,26.856900326983798,52.570834004037586,3.5868449311439203,4.225140154888282,3.0706206928254747,30.11249547719899,0.521386939182932,0.6653332907767141,0.3067427178322845,76.85550907018664,1
172.9467597427112,4.489074681003304,0.18740566467435524,7.41494984653909,2.017965039178583,0.5170809747842822,0.16857952486434963,14.844677698399849,0.010755002991275804,205.83797829477027,10.114176825368018,388.98436780953386,16.920880167354575,0.3305431938995291,57.843114371900555,18.057290093896768,70.94611709778624,9.332558936786533,1.0322505100308126,2.9543396915578106,77.57246959982638,0.24056140134516557,0.07905412538727533,0.2915871496967294,28.897290924181714,0
164.33101202886445,4.168952362165276,0.11430732948236588,4.967885083792138,1.5642361357098933,0.46931330040415764,0.21182382806334654,15.10004553314758,0.014532090690005535,202.14628416782494,8.589691098648506,454.72511326062863,16.922046089610085,0.33300686627689496,57.30024427053582,31.138620276802385,49.96781176497837,4.924728038539863,2.4649868917236972,2.930107134866368,89.80495104547407,0.22010392023428166,0.09783409956153356,0.28929014004625914,19.84808270992183,0
151.50700338502168,6.088504892924483,0.09757605552589743,3.260668718197723,1.6619802216625943,0.5024826739114925,0.15441226622517473,15.95173281367922,0.007449642049033993,201.18386941398242,14.023013786340938,484.43100269477225,19.935522317863324,0.2979794255079784,46.80981480024748,28.204080478707745,49.6690545920918,2.1166144167183925,2.278736317178713,2.5906127402602466,86.18442632551691,0.14977766674435733,0.05570957605745499,0.3206810408822902,15.906490554051125,0
298.78855359622355,17.253664752771527,1.0063747025431744,39.05204958598067,2.3195761358607685,2.3967881455451145,0.17697930959216737,8.944043433643513,0.013001731006237718,223.59892486927794,7.842336305301176,626.6580294268274,16.94445120185626,0.3049020373009157,41.05970606369366,22.61498788235812,65.078642892138,3.2854235142650428,2.660653517018031,2.608567017417577,28.834167803028198,0.7093050128450044,0.7763065187672455,0.29858922650195535,80.4147776097404,1
319.1629175437969,16.19837053328045,0.5189719700573687,46.432382632208046,2.399353992842592,1.652486828038895,0.1733006909693438,6.337979762314884,0.010006505767555572,197.12297819706163,10.399087514513093,408.1724810336442,19.03866673932329,0.3304778715687064,43.90020075656367,18.960308024079602,57.59287496625563,4.048632604044087,2.9307613470066145,3.286927597408335,36.04436530670823,0.9231711760847724,0.7683245523858192,0.305868783149106,80.18879695955528,1
306.0920694214257,15.799479681043248,2.5473633365670523,33.00333471466861,1.3706927958736341,2.840073996943306,0.07047624346080548,11.00260009975494,0.0077755769412828375,224.3733686576714,10.120896869367126,541.6194145379837,24.65386400476006,0.26266978307928224,54.910881840407654,28.80215836495493,50.87133130756025,7.321342306468617,-0.1417144895703049,3.8867185635796533,28.83312900812677,0.9341526111243289,0.724027948073953,0.36366223717248913,72.45373167371987,1
160.19904661181837,4.612113001449478,0.14260258500966075,2.16060129272222,2.3968158371026362,0.6355399760871683,0.20268218851738962,17.010032380828783,0.012274878410717265,209.58382146238466,8.500707566996363,435.1400027573569,24.799502899113683,0.2437698940485271,57.047803567321324,30.35756877646755,45.210690214487784,1.3306543723234632,2.733557244818083,2.6967036535858577,82.52262924264973,0.2163347623372071,0.10472602739583253,0.25024946198585407,20.326057031363888,0
138.1096710958714,4.337618645706898,0.19734846403601522,3.559791954431417,2.135256300746581,0.48560058857991706,0.19705051080484487,14.85808366397554,0.015140881761939111,205.15730366919334,10.516444173529335,578.5646960933493,21.972441566362345,0.22040805225607224,58.323089840076626,23.526508894888366,58.728489124855095,4.767273999318413,2.8356745127316803,3.2738398308605605,83.59904826824018,0.30334602928254517,0.0743194932269219,0.29841018236977096,13.514294990075594,0
223.30445060985602,15.707943491070827,2.4667391042631066,21.05674561731024,1.6525994104081394,2.718683541920395,0.20424564843576848,8.23107479964405,0.01131145651050369,173.3089241091173,12.777595230669233,432.8511351620818,25.252543975580824,0.24316715574093964,50.89339544491287,21.253911661585022,49.415390278222944,4.51538956205842,2.915863024643495,2.9673178543672543,38.94399640046407,0.8568146980559238,0.7220693360959856,0.24366740543187543,85.01059792450384,1
140.07671230154727,4.2622735465898165,0.06460386624003497,3.519470806844783,1.5435393095541223,0.4378677956246221,0.11343104381212084,14.268531492195695,0.01720895287353901,217.37853625792363,7.8478528677272115,440.2318411863479,21.294685721532403,0.23482210005452944,46.503522682558035,22.86118916423994,77.11377159526842,6.573690092254766,2.9092074041488107,2.6260584705601704,80.43133686030343,0.15243058340895424,0.07734570345729955,0.25100333707630273,23.355848188432567,0
280.685019183144,18.0663809065057,1.695628274377007,21.808876480359707,1.7263398808249264,1.9668327374087082,0.2610695015527167,8.072537758884977,0.010420914721565182,252.31997189477232,11.088123595825088,443.1321452873112,9.128655919948173,0.32999551348127015,46.859623591641515,13.153235668274299,68.82736635284593,6.360289881802857,3.1214557098710736,4.463154853071335,39.126141947595464,0.8526149639703273,0.4855139961736384,0.24512662533942706,90.2641422047555,1
303.24196511096676,13.99350734410525,1.7089201994626226,24.458790311200136,2.2459819074302283,2.5986751662993512,0.17879746111923375,13.752039401640543,0.006791593134214266,203.44049534892108,4.907287784432101,461.7825103029944,14.540435175727447,0.3159806813150088,50.16601160569545,29.825483191959385,55.3184286699135,2.935248065857437,-0.06796381828460688,4.189819769266995,46.44002336979284,0.8024623893510767,0.6071101204897503,0.2096831315567833,103.34848216194827,1
328.30073266035436,15.092541716323577,2.0010266232813825,30.52899299552322,2.0231578929362315,1.2193507341288374,0.12434946063880997,6.811503433213079,0.00464887767974683,248.86352892256366,11.428938434760738,467.23750136108856,18.844478612364572,0.3178742112569106,46.77949056637841,26.005794432524365,73.81549004353364,3.670540999329256,2.7831111725893,4.041846189168404,60.27427711962445,0.9295293973002297,0.6598802166266861,0.2405924666532183,93.43824305498495,1
291.78326460721473,15.958447279686624,1.743472544690221,27.63861672887581,1.840000996820283,2.9751440231013953,0.22628525837918884,12.730979126183215,0.005328156633165922,250.73363564764142,13.390598789274165,512.9144426563188,22.347239221138196,0.24212087593744636,57.514690260936824,29.796440516500112,40.42021388757613,3.2987266028071227,1.5811335699768634,3.22819087384605,50.664599682663436,0.9476439799439189,0.5730286223756649,0.24558229323025807,79.77263347591028,1
253.81753262420222,20.39724426723197,2.205507986610958,24.149692614812203,1.590446865397932,2.381186303969948,0.2436491539774924,9.348328050515773,0.0053985026629927305,186.21310433958877,11.41984295769218,480.8664954801483,24.918670357607247,0.3537595529829461,52.912751770833914,26.14699881092845,64.16317190464801,4.816283830851481,0.7334417407680821,2.1381739622298097,35.00719716846779,0.9573036376689487,0.894358082120054,0.2735111252830675,88.75821699206713,1
152.31542420999705,5.991094603875541,0.11875970875204868,5.477934153599673,2.0682790253534336,0.8131787890789758,0.18966950895104728,17.421797149623966,0.007522596592545055,190.60375326375478,10.51109931188813,519.8601783706907,24.523440928677413,0.30887815066549673,52.07521963814276,25.879169034229992,64.91510791389429,8.304098474464196,1.7582843654866835,2.570145833175752,85.42725632772269,0.2318333606320411,0.08676081965951311,0.375513023572532,29.68778475100289,0
305.6470072619671,11.734701637650529,1.4336611370735655,46.31740253302662,1.998934323318002,2.0927751626089313,0.2251725726795697,9.726393824850085,0.004952735567796956,189.57003665507472,13.555610431682235,453.80618007370737,25.829042197210633,0.25992364513047833,54.70439720578102,25.064670333732,49.90218636009743,3.3207545288066718,1.4870558301680412,2.8290670749882962,53.49954759158148,0.957770342966589,0.7768133507275536,0.3001358330614539,84.98286941733754,1
250.41728370683364,14.63728043036869,2.0312244471095124,34.39743758759505,2.31733328093346,2.3521900756053054,0.17861704410246068,13.838834420037141,0.017358243312332235,234.59698677192006,9.75650174642897,509.8627897236545,22.71418855987737,0.2622071641736855,63.273130084559185,25.13275862644352,65.83936213477891,2.4673275062812476,1.328628806060398,3.208122938378667,51.28750168348295,0.8424764189656881,0.5335184769046131,0.317339715869183,79.84514854047126,1
251.48790276172795,14.792793194955403,1.571652802626355,49.116058603993594,2.0845732282200458,2.0201791311199044,0.1656134207721805,10.826738078678988,0.008461310724585676,185.99485770993883,4.959258697221573,541.2032189087264,17.15817042177673,0.3491284601637383,51.261165653179326,24.836566088028814,67.24294270132012,3.537193144590547,0.958825514892342,3.39677875500812,57.243769279879075,0.6697210918424858,0.783815530087479,0.31068925935859243,82.82964960389639,1
303.91036506058094,17.746755941068606,2.6963459778865775,18.10595127761928,2.8892219832056836,2.566772868358397,0.1656815267884638,11.144199308046556,0.010344968174143331,198.95430309107005,9.020248740784522,476.2243844727313,15.659623025111609,0.24817416637323428,46.142899204548044,9.474202962143885,49.96306802299802,5.896647878019965,1.7168431923995864,3.8231610626911814,46.49769591456693,0.6430982555260499,0.73489186848033,0.32842387522531286,93.11387551435337,1
143.71345413141643,4.8368944420915545,0.09031078198372783,6.591936731023678,1.9571646984280957,0.5454242450914518,0.18348968550557973,14.022770222778988,0.014618973587265778,205.8618451422133,12.613016025807225,501.27300093754155,16.645657988704944,0.3542255200509644,41.46231708655797,22.69332865978712,60.40385091923863,-2.575509567801528,1.9242977169044349,2.6644997560009025,90.71768605276604,0.15276757284558673,0.13321188016454794,0.33672943493304597,22.828867619710916,0
180.8885486337078,14.719280943682316,1.3548472162385368,40.76510065167126,1.7428404617381366,2.554376598378853,0.34829721412600834,9.944030556985526,0.01142672487174219,208.92448299247488,10.046259233069936,503.39813213971365,17.772190130624757,0.2763641243541686,59.081153636466055,24.10593064349724,55.51639448885288,5.6277888027738125,3.478060749573897,2.8523686440258635,52.14074420942056,0.7862620129305967,0.7713625811146072,0.31170615939703633,67.72530268260837,1
167.38420523355683,4.907732208080746,0.003530844816611123,5.140758029462004,3.3094381582051504,0.3941426082601894,0.20435744330145547,15.339565935274075,0.017562649011047957,183.4449721820424,10.649959736371496,506.712861816782,17.80524934866351,0.3289805114865943,49.18306379740066,24.96146182986716,77.58419505841185,3.8404701248150297,1.3263596134437394,3.2928445168174845,87.19452059275697,0.02223020601500927,0.09530732686958865,0.2837844568564932,17.61269444489286,0
336.26743623507605,18.646268840298113,1.9658255665706184,28.074854004987692,1.8989802364639412,2.2661843727065714,0.2287490077397265,6.922458450013051,0.015335354813836502,143.03941298740205,10.729699897049962,467.18924820005657,6.769338025204427,0.31312297961769187,42.80794728416464,23.69992980645464,65.3590725744895,5.220993282932377,2.964710701834881,3.6306326650433878,40.93562535491719,1.0569792969877472,0.5554053021464371,0.3101708189976214,88.80412243276164,1
227.4602033515772,19.243407196605695,2.7531738438920774,42.962307718304146,1.6075212542032444,2.5600224955759483,0.2771984931671829,10.875485422764376,0.007240349226270524,201.01690593413434,11.351026514917015,478.9442741519233,25.623967204331727,0.30633086961869505,47.211184233919525,33.01827256022751,60.867603121045136,8.414671866153386,0.7829236120536935,4.006297983603692,43.05462152291553,0.9134721713712987,0.8023934917686565,0.24597441802680212,105.14151216743424,1
364.6527544797739,14.958731557913312,2.1423064634374085,31.56553031002822,2.2958016245594,2.589553501859814,0.2713299834053603,6.629631880074486,0.015205109446100056,179.59786375379642,11.168449422975083,524.3906433944649,18.61418998153615,0.329053159237414,42.28122593562748,19.343069515183892,68.27368171480333,5.978993261971066,2.5512678560312536,2.651123420867127,57.963637298685235,0.8594386235475416,0.8213009587560824,0.38306330439308356,93.7674344563053,1
150.53765540543657,4.579466465355786,0.07402896147434791,1.9158038268884967,2.085147682136346,0.45607542084104674,0.12446667373824188,14.330666948235903,0.010120008803351342,180.21719134160097,10.186217105986561,514.5037577105417,21.64024158322408,0.37941409754528643,48.28340313267951,23.523892104810272,56.709963114070014,3.764527186592766,1.260117488564111,3.171765752169754,88.6767742721637,0.2247674191273689,0.10834882144387976,0.2552266579312316,20.002043892451564,0
176.31047920359677,4.818003873539815,0.19426498239885157,2.717961232389835,1.7163189169477049,0.6193243458726181,0.19064875321828656,13.522216617015719,0.001705031141406841,163.07245837862712,9.955218124541366,581.6782588433281,20.954129110307033,0.2785736612709393,44.57198859591082,26.935412972581005,51.63925418197278,3.8752254297369246,3.5533143944268377,2.961585348173325,77.1803560564025,0.1481036397686614,0.10097710513581903,0.35741726053815887,24.81396808747518,0
142.6699488055781,4.567841795148909,0.15768056511446124,4.8153981364490575,2.039278717031218,0.440249416689317,0.1844838717247774,14.526642272336623,0.010461697590761454,155.83327633750517,11.588986102657389,506.32726089609696,19.047400924091946,0.33689458876494494,47.678855080875806,19.11334093684837,60.36876756832249,7.648177538848481,2.4087503183762733,3.000613034166995,77.97237799337293,0.1501178850653843,0.09400491600787704,0.27081182681188526,19.242977354485785,0
291.16871171576116,12.367266344019836,1.677717811253761,46.59420888681997,2.137850611959218,2.1032195242177782,0.21754130158398605,8.291110456900363,0.01206676271824882,188.9030450585745,12.282767188855704,480.2444227205582,22.615700677523492,0.2202552935041841,60.34367823479902,11.519776768078867,49.18489389147736,6.551590436355055,3.2129498071569214,3.0172295329957497,37.96640982789748,0.7375323703833097,0.7913282315463908,0.274242093310469,102.22694060602497,1
148.97846910040337,4.339022027185626,0.04756054391114958,5.580728368374671,3.0564923110014433,0.5414220669570523,0.22789505845126165,12.372282014667352,0.009424862746276557,193.1059350385223,9.586609511055933,507.7276437953151,23.11690155708527,0.24884155578191106,49.316126837480816,18.58796178178802,54.7705239678694,6.0783642374814075,0.17572110216177883,3.3046985255242634,83.6313086448613,0.1704767332269247,0.12265863926381507,0.24754555517663124,18.285740890815138,0
103.16632401063104,3.8694175834483127,0.11692788509615858,2.696222484170738,1.6791343593719539,0.40174522399870544,0.16596256145671245,14.64879004790663,0.005935492108006488,186.84648715545435,9.813267780356496,542.3043131769195,19.49951388945257,0.28408741980179625,41.19836288606644,24.839361694529448,60.22688525624696,6.887529849956355,1.673358841092144,2.6774980855436894,93.90282855198271,0.16649770108952153,0.08947989531820202,0.26067344245155516,15.794894563592429,0
120.51242842805681,3.6941707475779397,0.0304355999428516,5.646096073726988,1.9676475328929317,0.45805966093811423,0.20718987871476502,15.65020318868615,0.002033295435842105,221.98265801893214,8.013501120638507,552.8574049548309,18.224106063337295,0.2796168887087059,49.07728822347749,27.406212334139994,60.30098788309349,3.2822857968470425,2.4613009228250657,3.449089070722791,92.44865672867176,0.10153859307018247,0.08794147198822255,0.3936910583379295,17.905609412569998,0
371.8440710675588,16.929156667583875,1.893516683901075,35.566045718505364,1.5778956459502382,2.279923195530355,0.11078296417527829,7.930575325187027,0.010530642992157717,217.02482375286735,10.506028913251397,505.95335295684345,23.302778856912155,0.33531131911360484,53.99301060952691,16.45437871004081,86.31166442047451,-1.7039007082430684,4.670282815902792,3.203646427578856,26.991358187117598,1.018850422101255,0.7365653781794352,0.2869725112699255,99.30424686254392,1
325.2093897235,20.629985241331532,2.4900690170049216,45.0010084855301,2.3072469963531574,2.5297323748692357,0.2125684120566189,10.46075540658423,0.007443733045439625,196.74911675147717,10.46689481950129,496.22731500252746,17.32069181564266,0.21773620091704557,45.910869556878986,30.496286566554488,65.71163641024016,2.47800387914436,2.464457115975952,3.425552181450017,50.06145546313105,0.7719914026181045,0.7438309988988464,0.3626210864385776,79.50166423713128,1
263.07348425727184,20.18239933571848,3.076304777745605,46.30752093461893,3.185380459869873,3.0188181159395255,0.2597894143428331,12.15992829726957,0.005020818558934579,207.2405368859436,10.504713383946077,582.3269180940601,21.2546522193532,0.24688890126462293,49.676601945763345,31.96075704691693,60.82884605136197,8.17251947200563,1.815801196188371,2.306983316281254,22.685147094462472,0.76885008745843,0.46903979951684954,0.3679228645994417,73.25584937941728,1
272.6474587412133,15.851258072412723,2.8992467746126924,45.936435359226564,0.9508528875842834,3.302761752134597,0.22737099640710892,11.696928494674241,0.01426810752215199,222.43200727024015,6.678047984255719,511.6701163447925,16.613760023702614,0.4041009597721611,53.19011545155203,18.291401223686,53.75992612025043,2.208140018935892,1.7800814872632884,2.9666115570340037,36.371598114596644,0.6606705782657549,0.7749993597470856,0.2508146648089592,94.80522503033872,1
159.74293386922866,5.657790295979989,0.018774983419740487,9.904142686675744,1.8988231026550364,0.5402480841204973,0.18311480339642672,13.935252737917116,0.009903756865323531,214.4987345998869,10.479318580375677,535.5705680910811,23.443871279734815,0.19072149368867358,44.02100896333029,28.136290757575484,43.61094316128847,3.7023679685056865,0.5057962933671392,2.4502327683413174,81.52113858179368,0.22976572974319337,0.10197600731925772,0.3286587593305577,23.109961952108552,0
281.106800611821,13.159645119804392,2.689880568950324,38.61658254522867,2.3955676778167665,1.7419344944112587,0.2406617930908803,8.951450876449519,0.01242558012900193,209.96025648482993,8.277418619964957,526.734484347686,22.616632384324745,0.2545507519633071,48.806861282856296,18.61447515493423,59.510779587169274,6.948843577127131,0.8566825163553949,1.8258169418839334,48.740521458825626,0.9791458437433052,0.7540874354190404,0.3706993313208696,68.13269550649495,1
148.4040284246717,4.297342890323955,0.11565177383872556,2.946544029530179,2.176815083630996,0.5587020796564878,0.23420988596594478,13.430119352202029,0.006598788031685098,196.83616172312074,11.92152642191912,524.8901791257359,23.301571510657578,0.2732672607220502,58.649774228277316,21.371828612453324,47.42876931990652,3.4523760631542473,1.3634757891636313,3.188805706087039,86.4405018171033,0.2088213495368867,0.09070526715493621,0.2805124175481478,21.60048882751011,0
160.79081993183416,3.171570312639875,0.09964577593354244,6.203332111238768,3.0482229690420377,0.6298875190435145,0.1391795686995102,15.229723519043196,0.0029676984027906784,170.36440408147934,11.533514658871617,548.7687708489384,19.543955040171337,0.29157986033765576,38.5291188897765,27.530735055260273,37.419488248541995,5.470730874720219,4.252759517692327,3.2216329158191246,87.55451143772927,0.18773380011061605,0.10467772719615534,0.2948060033747348,32.4245386086189,0
181.32342319710133,4.624273982874126,0.07761968625173994,6.9994691813964796,2.621139797960902,0.40327810670763975,0.25213327768041643,15.137306773783656,0.015976080742648738,191.3253764738593,9.197540619351834,492.71341760625654,21.510269568340135,0.3798113118558083,49.1587548808493,27.81885077489952,73.39074386919881,6.7578555191302305,1.9339609369104875,3.1600612743271803,83.43676469221538,0.17610727279330737,0.07626264260101154,0.3523617257678231,17.758293243295316,0
133.35373645547972,5.548576469406986,0.22689886749636912,5.303992499805441,0.4366113241031866,0.5598056924270295,0.1200379963739594,16.556395031112714,0.01043769121331696,196.54874196186634,12.045297571907161,429.1028937326469,22.429485248940175,0.2573473432517129,55.11872610315828,22.052284741205458,74.3320135546911,4.286542234060713,1.704025483402319,2.0220334736735674,84.09908610352787,0.19024341024413527,0.06653625300938662,0.32988437157233247,23.633816467842678,0
129.9166555561239,6.010978492938126,0.1498177878618544,4.941822288693144,0.944889166248966,0.43836691167701847,0.24139578757858715,13.660591726699279,0.00688328258552827,176.62519823679335,10.700384774220568,516.1483921831135,22.88337392249366,0.2552874577068613,48.98776379185447,22.20620909541519,51.305299300906384,3.6489543768817283,0.9840092411122439,3.081304910555209,89.34682731607288,0.14594572561269992,0.13534736641847567,0.37092391725614987,19.722688677929778,0
342.7463802094966,13.060797671270059,1.339254083180783,63.86002630392147,3.1640726330631783,2.7038718906540264,0.1749968401244021,12.619430831557032,0.012354522087633732,228.49688817545476,8.030522181167543,558.9716363341863,19.618198364746867,0.3682908362900942,41.014700334844285,26.66721151082523,52.5964812485109,5.143407642811835,1.720663358984218,4.393745783732214,46.14986160548254,0.6991091623061503,0.8267161602140659,0.36345470855086875,52.54688859132274,1
306.6659304976712,17.333158394599263,1.3910462830017116,21.590541468492617,3.453141320929655,3.1907124596047995,0.32506094891578297,8.931331700707542,0.000514677795984504,216.72506691205572,7.590044730500232,493.93396820555023,20.738981613604164,0.36310295346260696,41.546281858673616,35.505091569831926,63.01847084959884,3.092912218355416,3.42148362499016,2.8999987132040186,31.1673770502125,0.8521300598697994,0.6016299131380458,0.2134694128077681,72.63853083621825,1
346.72062798629094,16.165477551402134,1.7352336318624642,43.18096606231186,2.796513346755086,2.6313284220402986,0.12180698589302923,10.517100869226994,0.005596296330256375,167.55430351045572,7.5624331454074305,466.6845613878195,13.287480064801636,0.4298266082245925,46.164310333001325,31.678219885308955,53.40372587059825,8.927585058746947,2.351679164294987,2.022268017571408,51.22391180034347,0.6626945480536378,0.8803884588467387,0.34119335158622927,75.87462442150344,1
124.3208669407358,4.945346189308918,0.13386532869443246,1.7578041353560452,2.1235340589987315,0.5076557616019136,0.21190328834720243,16.163266107807594,0.012265004232486124,215.45971001493044,5.3890441584111075,502.7463855113526,23.140647290901267,0.34702746587913347,46.37909965238922,20.530142335677635,66.02876691210216,3.604122007210986,3.580193091228026,2.98896771511267,87.79086804099958,0.24864484193529085,0.1492374683242064,0.2923526142692014,16.159739590869066,0
280.26163950047265,15.086839256859573,1.8908563414901678,44.41394984414804,2.1095712434273377,2.2088160410161786,0.07749124385952537,8.606484115972863,0.012836726212300574,219.38030246837906,9.221939625341308,431.95588494207345,27.44090085738626,0.36963027214493205,57.748442150012615,23.804846340971658,50.611166730110966,2.006465545860682,1.1627380007668928,3.1863730216914017,44.00773244315989,0.9587172249012769,0.7430352700997226,0.3596635198404226,88.7530272720078,1
147.70981543923304,4.8291452718835,0.09561735957911265,4.6955753861127985,1.6682606982788044,0.41543420066545084,0.1849172463259618,13.06230775214346,0.010985370771656504,177.5800329537256,12.767318523656225,522.6986372689234,21.510066449033385,0.38177104298169584,50.25223143326212,30.019651421871384,58.18644372521684,6.321623235285461,2.5203270999937755,2.9321534890649428,88.30428664801441,0.1918838374518544,0.0989070202068907,0.38296861513057867,14.944845432775253,0
387.84922046732584,9.607125250881175,1.8131202067282992,39.23253194604894,2.7007984997298786,1.684560636814976,0.1731752456348358,12.618312310235666,0.010331525437553495,189.13012165939168,11.07173009803968,497.3475788309448,21.265100457290323,0.3225458857474162,45.22947969417505,22.422051999135412,62.68577090359579,5.626028427856739,0.04930821263448529,2.8551962565571443,46.86126954136504,0.9028967097652337,0.7567464749788932,0.28964911457821924,88.91735216302038,1
222.80482185541982,13.548559603126941,2.2025584085881373,22.560946491374043,1.4454459590408055,2.1076457391965144,0.1747229637016389,11.39110285177772,0.017907314799968644,196.9747448688246,10.323805324784379,512.5609143501786,21.64421192512259,0.2592857616068404,46.1745226439076,17.065641013033684,57.716271347925996,1.9796381988980198,2.6434598643104676,4.176237451096447,45.651486768198964,0.7598932772483111,0.5313796139989657,0.2968451309704463,58.08356818130562,1
145.37087585824204,4.64752433975615,0.0873664614427066,4.329542210108082,2.847484863057693,0.38210435460795916,0.225488104817953,15.18805620969048,0.010877382711582988,198.0853238908802,9.143488575682818,504.8283228569613,21.990399159515267,0.27121935339031267,54.09388203020592,22.054048265986502,73.21870455895815,5.921935899130727,1.7284130562008149,3.486455226334384,86.9268201116419,0.2272147197228992,0.10971506584459748,0.2857279847714759,19.276623140955166,0
129.88220747622574,5.29783217731612,0.0684857321673369,5.683189133188172,1.7181761242828033,0.3962474923541604,0.21642031608677123,16.16946319149002,0.01675264491975086,221.99534648185602,7.25353748730728,502.036106599902,18.05963098564263,0.3210039283742041,45.20611574333908,20.523145191570627,61.459049312198566,3.2485349599489015,0.39749494307954425,2.759866976225341,78.9075620487547,0.29540552235996376,0.08672562751323099,0.25214751636818816,15.69208407748922,0
241.83991758281596,15.092289945185362,1.9363775085546944,30.65865586120583,2.2355057608684494,2.7791418421440257,0.21601193548557798,9.570846581948983,0.008961134154647388,211.29139178229272,12.711042629823723,473.33020114055563,22.13319245026338,0.26990299781675314,41.44706252220843,24.150203216453534,43.77786462189739,6.485537012673323,2.0417968991573057,1.8451290811699987,58.357973686637244,0.8607779919823426,0.5417412113673834,0.3018719653101793,87.04158407767582,1
127.3888899658733,4.0516225102090075,0.09681326541630612,4.84694120279529,2.4748864285688734,0.4578469419115385,0.16935316773306155,14.952450736472727,0.0076850173224202135,172.20259135634723,10.951772069114226,500.94681832167834,19.25220052007263,0.32117744040088003,45.45282123648289,25.67099113050756,62.367138129508206,4.5718962492434745,2.795997443199081,3.298409079662268,83.32796034790665,0.2755577499996216,0.13302741414806185,0.2850256061516543,24.833226465545966,0
95.86642261402937,5.374927477318894,0.08916542669935858,6.405928434269424,1.880788266021541,0.40542269264670533,0.18774936116478086,16.539071792290958,0.00802266810793399,225.2389522761027,8.4606808739087,507.81343663369154,19.288678666486767,0.31669277311252825,44.20796359361367,25.74951658193621,50.70568707329822,1.7183525596041616,3.6963110501116763,3.255141938664484,91.12164093713174,0.17842653766016345,0.09018988008816235,0.2985088512100382,23.368093944766635,0
278.2064657852008,13.410025642305552,2.298928683134145,28.29990578774367,2.7807449531771673,2.3491797357470237,0.1907200034482817,10.060941305374868,-0.0008759697571122991,161.79220254759554,8.526453785091316,460.46439817332157,19.25737863981693,0.3327015075565589,49.238221483821796,31.997735007099447,73.18622042908697,7.833238887821975,3.976713914965221,4.192439664653937,51.79001636372067,0.8214437032859956,0.8068103225479565,0.34253609580598665,66.61386476541692,1
126.0192625082833,5.861305205341438,0.11243448180035974,7.9500063548033,2.6607905282598323,0.547223636107525,0.2561180341078237,15.501402432081608,0.00933351156374822,231.7948161155593,9.038218879079798,518.7297719644995,18.50067587315535,0.34476457660520754,53.31107046516708,20.631711752173505,77.40127789403564,5.9245017198419125,1.6015566860995059,3.2314920195538526,79.88614691029049,0.13926099540267559,0.08195483736093385,0.33416664080443126,22.406525411694737,0
301.7668576331576,11.04200516409167,1.8847760442988153,24.277157795443006,1.5755808399187057,2.7513155604139743,0.17779537966617578,11.105663676940257,0.01850580909225569,195.1410959367053,11.84495403670495,511.3714803389687,16.78224826729184,0.37342022841117595,51.850448227115145,39.72001211189113,61.39501939460657,3.237607321314768,-0.36841645804733797,2.0353408083341065,35.29493345436845,0.7844532354026232,0.717723911489791,0.29917026200190394,52.11532424266999,1
128.14589260737642,6.979314094790116,0.08191790842189181,4.232457267326356,1.3360375518817467,0.5091548766061227,0.18336081851851685,14.545967048703368,0.013551316931991783,182.97739045175175,8.493810367010845,450.6134254170642,18.95254417354005,0.28531728231232395,47.85808620628685,32.05406410518282,58.60138554966424,9.754809913242914,0.9300016989614723,3.420265905524368,84.01780794857888,0.16869318272988254,0.09982119198810191,0.30350304864247535,22.65531915557967,0
324.78537700277894,10.584492785799398,1.4349674646053567,41.95370453889163,1.8504045845992063,2.774796273506782,0.04890057406124103,7.949206005465383,0.006025783221689543,208.98462506747762,7.924196290097624,414.97905016027926,16.03789973214263,0.302854141188215,59.021907685968245,30.135984586055862,56.58032517932262,6.352614554812608,3.425414172723233,2.776030860785406,47.86431134570169,0.992376415539974,0.696588890068764,0.282164999193609,74.00865058347875,1
352.86697021558854,12.301069322912925,2.3605586501588665,35.00222673227389,1.109932146908514,2.37154327961119,0.2084529880495136,8.953282622253653,0.002164505316612541,165.99787209030353,10.153680047182034,477.8550002539487,16.069922536280256,0.31446820027787736,53.49462327837919,25.303076813334606,63.264059665329846,5.7176756940571805,1.7270525511716037,3.650247100852393,41.73523428728037,0.8817711729536969,0.8232549720909484,0.3161565955627951,97.15653811508571,1
177.13581479103095,4.936278301848559,0.10467873822020947,1.2025675643339642,2.2145470622332395,0.4520481312036343,0.2617587703176389,15.075686720059073,0.011069956306597493,182.30106447987623,11.015478444294168,530.134272888253,19.720423399428807,0.27875509052389635,44.22526716501442,18.79502973612147,72.5689419333993,3.1570644753682373,3.0716139719360873,2.7471516346536085,83.85115318287839,0.19937851573173593,0.13234900702143884,0.29888141512637695,20.997341575219494,0
133.82058728849307,3.5071009575466214,0.1539788528981376,1.3478126081583284,0.7889870079635029,0.46812139042744993,0.20919997478224867,16.057636335544405,0.0075370881882630145,204.70043730296996,11.69209009756597,514.7698048868987,20.94130074240733,0.3018574731802031,52.77268808722902,22.180796922526262,59.95664060003187,7.617229399197749,3.0543131529849643,2.6771877572231624,85.50129179541985,0.26075746880711215,0.09478404013349892,0.29075984646129843,15.298489911153975,0
132.8807033980892,5.661263475224208,0.12516318280672642,6.928120137556195,1.7869400442228165,0.39069305245715497,0.2630377549561626,14.568633597484414,0.002158726253376195,196.9064781333845,10.531100706748958,418.4798931241908,15.71217827504144,0.31195109619183586,55.788456879316435,21.92588043641588,46.93407693186565,4.082520831785614,2.25855711962068,3.4531894511481234,87.1825269631657,0.12297181569888863,0.0995241974739926,0.3204103965631358,25.3854986866833,0
286.0174373132304,15.854869043054567,2.1699666700680513,27.173823126398855,2.7276094329324674,2.9592712514516517,0.2613818099628262,7.600340941810079,0.016473699850571302,231.56386800460174,10.983224877560223,514.9829699052436,16.457919984990752,0.297173984834348,46.80765865917768,25.18272202960699,48.12802169559166,6.771462811361941,3.1344907214996716,2.522043633499847,42.214787340980806,0.9675542069091437,0.789107710330834,0.2738075750223806,64.5455459993233,1
307.64814266256826,16.742806511135903,2.0576738973187734,29.62821780052402,1.8950544513556553,1.5050976954401312,0.20275581469312756,6.604378445814975,0.006731045196059867,201.6158021776998,7.521358488361785,431.73746072086993,17.318158932043445,0.30186014727444604,49.88285803812198,21.898461196551207,64.08011876982674,8.55910996227769,1.4619863476831114,3.4476483498941057,44.199722588698116,0.7918580423208916,0.7685790419350218,0.2462901215231722,59.783298210792246,1
219.5177325242626,11.921203187855113,2.2232218697594215,40.85682390080325,2.30622949818562,2.0664640338681632,0.20810801802637596,8.695944637821261,0.009353491435656709,204.468904271921,10.524723848852659,594.9529705756463,18.636516998845025,0.2917398182811559,49.4993233460313,18.644238536010338,61.81194829171586,6.117261766357456,0.36201250684741004,3.6426376566989904,14.4193981688387,0.8415964204516323,0.765473898615031,0.28523741463154484,78.15774503715585,1
104.37956254573018,5.2796111070619025,0.1419076895470477,5.363068313719681,2.089271492248224,0.3665484315280853,0.3053677650941335,14.485774146853458,0.0035745403320714187,200.21489261450986,12.824587851291314,527.6490572404048,19.881852027286527,0.27077511360147044,55.63272054304618,26.590665455616975,52.55177710365584,4.7024428765531505,1.7803068286392014,3.691314347091965,77.89016396751752,0.1053234811841923,0.08291673591073125,0.23925927086989054,23.107957475052736,0
163.61149375893822,5.226090864173084,0.06598352084147567,4.931680094370223,1.613445229746742,0.4778141581088433,0.18525193230687778,14.26660612453266,0.012122919446330496,191.96823417417755,15.28227112369698,451.7015198901698,24.965652650056377,0.33242155192464484,46.488205664099226,27.25016043637572,49.89197651045127,6.434182873497616,3.5515204623617826,3.2230839737123347,90.39839484026842,0.13696938562078909,0.12911227004215267,0.29365645040464805,25.064480756874005,0
169.90811824656402,5.401733433633032,0.07021946127739032,6.540120268832025,1.6949464104384608,0.5757229432633785,0.16869127044843865,14.767976003814782,0.013429314033887725,174.2822866955169,9.070082952304224,461.01643624783947,22.25290267755758,0.33040892596935906,49.110841205481954,19.694729150833727,87.13242661667618,5.416500042336709,2.054582617640358,3.1233757786642613,92.18417432843472,0.2934540452490017,0.10572640638120759,0.4041860173280651,19.990205354165216,0
144.29415707697177,5.377302585635742,0.11656728802724088,1.6520683986405493,2.842174859254446,0.4963490377746431,0.2719902700485429,13.877551533553923,0.012495742258066987,224.26432263076126,10.853261298466789,514.0394865953682,20.32829149311345,0.2827910244690582,42.427648299306945,24.568083706376907,40.55326372095926,3.460844492335004,3.4076492184295404,3.126927825931966,82.63245637642483,0.15035410788236533,0.09805889277894564,0.30561388019502256,20.559581847967287,0
131.63749972704582,3.852898819373027,0.045557774690114905,8.111633815446416,1.6893723599323915,0.3874439877288639,0.17315406791715907,15.90791535336975,0.0018268568464600333,219.77757305213785,7.041062457716025,552.062989753227,22.35847319457156,0.36330677531064165,50.46151794839796,26.30835607271464,73.2602694585309,5.954557911336869,2.130091230509562,3.290635002951939,82.43787547723525,0.11730628738675043,0.1035976627087892,0.22606226385012643,23.246173515285363,0
152.29757748477533,5.942269858987014,0.1855877586045836,6.129267724749762,2.1867475372391434,0.4635958488283467,0.1023825522437031,14.769641975831995,0.019943965892336196,215.4394105887636,10.899387125952554,519.2013374746276,16.911284700203343,0.25814742021445886,44.16305731612686,22.067619171864116,64.21792033534615,4.233507449647917,2.6649367210581474,3.663780132790616,77.20640883414418,0.30437111751639206,0.1240741418036544,0.3351270695635559,16.314657643957226,0
316.04146875289734,13.552473042962436,2.007156652980696,41.6034882789296,3.2531078157146913,2.8459653116325736,0.20828264609605635,9.103947621394003,0.00919379665200114,146.83025665322046,11.060447302786766,406.16374494343836,20.13948996386465,0.22377998948701097,51.49943170386036,25.8929317755397,50.31675517914028,0.2190439950495458,0.882795661750367,3.2774137125439013,23.06370920459502,0.6609332760591522,0.7171725282128153,0.41685962135185756,86.33427068826057,1
165.44755969954528,4.86643938492726,0.08938132499684505,4.880962673485521,1.3662437241815422,0.5796661270950025,0.14945302965740134,14.511243846404366,0.023284553077834853,195.45187853268592,10.10096853810401,524.0675919783098,24.497107427377397,0.28790666774332224,52.49039377873571,26.487440019638584,80.41059482416784,-1.7000278940489952,0.9023170619099501,3.5079795175205346,89.36327204551833,0.1472256208224754,0.09209671039058129,0.3154456243548483,29.725715546568658,0
154.13225552806225,4.055824470717466,-0.03784703195662829,2.6828396550029967,2.8374254346260006,0.552599352102615,0.2552647855227008,15.449760795360621,0.0132144347948068,196.7683679702464,11.74916219365483,527.2409926862823,17.718809731843745,0.2638915719187194,57.62088706668543,25.897910361207153,42.44732162926264,8.21355582975342,2.607783611045951,2.937537997149477,83.60338794893879,0.14989315173786377,0.10683147765970545,0.2927381763350613,23.56033194012518,0
268.9378503081669,11.179418897683684,1.9723990748550027,32.789268171478476,1.9990770241085767,2.7461913496790022,0.24321695255790415,12.466911737672065,-0.0031263835183016966,239.9856508178193,11.406741831874857,453.65868440793196,25.364744864442923,0.37566739791933246,48.80045214312909,28.998770890852146,53.74440767090803,3.6798804691180975,-0.4748329948599868,2.6913357120547525,25.827854231478348,0.8321903246634255,0.5822178830073768,0.3527629694609021,97.26064843677732,1
137.79274607249263,3.4689034754528016,0.10957843441259574,5.680603385976581,1.9041826448916073,0.4047617418288742,0.2229341764506906,15.001956600252276,0.011033822126930623,231.8024680436522,12.56785936554363,496.6738292220036,16.751054281605157,0.348839575260228,44.675598010414184,29.4013268293129,71.1846725627647,4.643804078451342,1.695939310913301,2.7755900774454276,91.70738032786785,0.2151125539518144,0.07341888304059699,0.28183161531131873,26.29559492764169,0
321.4590138088495,14.336569375586581,1.8908115270353052,34.38597162725783,1.8072313058137333,2.5676656456359086,0.2183622142154958,13.748964492083315,0.01033648840106954,231.633739598786,11.631226950124011,426.9510854832432,20.588218083187876,0.29176110731346583,46.71139413283741,30.74428521064424,73.59021123482894,3.6346823111358244,1.5542294494968607,2.071029734954422,52.58932340307045,0.8252514791698787,0.6632257616774041,0.37497882329111853,77.54004325302822,1
326.45017144586774,14.624671039201203,2.8590382197006896,38.28945534061268,1.887653944606297,2.5363876106862473,0.2164061517839698,11.634369672457593,0.009379145097756168,191.62084731525215,12.052005129001447,473.12199429348726,20.799271447372128,0.2910841418572726,41.3466789876301,24.37086481657017,53.919251382094075,7.530954465730558,-0.3089033349970289,2.6401194880379033,53.495249367398166,0.8895302229586888,0.6662242964969137,0.3186721018789623,83.61534321291742,1
400.1936299494793,15.564001733281877,2.887739588342485,36.9039983504243,1.5974946038936262,3.13552989122563,0.2031408874086337,9.021486996187042,0.008542904661631382,178.59936292668817,12.10657451922045,479.64397647661116,15.073871474019136,0.4209240497674753,49.02908912042519,18.245064442323628,51.261110805548455,9.17376265692996,1.7637527379891254,3.2655600828037503,45.690268481252176,0.9456179885704001,0.7411743087972443,0.2728573203031523,74.35802803829,1
206.83739499033692,7.248965137551,0.09792817368884767,5.141381016641121,1.6393281384883414,0.5520877249627278,0.17201031756454602,16.190753422545626,0.008680933497268393,191.24630659989398,8.580997791454092,599.5157675021715,19.795903884489316,0.21889702306852474,56.075030963341426,26.33776406908994,65.43255258939331,5.8250641737594515,1.1051651865991097,3.9472221095812685,84.53954096094843,0.20849258147863278,0.11397973253456924,0.22926131384050627,28.30939557639897,0
247.12309329333556,19.01584988084537,1.8380944046601124,43.29551372639521,1.8187108126383489,1.7410485484734444,0.2365232463423096,12.036385619292883,0.015563396215587479,183.8833361827672,9.101666052832266,589.0943007250788,18.721111439057047,0.26589303596359803,57.19420990946477,37.31209866145086,53.57587803924528,2.218207279569713,2.160833708132617,3.1515965379399824,50.31963679549587,0.6126654748013848,0.6151708893823825,0.4041543644004422,80.7883615471754,1
229.5140796646823,12.2462029814853,1.7337562279228693,40.458912881648985,2.8265012740361755,1.630974868975069,0.2505904475983606,11.55548805568896,0.015495636366682043,207.89622379233737,12.747505320935531,459.04676984027543,14.781901003564268,0.27730692834360515,56.05067831301743,20.44089148356177,66.22091736534689,3.471011641267659,1.8023962732919931,2.2754758303579377,30.12540572781608,0.8993310653042058,0.6351474784831115,0.36793351363464266,79.79847317628297,1
175.2770100853484,5.416671283959937,0.09323148779287808,4.537676003769559,1.6727078538330034,0.40720272564278986,0.27252184662225826,13.526016796344358,0.009214014416236947,196.0000378549642,12.810968901887234,528.360357380565,22.827434100626633,0.2630078704863934,50.52294106202427,24.67142479634822,73.16907492564957,5.964008581334503,3.8088536485843774,3.65530001986955,91.83931521575153,0.34160672897830596,0.1160519467527495,0.31247387300934776,22.574109374601548,0
132.95431003371658,4.792555251946338,0.11181867605948173,5.44377496544173,1.6638493600911513,0.4590446827014815,0.06867151719110597,14.444913632450225,0.008362834575630525,236.88987067513764,7.978862087480678,558.2987338710847,14.3762178854708,0.28499940021051207,55.50130079165264,17.991243600139054,41.706394869289575,5.715014552344738,-0.030137711326673422,2.492602387288396,78.13892202408844,0.2135225155175087,0.15592947126404452,0.2550607861239998,23.52611508269088,0
171.09332358997335,4.411017395142943,0.17212400606549746,1.5516786559129545,1.8084070156291185,0.43630053729238705,0.10748396254105141,13.603846806220266,0.0037053741235542705,208.04152154170922,13.749530012526266,535.9109738796674,23.218529610653004,0.29263635704257207,44.36724301607542,25.625288113242867,53.67802155650549,5.759719374054226,1.1557970733503682,2.668986243583173,79.38780565328265,0.166704311714998,0.10218532666789498,0.304248347654466,17.701064390914745,0
284.26485349018304,8.279302895956206,2.0124518436721215,40.00523898014551,2.1163763677835927,3.119337351540467,0.12133510096279983,9.13666109768445,0.012156164226274312,186.90916769623954,11.050398791270942,513.6477824041152,13.578338512920917,0.28966986009339224,43.01997412319353,25.970738888590382,76.62985527599923,8.599742677665777,1.088487350381432,3.1995489909364645,43.1747089809992,0.8905218704309092,0.7219059231016606,0.24737002712396292,59.968964254905465,1
348.0995197524958,13.113913169756245,1.8950151415246426,40.05543472827847,2.653192654260803,2.5111202317827654,0.16162557174788914,11.480797896473744,0.004992598193264417,189.40569988735038,7.748851714445083,549.4588745754685,17.2821003130324,0.3275091936291431,51.146884634018285,23.454225072213063,54.16995556041961,5.473788387104112,5.144994019548574,3.648996442220437,44.71493508426427,0.668834927648697,0.6475248252758162,0.26290785450772175,65.99260498353124,1
170.04254108673535,4.3845990519314055,0.07754846379163104,1.7466475823615344,1.7646655688134547,0.6560697832953292,0.21701951857294302,17.314906718630645,0.010280012207262561,236.01952337455668,10.229155367419992,516.6678585066837,18.283953230488493,0.3405375886913749,53.30451016016599,22.687765727717682,68.64773529798555,-0.6906498334645068,-0.43305082956967134,3.4208529912263934,89.02230469574337,0.156537399452627,0.10688360922690633,0.29919478930451693,20.262247584097594,0
354.8018871707051,17.34019319514435,1.8171996200215477,39.69619183273985,2.200791187042467,1.8773127818157738,0.15013764504860344,9.165759364208899,0.011746073005586083,201.795377374717,11.263690669521827,492.85697327856377,18.71822238068616,0.2928399908721714,53.41793148886057,25.399622068098125,49.638783509160945,6.268264875780022,0.7158271310897729,3.2184002455115786,37.939908293540604,0.7609018165617224,0.7812186515839048,0.3573293192346325,55.511816578489785,1
298.806030144684,20.57116380421801,2.3049636962996995,45.653581580894766,1.799219987245065,2.5018445107310625,0.20724206220792418,10.45568755168579,0.018244339615435694,149.67000927359726,13.094789493622283,488.3272444546592,21.310039987744002,0.3355406245453686,49.4663213492349,22.487313055579563,50.64232795861438,-0.5050110429528553,-1.062826569086721,3.7521380407051197,57.757728829053185,0.880046918535438,0.6337052733894315,0.4340363002716596,76.09205368734004,1
289.1079921896826,18.17356011094729,1.8622551578246314,35.58811764997392,1.8356050630179497,3.800910669254155,0.2990690623160166,9.233439431551288,0.005134095836878305,234.63795548694972,8.748020712493098,474.3324194199619,14.848264124998082,0.28818443105866065,45.79838235999389,16.07472212899508,63.3022777609061,6.666338394465487,3.6945724567179434,2.439270966471285,31.711611322906776,0.818837990940415,0.6892667238948939,0.16992559889735132,68.41364677042336,1
124.67664418055499,7.3601842658603545,0.03954824538694743,2.0427439944705292,1.9964700431776103,0.6232090613400739,0.2654608348318035,15.390544647642326,0.014022995699487426,159.56074940513312,9.489832074205218,537.2023186699029,18.85084804543869,0.4037278898739965,45.50980730990556,27.388268271119646,60.36989438086892,5.535261516726355,2.316580558995356,2.8534075221863247,84.66366555096708,0.28346290870456303,0.06506113941090023,0.332106163324769,16.592871746767912,0
288.20571512987925,14.925065862077373,1.5558652089066618,23.361949306488896,3.3074025912640925,2.121027760828661,0.19986249908724082,7.0552458321955305,0.008378730818649045,220.18888066639687,6.4213268625904725,526.9235378621827,23.02447949075735,0.2937563034979868,57.28224168798789,34.79189693355997,60.83434735634047,1.869821130935127,3.420479502830317,3.199969583924034,29.49407971301064,0.7626107794271129,0.7192290192557284,0.38529110517992227,99.25358265236312,1
112.87883540844147,3.1507065122201032,0.0832339458895441,2.906579710274793,1.6260087701737274,0.545877681007329,0.18065998159404287,14.897655134755386,0.007809166288267445,210.35254279307574,12.962441425947773,534.3158318246913,17.393329367197317,0.2968912090059295,44.786223301218904,25.723718808221992,73.42559448559197,7.801520914971576,1.9628859247064254,4.021060146473189,78.48999753073842,0.1802560121240134,0.0803877908628189,0.31914482612486134,22.826273969032165,0
249.83548872367876,17.26723384098589,1.8028749897385445,34.35843399364321,0.6440763383205056,2.284020503719957,0.20455690090581144,14.88641579522734,0.01554668091391609,160.4418086341939,8.67041624845899,434.95501543093786,20.227191786666022,0.23117269184230765,55.453032433118125,26.830391731253936,35.74170553210935,8.797218840581744,2.661065959858562,2.4075511427712026,34.50957342474993,0.7599180234208872,0.7153962073590465,0.24123097321900341,68.76689224644538,1
150.23939596411327,2.7327101191810534,0.10363278988584321,7.853839334162419,2.55952677310192,0.45610932756532646,0.18681867997789062,15.427473477990459,0.0031653995827686855,174.44200291673133,6.627528538753979,476.966230208102,21.406162650519263,0.3903817914818288,65.2414313833609,31.349297314423563,72.53935903330937,8.169052951655711,1.4557696929606265,2.224356963301805,77.08688663811701,0.17959809953222458,0.0956289861493947,0.3751520840723272,27.05145994387249,0
141.34105928580576,5.206043220312254,0.0632925928632599,4.54485085127062,0.6467689580303382,0.6244654640457721,0.17871279559085515,14.947575150245116,0.0043172263715255885,172.66580192501493,10.067507132206519,451.51782557161465,23.72615176860318,0.26749490469105325,51.812134233175534,24.526231177405137,44.574001685833395,8.510567938587489,1.5639269874375659,2.246746603688721,83.74426187779422,0.13657824596134513,0.12313632853484945,0.31759448501100795,18.926358343512927,0
168.08704000802945,5.010522244527567,0.15846637643002467,1.1316289580485517,1.8594244320522217,0.5131155685960616,0.1815118460538413,16.061250222136977,0.009852796542547261,186.69025761222304,10.703650989202055,454.404236856499,17.388639705363286,0.32837721503715,53.4341453717767,27.948629059219627,71.93065308736428,6.721543710662594,1.1918947339351034,3.510798310063926,89.80274645420631,0.26103467035889943,0.08855387748708692,0.2681980624994266,21.837788705140614,0
212.10597782739586,10.96823275431975,2.606336452719529,49.87914885378345,1.5608357329023148,2.055158339702286,0.14826788386175935,7.1383950907182925,0.007923094625980351,237.69134194716978,12.52232945887164,531.9130626564138,18.372020567329443,0.21945432362165943,61.97225160231976,17.86761641097402,88.55402227674142,0.6128035756841413,1.122253473912875,2.7577158255841447,46.90721786297298,0.7980225262426374,0.6272477985030226,0.2625386993539288,87.14752996268199,1
339.48831471486767,17.29135211536496,1.7502179220050411,28.979597074128957,2.4953126151732947,2.0561492532602017,0.25736504244534697,8.359863182717788,0.020812452053855405,217.4087077564196,7.655755062456184,516.034053817907,16.185581859668122,0.27552135310056347,55.16371714451037,24.96818252286681,74.00731792267615,4.376958893722924,2.002936361949769,2.837397479877451,46.915569135106864,0.8745157563663054,0.6066199730654307,0.27790598477269585,79.52729889037886,1
297.6887471508487,16.66071721461762,1.9278132691834144,35.70376963908814,1.3707448185496889,1.9904876120907735,0.1696873721343964,7.522938339761897,0.014650806543540099,188.72001594268738,14.46474772691511,493.5368451524343,14.956311121537237,0.19976624318313202,45.33782852915217,28.97849106757815,49.98486758746658,4.81487673527688,2.060032943457695,2.915988656948231,62.95288874506789,0.8484697622011055,0.6876185131245635,0.3995224429850399,64.63897436663727,1
387.70066628371774,15.339959011924792,2.008827258186781,37.14287032630653,1.334499242411931,1.987812026843597,0.16784950870941906,10.80827968005731,0.0011310788262803033,209.51800889381005,11.413885978145277,413.8666972282459,20.28369674196723,0.36856096182597303,44.148543838503535,18.69795174414866,65.93737938690606,1.0745770735211544,-0.4380070660315119,2.718807820795142,50.372247592640264,0.8100143890542831,0.7320746089325665,0.30971592115235874,77.40065296032198,1
166.24032529515446,4.039743790169912,0.08015095747800882,2.722703875265172,1.9837710181056587,0.3649476359778365,0.19431281824880217,13.963088080018498,0.007670462767530696,200.5179944727333,10.793223788527591,525.0009707731265,16.88020025208946,0.28380931464464837,52.78825417356363,22.10255088822236,69.66759717095817,5.52636029640976,2.662314524633674,2.9140077586685287,82.76555813993323,0.2582834914029188,0.09904788435703266,0.2908531279873431,17.737299268972183,0
332.9155886631299,22.821482325659805,2.392319523934518,35.056047297389206,2.5266573250013846,1.2455210948511746,0.1496521793658138,9.252334407033308,0.012388833577791795,214.55340622831446,10.73635267609901,503.50795753539984,21.778644686723286,0.31751080341766447,61.71222261978665,26.710329313296075,82.97448082303747,11.759981479141707,0.16353366208013476,2.9626194406497386,35.39205565675245,0.7420074578360628,0.5381229195646213,0.28677297853144185,74.96597076163252,1
111.64104324063698,3.3888140617316864,0.0726841830989532,3.751526233796589,1.769143757061435,0.3722343546303384,0.20902902317368796,16.27778274587195,0.007598595790918399,256.76696948232836,8.50261370830118,565.4220157215801,18.551124752841787,0.3103981507999353,46.85770923953058,33.415644883873455,52.467551447110914,8.247121761378066,1.8498540481469894,3.0141575678728,81.96528054222416,0.22782102153769604,0.11786204112485109,0.30317240444350535,19.604833976581585,0
135.40168791917682,4.754325525666689,0.16945973558428123,3.198032138644791,2.9009262443652255,0.5258480528939324,0.15808760532614452,15.12382077081535,0.010485790558700997,210.84228675873513,9.71979688400233,451.0101229434092,17.63604634278391,0.26715046464768655,42.94347036216579,22.9208355635137,76.19995191563626,4.258052774287431,2.3368452317750954,3.001273694285079,85.69016228515878,0.25813589196001563,0.11522546553196632,0.30080860887522226,19.030651740757843,0
158.26614379360814,6.34491984707143,0.08206128285714821,6.226936824468132,2.12792625138689,0.4676008814121296,0.22130558259938743,13.00163155262153,0.01446656370756473,215.86862664154623,8.920076411659842,502.08536167148236,26.785010593748762,0.31957644870373225,55.446696572476256,25.495525461497042,67.79168808376286,5.637325003093979,2.5739045318902116,2.656978784515775,82.98188637132706,0.3075942917274154,0.08806034999216539,0.35501903924024025,28.51203730275759,0
168.92116131625673,5.509390359657928,0.10405477502062833,4.451345266157001,2.0448042508364157,0.5099536053374379,0.19522673881960242,14.79868720978833,0.005196708106115818,177.51238445302778,11.436461980234924,568.4473027389023,21.41827183535023,0.221004920335239,43.52487083563569,19.66861605947544,62.68232039797718,8.358398021217171,1.2841764993707574,2.7856241224845157,87.41789486099029,0.2506890019599146,0.07984356065708775,0.29443734611868444,20.445601214615802,0
292.7440576923103,9.384908778865137,2.41397712389791,32.03962453731764,1.1189944343120157,2.670649624342527,0.2504854213518354,11.20718664448283,0.009426127202525225,185.7616555325326,12.587290050095422,485.11803148321275,23.812415597825318,0.2407273931143959,43.61391238890493,22.286210620522354,75.16850689326476,7.155388584798412,0.033365023281355446,3.0845001942797823,53.795557882392245,0.7419525754220664,0.9004600900861522,0.23944963848535517,82.83111088534532,1
135.96152693901837,5.041247988365537,0.10612436835788648,1.4717964217731505,1.630301557850049,0.585878474501391,0.1562811486175304,14.10089786004049,0.007433066782339559,216.22411939326517,10.135728000615748,476.1062849727091,16.929596947790692,0.2477832776205009,58.55005037693349,28.054917933041214,57.997569973082456,6.914280130436682,2.1591564715156006,2.8087027447556476,80.72345324304541,0.27400889684962093,0.08892868220133872,0.1724930969842206,23.132223812404504,0
159.1238416200782,6.6516036600382416,0.10612355765200655,-0.17010548257940172,1.251919538053162,0.49007997307199236,0.21271828631106124,14.361335988754192,0.012401296893304464,216.8962426274301,7.3936533910273745,490.67710830494923,16.183602613205398,0.3136983277496626,50.75238434766485,29.629277632933704,66.34824875597548,4.1980867026462665,2.4732294367929,3.5201761304097845,81.39449423106997,0.16576851191206007,0.10255316665227249,0.30196240868654145,18.52424525014534,0
375.60107905562154,14.644312464140999,1.7797327400755356,34.011147390240055,2.2559454300195663,3.570793755908518,0.10359034963961608,7.376672149918873,0.005135265913237954,166.48614615669402,11.96421997191794,439.17261240919987,21.511316886444416,0.22775698364755964,44.270247802156085,29.13067627499514,62.1652458000054,4.190392568320808,3.631401982947286,2.6626466363294607,21.90950843347256,0.6877625346535708,0.7618384728847963,0.2300502202580588,90.12409539895792,1
128.39790994660066,4.751180616247616,0.09637240961615316,5.022834414677583,3.074978023162058,0.8760572445295238,0.15241381947803626,14.864331097577269,0.0031876316863499246,189.46879933793295,10.942047612557559,501.6863721906718,21.93432675562548,0.272767065458314,57.64602733871451,23.99928607469153,53.00806399057706,4.600040664745154,3.384165516959842,2.385958461942982,86.35663509073791,0.16023538607367968,0.09686711222321008,0.39070886857873466,9.553951966315408,0
343.63306379111503,14.941108521437272,2.173236820298159,41.401329761586936,2.585721048793501,2.84051849429072,0.2645918703731643,10.95853182646182,0.008921956077883405,198.84627864165847,6.280448129635588,457.39875947027673,21.700463547351198,0.2815725732126142,46.669396277371405,27.848875803355114,57.481023062441665,5.3212089020467195,0.9767041933658004,3.129726144381443,20.712777995991217,0.7156964620908128,0.8620392434125982,0.25493211125409354,75.74597435700157,1
130.497095506128,5.580682161515685,0.20893685146504565,2.575003878509448,1.571498829056381,0.5650478303334633,0.2105502622477131,16.08212795218331,0.0020014784115150474,197.8789519631806,10.176765861574225,536.4519586779862,17.50670034974476,0.34386753280878546,39.78783738444163,21.505636355805013,69.11707052279846,4.627439379396162,1.5989638474165226,2.5078427510418333,77.18919905139401,0.07808864498664543,0.12022521411466518,0.24929707137830776,27.95205379068649,0
287.98182839385095,17.917545020011655,2.007116588174779,40.007725406492,1.2990109876334919,1.8916541897337962,0.30970264685084814,8.283308156413046,0.001582220754960662,179.30242291190334,12.840485444625822,494.26149179882793,22.710426518541617,0.3990468833580103,51.77624147520625,32.51511338771082,30.423433102867314,9.995676640981259,2.356410507716526,3.970510392855197,47.72066464700204,0.9494028118991116,0.6087499551767173,0.2554789670416665,63.777524242719736,1
320.2225252892252,11.87790616648497,1.5506267323620866,32.72542754149433,1.8247551483570472,2.230765727138555,0.1980405742714234,15.676620429265508,0.010045492307491927,161.51403134236725,8.762813232756207,387.0383550972893,17.467702053841446,0.3999587723161939,58.4744756437641,28.589837249250944,52.952051471322115,4.116326131534087,1.1810418920947368,2.2348008428913784,53.56070481154995,0.8169427111226484,0.7112335996446831,0.29782208997502674,42.58460389411995,1
122.35700223363082,4.640551122256891,0.07662605109699183,9.44468092809524,2.3745377343615313,0.4216025095563349,0.22041084433612365,15.175927517177215,0.013119203513119305,232.8426263912534,10.123849701137315,541.4736691239916,21.79222639785467,0.3755771126866886,52.40152454882403,26.799915486323624,60.09082699279951,6.073225964454656,1.5978593187495815,3.041103544693408,77.0349960721556,0.2100118135986504,0.07358069046181653,0.27808656836976614,26.265784888148502,0
354.46738097920525,15.977842122931692,1.6728396258262743,36.93567896969053,2.536817467619194,3.813109605455289,0.2688400031219665,10.918415280359294,0.01815782076077426,198.2716639641493,6.53564734331658,425.5759281140631,26.33500441062296,0.35914571200687523,44.12929274771164,37.28606170946113,65.21723534841598,5.4130387464877865,1.7878616333895847,3.8293099241018154,35.20279057578261,0.906196208391008,0.7019369714799651,0.3084253699273587,92.18465406226021,1
384.4869533273748,10.543254260987764,2.061294336999214,29.397762594839513,2.1094727333410854,1.226172999006147,0.21198157200586135,13.563328730045978,0.008977800285793541,218.7848267105788,10.74285831862826,449.1057558111203,16.995300370087374,0.3126863728185026,46.87152993280192,26.671515621125394,49.84606542277877,3.0784277914740192,2.6590526714249556,3.2005110712213947,47.84492065315641,0.6759402328096861,0.7009692966141445,0.35188654612547815,76.05065006187631,1
371.0744108796534,13.466378632629358,1.7551011442719697,28.628262210044234,0.8588167072854973,2.8880585642042584,0.20655144143079845,11.387764351849487,-0.00097889520356255,198.65309338145585,4.4188242319521756,427.5013020831255,19.45417026369318,0.28694748355156113,51.38257724372459,12.391911252446672,74.74024086533987,5.749696056354867,2.501443199428066,3.209220169783951,32.73826584825669,0.8467904420440704,0.5979706145214336,0.23600388100054148,70.38355568666232,1
151.60510142569098,4.519609248720545,0.10411620535194879,4.376756322925364,1.6060536438671167,0.4043970813394183,0.23585106224505412,16.211067133010715,0.02075495702488695,214.68349218471923,9.306477894124995,459.2856546957572,22.13928840455079,0.2688084430038131,47.06911773746378,26.708127105715832,77.5348634468366,5.424755936963229,1.83918046261941,3.2354643720703486,89.0073943040796,0.12766045413012117,0.09421681842505703,0.2893555653193093,25.128385008236698,0
157.66245167300596,4.686405140383512,0.030837746438763913,2.8420930168099265,2.2686617649862333,0.455560940756644,0.20290230682914775,15.023349876029826,0.010333660279575671,208.61577550092642,7.602823009844974,504.73653659735277,19.796421179071345,0.3272691782089593,50.118513699979836,26.24999301229225,65.5917214732443,5.171259295946308,2.3302459497841914,3.0708906732012546,88.05870346030166,0.11513752535213703,0.11432466544831757,0.3042421384518672,20.04370363068535,0
157.37622129875928,5.951253272253237,0.17864019737365627,4.7798392202543205,1.8555779668295884,0.48602515502355725,0.21283713273174243,14.768251891988715,0.01005512218140332,222.43839147466048,11.333061350064288,578.1145151438569,17.068094610193583,0.24455268156079965,56.07603808474303,26.026906657383307,77.80904399781835,6.044451064449648,2.830285933558323,3.7338620687957187,89.09495045863204,0.1794361317376525,0.0821248718105606,0.3079256602785153,19.660699303213995,0
289.8776029387444,11.249346875749655,2.515020191721904,34.81769337516375,2.322140367078414,2.6331725175386804,0.1571806061922533,12.622910484404002,0.01584338568211063,233.2035239451252,7.0950699942978215,544.8369544642579,22.41136173414694,0.30397024749856283,48.91469297901614,25.023933283464466,52.63341039928752,3.15133427825012,2.5836192233963904,3.0161802826545356,55.74363651936919,0.7710393419958996,0.775631447877182,0.3338508779460076,67.46674226891292,1
358.3293006646464,14.689345618532052,2.1975945670935952,35.26446706107313,2.095581614302991,3.608488036097201,0.1518598270562355,12.436928188903565,0.009455950089372379,181.3101519692663,14.319869555084608,411.4833829615264,15.703995379268394,0.22653322950729,58.01971740351666,29.392092468672995,75.12601704550156,6.491244618759557,2.722656942655271,2.546776075273854,27.382514588147504,0.8525217816091893,0.730719521180886,0.3941645846190596,72.95818401363874,1
303.9304716157822,17.63405065703175,2.6911290372022276,18.981566203726818,1.4897371020820354,3.0134214524248875,0.1070932568393158,6.774199233700365,0.00623127588715037,136.73275519112997,8.329284208776366,552.1606965782904,18.707637805856663,0.2675767698323869,41.24511653265908,31.267886413051606,58.93321139836242,5.827114914329607,2.2905789714684355,2.0436756940322685,36.32456450052332,0.6442230002284136,0.6981168498415881,0.2682895953929017,69.6310103229171,1
290.51600318514534,14.73006291093122,1.1361193084555334,29.79403705300158,1.9817260058582729,2.739952180024619,0.14013088867978063,8.611982206051682,0.007312851526775993,273.7130543708369,9.509274136343882,549.0188437514853,13.42456161331951,0.34327628739747346,53.21406343321508,26.46287633649746,55.352536041118974,3.8631464213804265,1.4210739327802064,2.244146867374735,22.501272276116985,0.8561692638705842,0.7652826628114343,0.35593709093487136,70.17096221949876,1
229.8004777610056,8.337732235169488,2.157669597704924,38.3959732154371,2.055689783634381,1.3539039864259421,0.18829935764950953,10.3518225659819,0.011891942356634,197.18797406579444,10.829414711681137,578.4080598579934,17.693939193768546,0.2809033749047648,46.534201313457466,30.339929658792368,42.891379099928955,7.868059157854526,3.2099702080866357,2.7695523723786453,42.97443126814527,0.6212285948067899,0.7170127522553593,0.25145385634199646,47.851891583807586,1
232.62659644962713,12.631901965877015,1.7266511061812566,36.75777410657205,1.3973853344223497,2.9750959430025823,0.2707635852781728,13.424746267994557,0.007642248262152647,157.15989489549807,9.657396617317053,524.73674268868,24.99373342870564,0.3054541416035208,40.22246120415343,23.968663333080915,52.11025758500621,4.484296322065642,2.421632412152042,3.2496416045922625,41.016572056867986,0.7249192851996114,0.5433212512156038,0.28664583669429894,85.22903725897218,1
301.2017862744501,19.018063743939265,2.841379415243211,36.32998289232286,1.4310714010493777,1.8275900162355447,0.09386903161241761,8.36881889854369,0.013111660630465295,252.34624154519483,10.470490396015242,554.2627783977357,21.053463291763226,0.2549946105935932,52.642191133795954,28.96886913058609,39.951743638395435,0.9005044535134262,2.2980569050630733,2.614102567618563,36.365731661795024,0.7074574382346791,0.9001168004241481,0.44058768643329005,74.83285179792037,1
180.58125576741907,7.641201273288848,0.046556171677013126,8.355510039274249,1.7215750408561274,0.6349642185628184,0.16091940754483341,14.879618236219368,0.009812138704090388,204.1652901866909,9.997855220656342,503.4122655596475,20.487870823922847,0.22011993351548434,54.72497630820214,20.93962767864163,58.5078967722433,3.5561213217818057,2.315554750565902,2.9432037137131464,88.889321699904,0.19200444222542376,0.08697472522165182,0.2874900891554476,27.858838408910724,0
143.05048150573793,4.9232374021702405,0.054654204758629116,7.085825380743349,1.7121012618346525,0.6089850470520352,0.1425083977629743,14.722417080274957,0.007964645289115392,229.96449815796032,8.825924067632268,468.4247624725419,24.511329447250915,0.3262428560429475,50.184601811209404,25.389102893002722,75.60410412007923,4.6618666560354205,1.830405801655134,2.8312197489317135,80.93577401827463,0.22355129179599226,0.09905347141801081,0.242884331562561,18.550949669834527,0
153.99119000323518,5.526662569378426,0.1685210683983775,3.6031864455729936,2.5363914734326567,0.5571268866087314,0.154047017065352,16.395861859256843,0.005282656561962624,206.95024177087788,6.486498650074356,572.9465694261343,25.45898414628669,0.3390434510871165,48.70508794813041,17.662010128159295,45.126536992497726,4.015383526403137,2.5146471181324435,2.6210956955264977,86.41082266034009,0.2553383205173204,0.0758065276930281,0.23105806603341653,21.890601883731616,0
158.57349544283088,4.67229718648314,0.12063937050127443,6.842258600926282,1.4285583913614472,0.4139828169958988,0.24293712500575235,15.18554636238757,0.023301241595864892,174.64062016452388,11.359623224840927,523.0082467712053,17.3756861775225,0.2856010181377001,49.75892105158881,20.744401217893234,68.57893974028154,5.779702044037486,2.900061449518895,2.830052320078172,80.10385520251468,0.20975019382005272,0.09224285771591442,0.3639413917047689,22.223984745920028,0
262.6272885265312,14.919979152473832,1.790232554437493,26.18415339461906,1.4422855615885195,2.8448281403096183,0.1761261490637707,8.299833780971944,0.022455158488624668,226.2006901516664,9.027624081723015,494.65186531994965,25.303392160260238,0.3856204772195922,47.04196006064015,24.826215149885375,66.36627047023357,1.0229656389152997,1.613650451290405,2.6402734586070946,39.79070185329823,0.7814177434663749,0.6238559580844997,0.34948017305486867,106.26806766373551,1
294.38323900015274,16.95287385463951,2.7421583729252887,36.8008494635745,2.4123461853070154,2.3846170537304285,0.1899357008654249,9.770332212614122,0.0030640932384063337,178.75255714302176,9.145852954073863,504.9573312762636,18.399606384647665,0.23395089747743744,42.08596682087874,20.141937911524607,58.12607141390173,3.026637598279014,2.428353916790492,3.2598195797198017,32.94318978782161,0.6894851115563406,0.6262323933563296,0.33899112256576874,79.98522458593244,1
143.76268462229493,4.3869493751641215,0.11522983098655787,2.656502143913118,1.7238991842785527,0.4275944126602131,0.22216112061862325,14.51455616634364,0.012986617585173561,193.88129289671284,5.737387140278514,395.35389938136956,21.764713047692286,0.33365333825346705,53.24570266401736,31.804641409439817,50.697100550671955,6.991159441488992,3.174583485697122,2.9436638491784026,78.97458224892402,0.08320466465398946,0.12560271053987945,0.4209937739009059,23.689311138427023,0
313.1693246166735,20.46326165193187,1.160009549105451,50.946615759893994,1.666973517999176,2.153301590769072,0.26368919885196257,9.254904912794059,0.004168350981599176,185.943766344481,12.172579003502527,383.75230313917984,16.919884949686104,0.2157310811056679,51.37732577489577,22.199341108684205,57.48226595596389,4.042406461720555,1.8606475186680465,3.5643466135843127,43.577458811611066,0.7652991501665563,0.5948782140495905,0.40367786176146686,93.74810141374532,1
125.30142182853074,4.85739380770671,0.1593633307286048,6.977676945180303,2.0485887430115044,0.5464762041241041,0.2938649501810601,13.119894173406614,0.0072026857182138715,196.41073763187563,11.941416890682826,486.95961438422194,21.028508442166412,0.22123389841218596,44.01078677709335,21.241056619921917,49.68343641237914,5.278962494086744,2.8590814725588247,2.8309341185265535,90.94704815436522,0.24728934146719184,0.08634818520487648,0.2710371097244185,11.810654153874792,0
159.2830211004984,6.04136172958069,0.0910445879080995,6.263977096763088,1.2675712822665302,0.5176916806701986,0.20300837775003783,15.712828993088838,0.01078954558364045,213.16016729127043,13.92068080751301,586.7173061940373,18.00988173235531,0.2692941839324146,44.084330080661104,27.213885030922658,44.945964984092065,8.05878160714689,3.548385075995361,3.0185421294180457,81.54326608004352,0.16620355193441447,0.11284737336394891,0.33882138374096876,20.036495187483613,0
143.659213562225,5.877484551737622,-0.026229315307217685,2.2330604160877416,1.4489727487449442,0.3671543765562067,0.21063791800036505,15.266505129879809,0.0032137308862426163,189.6802129826752,9.157779496869304,539.3790329551048,19.37503129115329,0.26852723809395185,49.288897640429326,24.36197541970987,53.036320973178675,4.993066203737733,1.6861575842788474,2.7109533332793903,80.28281984458218,0.10789150429584456,0.06676966353290803,0.38411656923244325,23.150254048055082,0
139.789028471018,6.115341403128157,0.09825278396994436,7.022290844571974,2.596250192293364,0.32291637243673027,0.21652345563113737,14.921129417904297,0.0036677458674475184,168.11211466376906,9.297997866413478,478.13830030594363,20.752559628118828,0.22601958964757157,49.049084983663185,26.245719410709917,54.69199005175123,4.107495109686908,3.7350465369411583,2.808743568406638,77.52308000183059,0.13284699614296228,0.12751463418354125,0.29338235387082556,13.929624517734165,0
115.97879070314123,5.082078235521603,0.12534541546818845,5.085159369385848,2.2415055662467545,0.4706387844635497,0.25280977532431087,13.652614862095989,0.0121504747342345,215.3321611713606,11.482109657873757,511.57486890529236,19.99437692765232,0.28629773122580376,55.13983414722227,22.201014667538974,62.804363582667975,2.7031822022621737,0.9160646494994733,2.8103400981682713,93.26821004852873,0.2325310096416569,0.11195664244314495,0.27237684693824304,16.030497541434748,0
256.50861082833455,12.412630714646447,3.233277885056107,31.292364815917136,2.7065013033915353,3.227748502117783,0.15346344319281527,9.23104263810447,0.009642122657877249,251.36622539612833,10.498539978195275,450.18867892134926,15.221722089251912,0.3159239423574776,56.727859934367096,33.92165378402409,68.84559875558719,3.6764844010515403,1.9717632191852241,3.5729722044743855,44.974127275812066,0.7790127899686493,0.44949619783975375,0.27511227490052265,72.54301313063556,1
124.1851384828581,2.699086592315545,0.007963143789904948,7.2278893546165826,1.6889207378878062,0.5139259486600285,0.2365233131578123,15.196337739090607,0.005745589575884122,200.7079483957596,7.195517406893802,482.1940550940624,21.85838923705488,0.3942684474839277,55.77903581790777,17.330368793015946,56.90663499646205,6.274414385173071,0.08119603652854601,3.013154770738656,86.1079733246943,0.23452455956634322,0.08585198707967166,0.19426086851188942,12.452427809354367,0
211.20859932763528,15.059418656909438,1.3205651278709156,24.842857952952063,1.6000602799776917,2.467650608308093,0.24158889934523328,9.792902405241145,0.01697711670499211,219.77393900334252,12.672498168467918,612.2846021701881,19.191477669292233,0.19244142410955178,60.049462937705805,23.67899941120839,35.544652418052394,2.5326314520400417,1.4559621683027182,1.9930307426566745,40.907826880217726,0.6740540972677569,0.6983498148800378,0.3193659948955448,66.52240771100584,1
130.32845393983115,5.962522407239043,0.09923006033826108,3.8300263042553375,1.2690616374132029,0.5702805389040471,0.22231735605729563,15.489189517481044,0.00981407037754249,244.4695335755959,9.530544727081093,487.1689775287475,22.81516063581218,0.2667904947186084,50.02469616279362,24.203577108735804,50.04994972290098,0.9264961548965776,2.6956542604909495,1.938212109890063,81.80811770611314,0.187210633157563,0.1290296989913835,0.3331080161470718,15.709531300936003,0
161.78969106151354,4.440319506325968,0.09197979525298543,5.940286855302912,2.516162087346452,0.6105908488483879,0.18301152137810026,15.29487934934907,0.00869741116992722,231.22128477318157,10.752415336810346,473.521212715085,20.393059983846463,0.20414981868965532,59.576956252153536,23.11991474060717,71.81014822668033,8.541193888361452,1.2283504833029206,2.057553530912657,84.78255221248064,0.24677948101195935,0.08615014251453461,0.2615819136724436,17.826802926199665,0
110.54066672805428,3.9133824421313594,0.017309575452796922,4.880608739844483,1.1513544504055648,0.6961952036496901,0.21995685266992146,16.722524700537928,0.01073163141653669,215.66778897565098,12.700028204377672,519.5013818427892,17.091607742256837,0.28740696874174626,45.7916425612144,32.30584694591704,44.844351766597796,7.377442124791418,3.675128261764014,3.571150153873951,84.06669020730266,0.21264160049864708,0.08274556263674226,0.28289555408237105,15.25012024917998,0
162.31446399471199,5.067566848436105,0.04722098233286857,4.405835197702553,2.426378224478052,0.4145101928544431,0.17476794907764642,14.197044810139996,0.013026241767668308,208.36450807456646,6.956916853576967,526.9189461596023,17.68671265601593,0.3267586672732152,54.76822161851447,25.038651793172868,66.68658903844414,4.530578949239428,2.079055888993824,3.114684622408988,93.41070221234052,0.146060931676025,0.10813794958833294,0.30789543647427786,21.673967465175068,0
283.8513799072264,21.65313282563801,1.896977763331562,29.360346457891183,1.514168145034275,3.3196454468604193,0.25798626493900406,11.548173649908772,0.010993252735772362,216.75764473405658,9.281573626196552,452.6676385116628,20.614927581411607,0.25932183969516015,50.921549319138734,22.215433391620216,54.23066019368706,10.08466614629495,0.661487239410886,2.038116453145877,25.613483131708087,1.0058538067052933,0.5882031581828695,0.27215297360984825,80.13646132054122,1
252.0300407266763,16.443599189607973,2.362570013507526,50.50402141003687,1.607821855082687,1.901268328873781,0.2758549405417581,13.828754609795375,0.004794533347159781,198.7962164644414,6.56175078351901,499.69937588290225,18.183996365492643,0.2544956500079069,47.266733654188435,34.49142143007097,57.17937711725103,4.173523069717095,2.010993981355145,2.865093934632523,42.4940944814281,0.8796621242459385,0.6854768585823895,0.26068080445516195,51.56124754620695,1
147.91577127575283,5.871692201827574,0.09287996129294869,5.245756928424052,2.115760273808249,0.4695168622152203,0.22004804458376515,12.057749929474515,0.011160771169117326,199.52993270606564,11.301739959113581,533.0936167649779,19.324177909098637,0.2815568196623405,41.65903206093669,29.353803298107096,67.9673543303107,4.269312738550165,0.2518781002529693,1.769946498136471,87.4916979591442,0.1882448904246838,0.1059328617390918,0.3295725262763741,18.68389130760283,0
168.0951129933186,5.770280411933638,0.14414659786850867,3.0351869457174407,1.9836928734663437,0.5927283825837025,0.1630468936940122,15.519044619730563,0.012234518864398511,202.9580379755773,12.472996343197323,560.7896853384649,17.40093665725243,0.3102237631071616,44.944883484536994,36.829556783174205,60.75504181824798,5.7960615592185665,2.673100993946701,3.349005760779632,64.79806876965891,0.2581101976084698,0.1016206939710529,0.2870272863078948,21.11532507286323,0
230.52745983287488,17.68325277875277,2.626178069031565,43.78077938094037,1.996438917236466,2.7598383065069276,0.29902692334706554,10.403539227689581,0.0054963499318506194,165.19149516475372,10.915198758122017,526.4899818327375,18.910368150253284,0.3813614992585945,52.41411686185483,35.555214020204915,62.84479462373406,-0.02747061543734563,0.4345003899290895,2.979926278903181,37.34525448852949,0.8912875235559107,0.7487355219322203,0.32328563318993325,77.12213912258194,1
296.7224404824786,14.530536265907097,2.0407519607702125,26.9536821228208,1.1275431293867995,3.0790419096359143,0.24564022623028317,8.402500337586984,0.01621860142975487,173.4163922854278,8.154418614250105,521.847230797801,18.804026245999278,0.24923932597003634,50.14148533892644,21.475265012621254,51.3236586910907,6.310979410893823,3.0373157695279636,3.401539978970714,42.143553722408434,0.8075338803398476,0.7402442894360849,0.3049113897333506,86.0208838535123,1
168.72167391114934,5.303325259431057,0.03788442321578968,4.067352605843117,2.914092749106236,0.37379702582797036,0.20624591509282103,14.991567747639666,0.017596917167700548,177.5126705235746,6.978767779284835,523.2515559979573,18.669190400291107,0.3205421420864046,57.86028965797605,18.40626278500234,60.93121868679736,6.442690426625639,3.033166194786335,3.2374841691844827,91.71705822399758,0.2436595445584634,0.10245248832503004,0.34654736805996517,23.499835143987216,0
354.02822556477815,17.944129869219523,1.2007386034164425,29.952569526703726,0.8342052294210531,2.3452416129924605,0.16559368756330708,5.11846828222725,0.012749418010536312,186.4258550359815,10.416274920256516,524.4315380293281,23.910310703129202,0.41569328067107025,44.83391054133939,29.932776429684186,69.24282500298717,5.93410859402559,3.1194395002156865,2.4233467735122436,55.57998612892706,0.9276467318738469,0.623947674125597,0.2862887760284064,92.58622158182855,1
321.92082893991613,15.949424028385488,2.0936515581553747,37.32534333803513,1.7689416604768626,2.8364022271725684,0.23644293254792634,11.840328036305989,0.017059601670658897,225.46487259371258,8.729106381086165,394.6808082236856,23.293303931565614,0.3109652456180712,42.59071949607032,32.10774200207214,60.097618643624244,7.234595783145478,1.9752813385979977,2.695029223412766,46.40982384965368,0.8765002344875777,0.7654783128500414,0.24577083763355728,89.22439705929578,1
155.50559665723804,6.374130775507694,0.08083547280760042,5.679699755154684,1.802411530020801,0.6707698712064885,0.17205481404723164,14.115625799151074,0.0059335548218504355,220.58367424256733,10.779414078669843,590.6141587483686,20.142636946518778,0.24966970501815935,57.7149497747761,27.76960093721781,55.89288634201217,8.176836854340992,2.2149967805000075,3.401218723241547,82.01251593006663,0.2535558315091899,0.11358085755966557,0.30152293454606577,20.194455853522328,0
343.10376064809145,17.133834820309296,1.7446364520738562,42.09652639153765,2.646822440881679,2.045645032993243,0.1440760207064084,8.698680258335521,0.01026411463372171,216.74752706020774,14.357517012665738,548.5296312556951,23.58192390268272,0.3714702976948323,54.84804641102534,35.64814831111772,49.58567161082154,9.987029770233178,2.7953678461056968,2.2192244430430965,36.48033670590418,0.7991928867102963,0.679877618129231,0.3977022864339056,73.57922617359533,1
268.8029374904149,17.662129324769825,2.211121301484731,31.86955558275679,2.8206662476775586,2.0058402863951703,0.22686075789938145,7.34701341886496,0.00840317219001589,220.24912481996466,11.717896025988045,520.0076150995433,18.42399575568478,0.2170678379587041,36.86586154923436,28.698362677491463,52.08368942299942,1.323075339778153,2.267662274325049,2.7682021913027537,32.190066185182374,0.8008727568026139,0.6140052530360612,0.3038101810009171,77.43695098146122,1
168.16887991562152,5.677667996053671,0.1356618226086257,3.7977426383936432,2.3824651103649575,0.4263145653535244,0.16074352071456632,14.062737632661007,0.020405725345331107,192.91958210032027,16.513027521662842,516.8335151224154,20.416537263685342,0.34823299058304763,46.94162626932381,21.178419313664186,37.517092734841206,10.124440319250573,1.8963246506730527,4.072705188684218,81.40404106067096,0.13435259274750813,0.07728198546918949,0.28401516066545873,22.54015640680856,0
335.0038934350457,14.809066024121963,1.7478233247842403,33.23310214555449,3.4201703493393762,2.556957469997244,0.2026127888830452,10.549987370267385,0.015122998678120513,167.34198416340655,10.578368579574212,497.6228586460276,20.646248498226523,0.288132163423348,42.124088129655675,30.804231252588654,60.25611005072291,8.000218176744617,1.857370258581756,3.0488259186255062,40.96381197789361,0.6721419638679944,0.7046921986017421,0.23924462911146033,73.76069693112628,1
165.20764883110567,3.9053146632678395,0.1798569708830233,5.004675435914835,1.358564928120336,0.6261747905444213,0.21785194381774275,14.872974605568889,0.011013868461479948,168.99356956250364,9.839625298582867,480.5838352960479,23.81473962810074,0.30803037072344874,46.16285557170774,30.116941186364254,66.61721215012778,1.3316129896849223,2.354284924631878,3.608286699167282,88.73509586304847,0.2308712281487483,0.10022824131303251,0.26031628823741765,17.633815104412133,0
216.482897381787,13.209005897848963,1.816204757833564,38.13592866476191,1.5765628743961264,2.9094534609689404,0.2095084383689285,9.455282873332466,0.012054163799422023,165.3121829733994,7.312527450768545,492.24443919938545,23.53339689041322,0.332636983120112,46.06622108287061,30.359589578664195,47.05714509681353,8.97151019682361,2.303418409003331,3.915332768001787,49.68071594978986,0.7109577519107155,0.6264607301391559,0.36600857361953465,65.8728130674114,1
134.06654212722532,4.7152855642799825,0.10433348583917681,7.349052302369698,1.496150396100063,0.6057035847265835,0.25579504130394204,14.226995330423035,0.015634763276872084,219.36192508095024,12.097411402335213,361.3093385319847,21.137237047743177,0.23376571491694356,46.89626607870559,21.49541778373603,63.49797315887774,6.085476771859932,2.3012472686963346,2.2550672450041045,89.72666121288351,0.19284873176531803,0.09474910864725686,0.3057606480292981,28.161574508226906,0
154.27557500450794,5.7741573209353065,0.10760065607706043,3.647096464186973,1.8297012947565237,0.6604681275572633,0.1332945672964998,13.527238651614432,0.008626238689785171,240.4164276675436,9.896832074722349,525.5238347332161,26.625040454790813,0.29374032708892434,44.54779950978643,23.349436008253498,66.52088179823087,4.431656524288307,0.36783708928475845,3.161905271253644,85.93708906890868,0.15108373394887573,0.11640083163942223,0.33134534375192937,21.154670517316728,0
289.2431397061676,18.20788923408337,1.9593857076811934,42.46341465213257,2.55259988146637,2.9173882523231973,0.028249050536793226,11.71488307986786,0.018038457850092546,181.55667260942474,12.749325845796124,516.8392196036084,16.718259447901367,0.3082552028140656,43.51696092089038,16.615643252331544,75.35569151459569,5.933264203206824,0.7176091903068668,2.709395097382787,49.33303572808775,0.6820259894796684,0.8155923658722463,0.29265248676294986,60.26525748011885,1
344.0099961422924,13.11104594024635,1.5000926136488744,33.467978102377906,0.717310427739591,1.9666839341846205,0.3036430244760949,8.325388637308114,0.012023369484305272,223.7921460274639,6.195508773928632,582.4640957231967,18.94162432144826,0.3083801891166443,53.864822565699654,6.531926085827975,72.93481756195115,7.5966478526040415,2.230241602992094,3.481533803439825,28.172951774598168,0.9199613955805276,0.7080891349445211,0.288267775666455,71.55812020708177,1
183.97464917866054,6.156099979461774,0.12481864636899988,8.86746872114658,1.9173693901830737,0.6732973828307467,0.20077331038922194,15.980360200669049,0.01844389730565206,216.45895285842377,9.684846277606995,498.58483936034617,20.117240886270466,0.19284371087807045,50.37884966348287,33.960090337613465,64.37700580034792,2.7751758827229165,1.4103270637673395,1.7167061993217894,78.90781516968484,0.2569691798543786,0.07845120305227049,0.32936890900653915,10.261349234061443,0
177.95633766901418,7.559949696042757,0.1010930613857084,3.5429245445446313,1.2824359526714848,0.5724917019148869,0.2006956812871056,16.272408788626226,0.0032088437208177356,169.9868220234588,12.873643274212256,504.84603647320046,21.858337574412783,0.27165401668237954,49.57581932420266,19.452576771817263,83.45262551801927,2.9720358333486514,1.8735507314179856,2.76844253340943,79.93241772336877,0.28425639044449763,0.1040040810200865,0.2597355297297387,16.794411977095965,0
356.13758418433343,15.914514224367618,2.346841412051725,38.747398550269935,1.994257625227757,2.6636619883820734,0.2605374585832598,9.945761887252068,0.013686790813619272,188.87380894416947,13.222789414416143,451.19111108883874,20.554322248509735,0.32115243063368554,52.47513165372213,19.32650511748535,43.27884204143257,-0.034892454100427794,2.508508536625283,4.035372812377919,50.8107816403838,0.7802248617503597,0.718128558167936,0.3020387908255311,76.3274741636641,1
160.4306501211585,5.235969065966033,0.1370653718803058,9.435822163211945,2.178691450049983,0.4195507241767721,0.14491217506227225,15.361769789402906,0.009201046597141873,187.70293721149307,10.693778342276946,432.85069971419307,14.318777229271566,0.3158297545391091,51.816152245266444,29.771526138769698,71.10433789455749,4.679510602427142,0.8198028230619827,2.940208687226784,87.44831620199764,0.3231773517987101,0.09965902073894145,0.2296253676651626,15.743795732565756,0
253.8008340066696,11.939638988623457,2.259315958344457,53.844750680897064,2.6673465785721286,2.6415358998036456,0.1352137761203277,11.149295744433054,0.009539143893187576,159.98258263379194,8.611837609880423,504.36437522718813,21.381553746603803,0.2683186240863763,54.17849707864523,19.22268631849028,72.60840133048379,4.618674240680069,0.2465249372030941,3.8446056646526734,39.48208136314156,0.7461464503194544,0.6431408915212776,0.31588658906876826,45.05574749950541,1
300.9665507314878,16.437721774431743,1.4109510123784497,38.98747643024227,2.3860589253958815,2.4070731620851795,0.2073303488211404,11.868684841677485,0.015351212944569679,192.01988614628152,10.869898222751221,511.8858510486443,23.763450110002914,0.3661238534043652,39.47090397506646,17.926581181228002,62.86176468540001,4.9221025551107624,2.2760623038542644,3.048617456826749,63.39178219272925,0.838141550752426,0.7897135508310927,0.2684477231588792,59.880665546449436,1
182.42717280485007,4.3764552439850695,0.10213619187953474,4.37393323768282,1.710650499959161,0.5649483456196901,0.14428261431497288,15.670761131328756,0.00943503014635299,191.30141242863033,3.9386008673876045,469.1031690284877,23.053547796648722,0.3037567124025221,45.44992121464533,23.147496751360745,58.743500543222574,6.501747692074198,3.279721189390496,3.1633353105899444,85.48439955255039,0.25722456269944055,0.08181516819056163,0.2962397925864507,20.131339217537096,0
254.7452339736588,14.917790821149541,2.1974803648255232,39.120765689936164,1.7704758361072417,3.7430643559228,0.31670419910287106,10.256458211876021,0.0017012714687636738,210.40868255546866,11.154415669248925,506.8355221945737,19.837538798321848,0.3066996914711671,48.52233068948784,22.16669769710917,94.97801412212523,7.17606751957222,2.8667097804524913,1.7892119359067933,30.38338581513989,0.9111127705453115,0.7584177745472105,0.3297492302813099,93.89654987031538,1
250.28163296228075,12.706503466847593,2.3893579650196712,40.40404082708737,1.5532219578315456,1.8266100959583869,0.208797529512913,10.033952471283001,0.015510923797467862,167.1713835574434,7.747212425702561,566.9747688583502,21.850235109664087,0.2546944878056952,57.43266444479427,24.008403584545725,68.03647359038769,6.140443230185985,3.138951786047642,2.8886990348447106,22.520903784397056,0.8723586361388022,0.6176211905194496,0.34566414988165967,78.33868735969432,1
252.15388385268216,16.75857177951385,2.5445642065968084,35.096682641461086,2.0308873010586552,1.8355808793881359,0.1273537534570523,9.837771147094475,0.011404357184083424,183.9643402344562,9.027401365509554,552.488831629467,15.545527988526736,0.3902958659724949,57.21858662590364,26.72031749604691,46.049939087459734,9.358021587063558,0.7431828756299392,2.706473600605597,45.50094122737111,0.8535355315928103,0.552469703812275,0.2971252545379412,89.27560893570747,1
149.5093857981791,4.8702848672135195,0.02077982161044455,6.702097022954279,2.194515215109865,0.37305470094564536,0.24903409019418873,14.004390614620373,0.01695537262030447,194.91134457028446,11.511854790994551,498.18600722595005,14.98977754667212,0.3507082719750674,49.5158703993204,21.706056976287304,77.81157302394976,5.401894699977149,0.46529982966743555,3.125712763225322,91.64577591204676,0.1128560019310856,0.11945483667600051,0.3145371287012127,24.041661812504035,0
233.62233359353795,11.463472536358223,1.5276754254765894,34.57067399562154,2.023519392126484,2.6841190582868917,0.162460905485111,10.356328323263567,0.012928979639104443,186.72495240464508,6.334064191922531,557.6348641651317,22.605579972266096,0.31925625359091614,41.96774461151471,19.691201444591726,58.53563412392652,7.252900190784006,1.2192336306463134,3.7156231312578147,16.055748375191893,0.9434745301278212,0.5377421509846455,0.2583041334697217,100.68094821101556,1
125.20779265304797,5.499774563567484,0.11446413417912041,1.5007720649175589,2.101216350786805,0.30063448967464795,0.17164553490356954,15.218435514014452,0.009382429975138638,210.94762722440996,11.525790635216799,548.1857805977628,18.945167720795137,0.33757907979025176,37.76006984871139,26.74774075244973,60.83428882099137,2.2087800573942618,4.501515222159286,3.3833939740568177,88.42373621067453,0.13233599536619978,0.10208094410258231,0.359356983188421,22.709545748224567,0
359.8616516294983,14.77484776361164,1.2321109352483797,44.60609561532002,2.4623521107961635,2.4483180192671896,0.14999369311747496,6.6488524532840305,0.02323937447410638,222.89644691068017,9.884187913103005,432.9687612186217,21.273867895400045,0.3239727547891451,38.370145346333736,17.955187328756953,76.81156075271916,6.374578826472945,2.697212810579706,2.7457100866832476,44.412067335452264,0.9045675494624901,0.540376686674365,0.2066092348211183,94.41691159966985,1
330.99745695945944,17.384058012885934,2.141047238847676,38.8548824948991,1.262500259833057,2.63217431217121,0.18169095749110367,9.185106595055112,0.008315179144255162,193.02837825790198,11.579103106535168,457.75760392351657,13.2657075347737,0.39219371100762207,52.38673271776254,22.78492702647466,60.12384317644877,3.743851628060821,2.0605699541045497,3.3398695523696795,50.469386414794045,0.8745084230736668,0.746134468657389,0.23965165851215875,89.00036314878149,1
184.08013804610124,4.241742832956718,0.10554167833058499,4.498259773475643,1.8572182441487075,0.4125296072425893,0.22122426227482192,13.302884579289746,0.013273290249550925,218.59094922390477,9.04176907139618,426.89563968686167,18.933650443958292,0.2732983279376631,55.79844190629889,19.651804827518763,64.37765166850366,6.8242977764304165,2.943487836669069,3.683615994685514,84.18825845488034,0.1498833047003388,0.1242675196350564,0.34166323657647,17.842252495487767,0
164.54094357718523,5.2779727678883,0.12077292189619339,5.412180128969251,1.8614479503248547,0.34719227671088004,0.20223653062685443,16.28070849067315,0.012144008082434363,216.7263619819997,8.597970580825992,583.7720786269089,16.569883026785785,0.3422858376739584,52.06298344775337,20.304381892343052,58.658451118853556,6.009643313278428,0.9435277428155888,3.7894851177244973,87.51293115948653,0.14894284494156038,0.09976125767481116,0.2878337378854161,13.613450908678184,0
364.6106938175633,15.662382860652487,1.4274605960908726,43.21283848690645,1.3326386661211507,2.404822376893876,0.16933438519589872,10.580520967952964,-0.0015532293674735994,191.86450280270518,12.83165329589695,423.22385930935206,20.458816336168546,0.2681801608850012,45.81749037352542,21.235809023433074,58.83170401580416,4.841533219453137,2.0446080869627243,2.913508402567959,31.66591420533008,0.8612238858042145,0.8513031030936681,0.27706624237958155,69.17760534751554,1
141.68358676762384,4.478450328689068,0.01745302502296191,6.118295473597438,1.2203680739732594,0.6904420009400921,0.22636492871635935,13.909928595189172,0.01079918810243688,191.6081870058294,12.728504827644432,449.7015313199467,18.951537613996816,0.23347984289765564,47.52309905501498,26.585819858747072,62.103737571860975,5.278615720292531,0.599372416983786,3.0748109618651673,76.88397166720455,0.2695399050149755,0.11875465630409518,0.29109611701113103,24.405918474098584,0
252.29910353957735,12.321047735175615,1.9568983902973778,35.556651689541006,2.091466333660895,3.5918329118191767,0.1846177417797154,11.205141783082487,0.016523155498272112,177.36014855571938,12.791616800379872,464.3879118776761,16.60634366045859,0.33306535776641266,49.3296551238407,15.425643624055386,72.60397251886725,6.481980961903349,2.499463900643041,3.184920533808451,51.071257890695634,0.8511824738538396,0.6904062269734449,0.33939043905329896,86.52847145611433,1
314.30352425811526,11.487207823150376,1.3925983133863387,36.80492570528993,2.8391747325830976,1.7240886422400155,0.11092684292325068,8.132935926440258,0.006460114546566527,219.44876315526596,12.115486720830674,604.5508707345559,21.68832525664559,0.1495532731511703,58.459564619258366,27.156015809627046,61.067802590238365,6.108251721386738,3.0612980271747157,4.325456207818874,37.55813227755794,0.808440432651268,0.7262514556896508,0.20333987244575635,77.32174863430254,1
313.02654707767294,14.762773973796545,1.2778080079090657,42.34320222158859,1.1829694649394786,2.168331303916272,0.12912884026062613,11.002723909385987,0.007356795694467276,162.30709546495356,10.84123103187563,392.64356071142987,22.291263324082358,0.277830864251059,53.69716636508162,19.16656170657377,36.17957071051228,8.021314648161761,0.35118502651220623,3.010443735230271,40.88922435447577,0.6812526692908527,0.8281237207046813,0.34979764295981264,68.95635367566932,1
170.416907644088,4.118613233370625,0.08801670059369067,3.9958107688131763,2.0080471403794142,0.4905607965407084,0.1850367344799535,14.78989076352563,0.010241505930782803,262.8444611744954,8.025596220398077,430.0597320386699,22.113291226766968,0.3216629752615516,51.842787999905035,36.40042055283422,43.540070540803825,5.497967383628212,2.8579472851715035,3.0273614792056924,80.90181325474825,0.2141900696147369,0.07217988961201546,0.3664374838399144,14.095672430474469,0
181.57926024959892,5.416888989129614,0.038413500763387676,0.3274860907069437,1.4004902696734067,0.595804488628642,0.15422042465976726,14.554613128041925,0.01455307467867469,195.5791937451571,10.538155573313702,468.85594024390105,23.82874359493957,0.2742690661636522,48.74023512647819,28.254153658160227,63.33032381837484,7.601034477814242,1.582117258279302,3.1673605310808015,89.48675441173141,0.2079251225421134,0.0901091510294431,0.2764235045360037,25.202328282678213,0
173.24026012500113,3.2943498138257885,0.14670065598436444,5.218576794071567,2.001879557570727,0.6592656929499511,0.21669579804353142,15.823935214327301,0.015920296991175444,192.30693333457967,10.641818072894534,569.4433543312186,17.95601330510593,0.25879288692617314,62.32172753207192,23.77534119347988,43.099166112180654,7.95313488374201,2.7099422488005684,3.2576952802624923,87.89905454543194,0.16127554924772278,0.1122188900315903,0.33876419909115346,24.138386888927542,0
325.7999236660808,20.269027461114216,2.9056268520890143,30.85473213527676,1.43813574935458,2.417966859204615,0.31489892296103755,7.2160121298970274,0.016616672471720238,199.52097369728122,11.640774396103065,527.6654075742541,14.189615666677753,0.19268023781791027,52.08101918781599,24.207427532798857,57.61669868754029,2.8546153746208134,0.8031705372733927,4.03249765923632,38.68784683607378,0.8419520814950099,0.6920545689029135,0.39130868551341463,71.37949434522082,1
165.32658590623373,4.397274396274273,0.1362010173571401,7.539862898929822,2.599115490515352,0.4849125406618008,0.1754073007358595,13.062633645458982,0.009213051733496342,209.27814822318982,3.438682577354938,456.4369143529798,19.743475855461572,0.3351133255650096,50.80141097762384,28.3223820543625,69.04753625645974,6.188889968957819,2.918093569193204,3.7920502296646315,75.31585996268095,0.13000520464750207,0.05627073757221932,0.3592021747626005,24.449254067339986,0
397.5176012128463,12.826428268660427,1.8141805048390862,22.295457292449402,1.6585112864406233,3.0468818531577875,0.13801561319572633,9.89064000252359,0.0010987300346266037,177.85727237046208,11.085753237359988,572.2926013821924,23.073882798175337,0.38179244697212844,57.54117479369538,26.104652176790978,72.42728709404899,4.599300249559037,2.2184209904997956,3.167058681306256,11.748452264902065,0.8400901781375144,0.8197458254799098,0.25440076008866275,58.998634812478656,1
308.8028450065029,18.281314165902685,1.2751818730118294,33.64228789740605,2.8564113675631364,2.9919058232299207,0.14954195729252673,6.947759687972235,0.012656081434701613,200.84157081005995,10.536026361554782,377.3638644351523,17.54661212571047,0.3582934064707676,48.623860893253315,20.908788215308096,82.16990707333822,3.1039218331483007,2.73031991489834,3.334113232355758,16.408561075772763,0.8658283431152258,0.6057336156569033,0.23313364191420313,55.65523378947898,1
137.6304321189318,5.252049408901187,0.09706276698738361,6.5187933192710386,2.059429007235273,0.6818322209870238,0.2172940330888722,15.206830348870442,0.015107187055029607,216.7726074147976,8.367064355401665,522.6086681564146,20.746767142879598,0.2677705668348188,50.61589270125291,32.25482320203946,55.34587511358851,6.2419051461666655,0.8841134100664954,3.0042378960757476,93.08550814401222,0.2653314328578017,0.08618525000899241,0.3344086345617782,15.856475813336772,0
320.5989404647414,17.481359010446127,1.659052068606058,45.59089212068815,2.4723179544105784,2.110736561048258,0.26146952944682206,10.897466270396016,0.020527028116873274,217.19930133268545,9.104266076338023,574.5495568577193,25.178744882651294,0.3738690667705922,41.45942384509056,25.45314346391658,50.0676587488021,5.33853719334635,2.3399623400850573,2.736630943355964,35.62281271151842,0.7289202787758594,0.7313189433884939,0.2419246711064365,55.95874976175121,1
382.5569360644069,14.229199781925121,1.1982798507261794,24.495677476700216,2.708771262852871,2.5403867866718306,0.26008914145687156,11.645306841478433,0.006874626692128246,214.15796692797826,8.470979058614144,463.67067005400037,20.10746498630848,0.28497117104086656,53.130365107270045,16.892192059454864,57.41467375527988,3.12013358240899,1.4152831884157326,3.079655874683221,47.60973990221541,0.7789562393979692,0.7438972315093927,0.2698590291736478,80.71572576244428,1
248.99341783438425,18.760076252294002,1.6800525301283522,19.44140062343756,1.2594211736447494,2.4962996426292623,0.18765667086075802,9.936541698293142,0.009147726488471794,191.61208597180334,6.172888304911005,598.1922288308348,19.914115851553888,0.29431361772963166,55.02544790468696,28.490650891113443,61.362053189425644,1.0850039655938521,1.8113261748126452,2.967676658612591,34.68206817714384,0.8442804055118451,0.6337377933713755,0.28725153324691133,85.69364016976175,1
168.7407645577646,5.763532132730462,0.11348500898907363,3.246885949423606,2.579588510572464,0.526483938096937,0.23907216231412706,13.411714439898772,0.011204853376909792,198.27066488224753,10.49006340898436,553.6273452199647,17.417915924095865,0.27058079471250207,49.79105461699765,30.12900801506593,55.154557862939875,7.145745166925156,2.6019236849739547,2.930534414993716,84.95885047417207,0.30688951079555865,0.09069610894585267,0.23263524220955897,11.834596224573133,0
177.57082109504478,4.8153267324810205,0.10152713886598307,3.750652606469067,2.087193894385592,0.4520645638068987,0.21716237462065927,15.264941361737618,0.0040582069545645975,189.78915094548893,11.27727655527895,528.1472795453062,18.69196547977879,0.29025814578006276,50.258044562892984,25.479857882785033,56.6767405261507,8.6662138921734,0.9263956979755363,2.933281976548692,83.47392275421204,0.23932887258306337,0.07963066796268553,0.20431311668169522,22.80784691375616,0
132.65151141987954,5.0241530196041175,0.12984236431146098,6.999847953222895,2.5339729889355134,0.5795979164444904,0.26800227013657446,14.944789462296196,0.0074110045083796965,193.17364522017405,11.927583836155629,479.12694144667256,18.243156427684095,0.3537722801863551,38.77012927020843,29.710695195860655,48.511594112106685,5.573542439274251,1.0389611740201796,3.30645620258474,84.74476000300038,0.1553323612997791,0.09360887508459544,0.34340484253076425,24.68952109302311,0
146.15438861530794,4.920157638580197,0.1892618013331117,5.832034582110298,1.3770986162224315,0.6428458902823387,0.14504689470720572,13.79356227399197,0.016504311045953665,216.27908879957286,12.169326873722149,409.174813314851,21.048641739670487,0.39059854345108563,52.5975785858433,29.767063042173092,54.411690929888366,4.560418850553123,2.4165126311861065,3.4778297322215463,86.16160424746637,0.2588418722295808,0.08460808302129959,0.27622503588135844,24.380967773487182,0
284.00925544584567,17.25607592865377,1.8708621384836244,35.961033909471354,2.077955586629495,2.625967585675893,0.23394856616568013,9.162009805612463,0.011728164872999509,174.80299280045242,11.79162413963862,499.52484815970564,25.04877055185211,0.3662804857380676,48.17326638949027,27.784233314127615,45.72990053883546,8.074752381606716,0.6346463235972092,2.7712588295980694,42.75508847979868,0.6907732792385485,0.7475641785454304,0.3658887450876714,89.83889671448556,1
154.50950439650944,6.020945332896677,0.13008128400864663,6.676785174287799,2.0044391305131524,0.4632556545651325,0.15026018819602638,14.543974100355417,0.008439313639371032,190.44948147202336,11.428332907910395,518.09424968276,20.39347578258633,0.3464621948654016,46.24406563258628,35.543939006969865,56.728298058928175,6.995619973614644,2.375838684456763,3.5652316695694672,89.74213584221256,0.17931529440359936,0.09848498799488298,0.2584973955387761,20.902965562222526,0
315.382507969885,17.075492330619465,2.058389181759646,39.12259874803088,1.8635148981165974,2.5238465611351506,0.1979679722206311,10.272737505876131,0.019268210040798657,204.08726026538918,9.579671231510105,460.5702926334224,23.923663752230805,0.32026696111188013,59.72001617898871,29.81740525179465,69.28910922171764,8.872512002292893,1.3291289266467654,3.69568887923292,32.60085537372251,0.8703554562819314,0.6330811318509411,0.3181302665596772,92.94822504883639,1
330.4257713557698,16.49761756877569,1.895978599995651,20.148683258421052,2.132023362565091,2.3011186666781294,0.10456837869103333,9.8650145112411,0.016375422506652606,197.76866017043554,11.661300171542832,447.4704748941248,24.725961806623378,0.25083622155213037,43.89934145546122,21.76638789118633,74.52475301199756,3.642686789444581,1.4577645496432774,2.333179528314273,41.882800233680044,0.9226505035649039,0.7022013095810894,0.19065635744508802,75.31380721579607,1
342.89435235910344,13.132326463819414,2.302678138246013,33.930533785936035,1.7237821961044832,2.346553037652257,0.19395675387132305,10.115155135299286,0.007719968615992455,252.62377127658786,5.297893190230658,512.205213070708,15.533953535067639,0.276581569318361,49.540410066957435,26.750440606973235,41.53641871678576,9.040618581585438,0.6371020227309268,3.5936941767016912,42.43101377250542,0.7261127133430948,0.6907493625290294,0.28954217258147497,59.63582953122193,1
344.4181898369337,14.431996518421444,1.48377087318042,40.44890473383233,2.008340257142649,2.1359785263177486,0.15297592389372414,4.898658692384405,0.010360994763176794,214.4262154313987,10.732122073773617,496.8209106459896,15.958586637983053,0.22809564577247804,48.18504426210502,17.737559075076085,45.4124174350503,4.246657767733396,2.0817763923845427,2.6239839808744536,36.510944147627846,0.9420829486495832,0.7694909181918168,0.30582609436578584,53.481266778382185,1
332.0022510915688,10.741969319129796,1.2690184877705355,27.023733423735454,2.309072359754203,2.199576513498034,0.17831250511785457,11.943214356872046,0.013250446603097394,195.68893118185733,9.251582526186152,529.2557404869567,21.181322800864933,0.3578895477683449,51.06774826684715,18.27510799325358,75.20411913959389,6.711732782692641,1.970587912875736,2.746708361383326,46.69216627426369,0.7906198090372127,0.8050347956081316,0.22609179174492364,66.18204788910516,1
114.01167905738706,6.317669749520681,0.11819032117010478,6.53344722826294,1.959627057453835,0.4401364421602492,0.23571825564072763,15.643535759673922,0.012906369495521486,177.2259972101892,11.779768819290156,451.8027916727175,20.48237302085135,0.3318560798661795,49.665766167242936,21.26129894469975,55.47771891762207,2.206157205478388,1.990249097238407,3.87120264962898,86.32531949965296,0.10735683755311254,0.10458082494521596,0.351843271252214,24.166363536327015,0
316.65715384749905,10.513133074313082,1.8923428745651467,41.67358454221632,1.5140673119175023,2.8835455941340444,0.26919109705673383,11.818610900930375,0.019724379925647018,145.53533213606775,10.088601455143928,464.878554142763,16.012945657171183,0.3164833233281253,46.37406003847894,17.57248560990086,50.36369776835133,8.478775839101692,2.8851537316368403,2.8508105414028937,37.75311365520004,0.9598689825001956,0.8381085509594081,0.27804344265657555,69.78178466792058,1
153.86173459130092,4.810009143767629,0.05291605777318773,5.273834255269253,2.3796059223138495,0.5395403519703142,0.14140018621848338,15.811521626098184,0.014637803718820596,195.2460012545345,8.936915922321859,635.3090073056511,17.006892371676166,0.29882749982931,48.75634810491266,24.68406383985789,65.481604978309,2.0660625644628334,1.9375983534258805,2.4151070422757277,84.9207811132537,0.18543450315076968,0.08338609132479123,0.2889639586894777,23.15081791853754,0
179.39559987697692,4.253979729495205,0.12333929255341032,4.3558108971530665,1.9886530278258407,0.49434173481560445,0.2640574352783142,14.113757095444283,0.00832823018300863,236.33310658828935,6.647434229440725,538.7810312309391,18.770326192017055,0.3089126543117303,55.87748080194682,24.251244762021674,76.4724340046807,3.7424143184373055,1.8679967425309347,3.795856645474544,81.63284105349099,0.2016286641902996,0.1053501107364496,0.2763276956060668,21.112063601660047,0
133.08897652392886,4.999154201528484,0.16351474578924416,5.409130514081178,2.0189541479155513,0.49650275172075364,0.1126232751359354,15.123479975861454,0.006619687164933564,186.98715496682863,10.570704159216923,480.41874545924065,15.101882618412994,0.30830593025919245,63.74936706002984,26.85923163582757,55.38076943600125,4.400114999053914,3.614606857741575,2.541868210073253,93.31243726969461,0.22423175224411768,0.11567909972569465,0.2532871914835153,23.813784745637154,0
127.81255809743675,3.595277344172942,0.16926932292432584,3.0162360756622517,2.506373572017412,0.7127058105002851,0.2364623620019905,14.913360511636668,0.005259112855321457,204.62916379532143,8.227279360617054,479.2148648462841,17.418247425235847,0.3021078309786403,38.48285468476937,10.863876857092773,72.31157134221377,5.067213316472944,3.6760297961875015,2.920520853237807,94.96555260998923,0.2158115146999311,0.08202668260286913,0.364123318351151,21.845218349112173,0
104.48558338752143,5.9961320788891035,0.03627687398990076,5.532713586183345,2.521833639321772,0.5078989224456182,0.25909996809185853,15.276207779777744,-0.004793578305825131,219.80498663490064,6.3549285076972755,534.2892439362906,18.12657454419058,0.2831704511003254,44.87686373667818,31.099582986033873,68.69241586721864,6.020033790857944,2.694920104959703,3.733007176889232,85.75004836453786,0.2369508452473486,0.1029202552822547,0.27098550595923854,17.60055200112746,0
419.42670294183586,17.720347422687436,1.89034120352165,45.2644469948267,1.8019347030227608,2.8415224332631865,0.24401678064466512,7.720828113793294,0.01195308750657985,203.25086975614616,11.13676238884167,509.5794126099237,16.774452408003683,0.3078713141236189,48.4413870696065,18.370319795977057,56.70093264440589,4.107329121931417,2.804171607414617,3.3339371761214953,42.18892243439316,0.8226540627587001,0.633984199054227,0.39082933439571654,45.158455005625,1
126.99632510158281,5.30631280152741,0.04699751451929294,5.212638755269587,1.8814200992542809,0.37899462283243196,0.22921241983169796,16.487916611869647,0.006658081242030992,214.21368337016986,7.486796724735181,525.8422886320822,19.776018228213864,0.24727546689643598,51.798321073694076,31.62924330454178,63.133778717975616,3.0153876832956303,2.6834870858371342,2.8679743659969277,79.62721411408056,0.25418327964525916,0.08056050640692093,0.24800495589473348,18.555692928270435,0
302.64073133802015,21.293713866150103,2.017388413422885,38.153918716002764,2.161575132462415,2.2516611700113094,0.2222847227518296,9.734547486879933,0.010886276427710024,172.98037912958821,11.211233028596657,422.6007139369115,19.04754375579016,0.3514384967467056,39.0151765035775,27.727740820571285,54.65051622597215,9.968435548736641,0.8603953494219301,3.0114809371150244,47.41428272070445,0.7693051344533756,0.7103193799647968,0.3024208444094042,87.50721945400164,1
304.42259057585244,13.610249130673585,1.0793253731581745,31.22959276643846,2.9169933044740364,3.108266321035555,0.22488855525880397,9.119768973796589,0.013589393651664469,231.52229754296357,6.631043096519355,518.8648410259416,20.6462208069786,0.2893715961641217,46.67569430859311,28.572570465658185,62.357677460472935,3.744002012097958,2.5766850995318955,3.4276247170306244,54.875049835447506,0.7584033978618236,0.6294516586154288,0.46964034169428787,74.02732289067268,1
174.15702328992006,7.007960863253581,0.0789541284285376,5.292545370289609,1.6920006773268816,0.39932600779561667,0.24935980778210143,13.518538051856016,0.015502165387556107,211.82619188974544,9.25692463434503,486.87174882724884,18.53432517710354,0.33490084057948183,58.661744463840975,16.86188363728862,63.11701222478667,8.31821074490869,3.313059526227681,2.851600003471802,95.86853681114398,0.173438587199284,0.0877690152235924,0.3747922346247825,22.572870161515635,0
149.28626987469383,4.719274648457379,0.12324015390761683,4.153676977140949,2.3035476149588248,0.45070216059842,0.12776450623022798,15.79457610307103,0.011015659336638886,205.87967868153808,10.418440126421483,457.8007686627986,20.073018558355425,0.26134523728316317,55.99280654495801,22.44087206953629,71.58424465831419,-0.3139790423695592,2.9032144433960685,2.893636814237633,96.15571727992244,0.2141977290309426,0.08008066073283324,0.16766075067473815,18.282373316328492,0
144.59730701169062,6.150650210535789,0.039908883608133494,5.482637268748294,1.5359935951477115,0.564935460620689,0.27537995745852295,15.217240914030688,0.005541586627335483,192.72507876861283,8.996956429261187,502.5747558843204,24.07414493727526,0.2684124115576309,46.70887996250572,27.820431806652067,58.51597243416313,4.931784635120837,4.675393585448424,1.7573538400065225,85.48981583953838,0.1878108303369458,0.10295499413436784,0.3330387433853029,15.92162943826396,0
164.9852016612437,4.286531515513934,0.07507916475336937,5.79472768666964,1.789973253462655,0.536303240683703,0.28034250218299195,15.710916671280929,0.010770780013611593,190.31851920942964,6.157788190470942,475.86059041583474,21.420003862667524,0.2330723131788341,55.162496008733456,23.733910979777868,59.63295054555344,3.1871309238061714,1.701110777556565,2.256262938795361,83.50819582637791,0.22293552265394423,0.12315949535918363,0.297185683598531,11.743483083312674,0
170.4030472358298,6.203339937637207,0.052491326381830114,5.410719534167708,1.697847518467565,0.5974520138538918,0.28015741357468105,15.698545068559314,0.01150285737499715,224.89177332464664,9.287956985335695,513.1355705453116,21.101663117303097,0.2842937737564052,50.16507299146547,22.140304149506857,52.031472626952,4.375956621903789,2.6991561191297038,3.3551912081130078,80.89269221359682,0.11747803857906165,0.10894659485387732,0.2457182653439816,20.975831171386837,0
167.2815806841693,6.867028162617275,0.11037657783587065,4.818130626152645,1.6758791141932783,0.54382543780962,0.1699018361082967,13.814249376188297,0.0076605459470356204,174.48089273420365,7.672117039809928,503.71272279687525,18.59294091219283,0.31172071272886354,47.208244530365,35.50402297504508,60.063203753510784,4.795830292097171,1.7529748784647547,3.1225312512625933,79.97865107303414,0.20748916984954147,0.08575517051915771,0.28866296428352584,25.677260244049723,0
199.77391507771307,3.8146981495286596,0.14631910217985597,6.691029489413473,1.9390573642234892,0.41625688697877183,0.12580753762775881,16.94660597152186,0.008629587042409823,218.15425255994705,11.278476434366972,570.8305115912747,21.738509625655386,0.38375748367258866,54.64587724191478,21.295185446402197,63.61823103739662,6.673499889214007,2.4919060763642733,2.7763301616416887,76.37625240462815,0.221431901654847,0.10844165028480711,0.3476936852350265,17.08970739789625,0
328.5218631109396,13.61633425351389,2.2057384219126264,28.830964040161426,1.919694709267655,2.098288854195551,0.10243307089373065,9.94566764885008,0.012605228074619593,164.59810709947985,6.307697896784731,546.5126615474718,20.107024364549623,0.3021479193937999,56.16373276187147,21.935678531707744,60.4833807609241,6.035111411946994,1.672257005667581,1.9651064908303286,42.68828754170852,0.6363163547867547,0.7121145647796399,0.23174023502603142,69.6304473547931,1
261.6370310766527,12.429156178210519,2.0974331461223894,39.932305709853715,0.39309173083475757,3.732096043618494,0.2680521710104748,9.93182665332915,0.01721203384496217,164.373704617272,7.401965111178733,586.6617682608978,12.645534961874322,0.2955013210097279,49.88670359336679,25.12064501346477,55.144811899370936,6.12199068340645,4.011313543597553,3.6960794015081055,47.73916730690466,0.7329679579166876,0.7518874738337943,0.31781127161941924,77.91820384404083,1
407.8971821034839,22.2961740809212,2.316190067265556,39.96870741763417,2.2525433560776786,2.9644194740155565,0.10882456625206827,7.1986759547617964,0.02065611970252439,183.84229476730607,12.862738227319685,485.2200804835175,19.069308869807468,0.250642415726814,61.885914594571744,19.764414772466196,69.84378263712155,8.951905663204839,1.9812889913948712,3.3936965735683104,38.61350655677589,0.8138918025736822,0.4718098558994733,0.3592931388593757,92.50789583123178,1
329.80223304900187,17.70224490375874,2.750700462578273,33.78608009423487,2.8560960578957055,1.3943696492052853,0.18221942081827017,9.067456777258567,0.017917574660683926,195.19078869255915,9.842320046005726,556.1709164958626,24.67167348847558,0.2809384153661069,47.25632954869825,22.24965416421682,50.12606272291506,8.773913779329998,0.8370430550946699,3.1717831768784768,44.79496014712267,0.9059448462049783,0.6775969682048879,0.3152079114507134,76.23181509040471,1
130.93524769753188,4.907954523715075,0.0641540012395411,6.437324415627726,2.4693181040156,0.5744063387050735,0.1297626298941908,15.33401672415918,0.010741344227801014,210.15662711600237,7.698115309933197,606.967283871531,16.2302221204854,0.23492059929007966,51.60197328178934,18.534152239501392,41.97280676930791,5.256682122253751,2.9300789616931997,3.5290677528733374,87.27083697490215,0.22776101172502283,0.14173159858974893,0.3603577280099489,21.23700391797077,0
163.91173502087062,17.452313074365374,1.6601552217043616,28.790736506975133,2.3159835218399714,2.797482776820263,0.2583987377258375,9.860181853867408,0.015393695749668436,219.49883307989106,6.3403811119724525,542.8012952263919,11.397805601436714,0.23668192812766214,49.60420758439675,21.659207656109686,65.0829287860647,2.835989430886211,2.6771620106959313,2.459554283606702,40.52407988226367,0.8336711802151532,0.671685167684792,0.2823046368602993,82.28167997352695,1
240.3255658632524,14.578670281001738,1.699436455461393,28.06342315155431,0.9122159435504923,2.3712961141694855,0.19466869326172365,8.4557562622924,0.009010343947430955,216.55165734991775,8.162435914791002,530.242414046565,23.99492619713735,0.31567952128182347,55.512911963868945,24.902201384787695,74.26572730959697,2.575785002351772,1.0474313041012222,3.5308528465489886,32.2333664720847,0.6530638342381709,0.6883746685741289,0.28266001654964085,80.16491557646889,1
147.65018714965612,6.336493368139079,0.13847412598720205,4.510772317747017,2.4088740380200333,0.5870801680326178,0.22782025763482985,16.5128894340994,0.01797746764138636,187.2009980353037,8.352988298897685,522.8342247957534,24.206296190594617,0.32881870408023633,43.491692197452544,17.744589738033383,53.90828999242799,5.840062547831625,3.3639336535398474,3.507604200948834,79.63499249785986,0.30383716418900764,0.08047117397877482,0.27896081978551507,18.338622196634084,0
164.34840718365768,4.932219295187531,0.043061986647359884,4.416410485854952,1.7608809539978614,0.6103131921127666,0.24357533123941782,16.348158166552796,0.006717781426346041,201.73674329732418,7.871502482570899,391.6185340622921,21.881976333386515,0.4098402049426499,46.417255745697226,31.43938720493562,52.59002727745327,3.419231448541952,2.261443831935659,2.9204483689967677,80.71191518482699,0.18579561168382594,0.12035502728829232,0.3090000469795811,20.283545194374064,0
131.90798143989676,3.6182829349540424,0.19771204337132264,7.4083518583588495,1.4276947852353779,0.4403898732984812,0.2500563868087344,15.410923065584043,0.01313442869367687,200.6901340361655,11.683197489907965,601.455351704904,12.00561096224191,0.32014217150050667,51.3266979904671,32.393647189320696,54.938749874541614,3.182993124376858,2.5512618634681887,2.9827286218005375,91.05251336943432,0.16421150596516565,0.06263152700663328,0.3217758348196318,24.741419559434767,0
162.4573658681392,4.801888582236459,0.11874693247564377,7.492998944606676,1.2718376380176268,0.5051500814134819,0.20907684897402706,15.277521329017894,0.014770764243417561,246.83657402050258,9.808014808731073,462.68235414712603,21.75319680935482,0.31063324584571633,54.07685353113222,20.028398448410677,49.941174560255824,4.794155099776286,1.2834144952333815,1.5178929467529916,84.71013340427528,0.1859697717552282,0.0875156076459601,0.30736404827465846,17.393214606014453,0
149.90090479704116,5.673967314732765,0.0032096677811908284,10.973723475335232,2.621332587595153,0.34561339272129,0.1858172903712448,16.457992075373806,0.013009726022692746,181.16227420080185,7.569974499639145,399.33823168553914,14.628522932388119,0.2698817800093494,48.09862152486424,12.16175681203374,72.49568738191046,6.651301437348351,2.0959794359258628,2.8115371380252565,83.01117522759655,0.07086800803162377,0.07817215124197091,0.2952881705563801,23.26263995028435,0
148.5996367391946,3.9232119067079587,0.09247790816033967,3.248707742712485,1.74687418097012,0.5513879430029534,0.2131968454047505,15.155323648723186,0.004431073733194202,188.63306353030023,12.321825134744035,468.0759019982716,24.536285662792338,0.30301018682077724,44.13358576164606,19.139576521665397,55.71125490560855,4.46627249161929,1.51311847221487,2.5090652934597326,86.34978865229624,0.24047592704711027,0.0753090144878822,0.19831879775685335,22.124904456802543,0
340.8685670822204,17.14702026140914,1.937657426010855,25.39272022816226,1.2383375010381166,2.8589995437009175,0.20388109511643712,8.232033967259964,0.006560272504197292,170.63355480922465,10.878028322662026,653.0949036229073,19.218789261221996,0.21836705242163565,50.95743177467522,21.52714504856263,50.23699810367398,3.698317571722669,1.2892115462262856,3.392888752859742,32.910830641036355,0.9097088646848818,0.6879786118457245,0.3215742761483203,99.21765511115557,1
263.6649738117243,13.084401061548235,1.965338942578334,26.827459774719735,3.157447570857368,2.809944892620454,0.25845570464752265,12.718536319018003,0.01052062619223038,169.55087417777676,10.380597250604922,451.2246096512657,19.338870913472014,0.21515986839867976,42.57588941276172,14.278325463274186,66.94186401436235,6.6751856261010065,1.0488457679548724,2.8182401255473732,40.78526866434129,0.981759365367978,0.6616560297372001,0.32980897541613086,98.9407622884992,1
238.1827947469488,16.325590113444015,1.9714029916471696,35.10296127048831,1.6682733129211573,2.975394007694486,0.15710888802924414,12.264454095601497,0.008289502489151678,206.64524622081277,10.194241422970018,507.27982897181204,13.830876866329339,0.2734282032218085,51.22131781253044,16.52585226779364,69.56791350559507,6.981371869842101,3.981224837907555,2.5231218894100063,49.4680799460528,0.7672739715658639,0.8118014461773629,0.35855040610231614,89.72837898924755,1
242.87455291495144,14.570987043584882,1.5878659236384514,30.224795131311808,1.6249968873969172,2.0116742192430075,0.1893874516092353,8.056024079466619,0.004227949828339168,194.22242958541307,9.36941318336503,516.3645049219604,15.70292215903659,0.2926332512935761,41.412513100594474,23.878701246237444,76.43716052275427,5.3657965137171155,0.545926014048228,2.342148107459184,32.43577229450112,0.7020996302783603,0.5695827783554582,0.36567339255320874,73.34069023299539,1
336.969537604915,16.035666166333066,2.7193056374369675,37.42915799837786,2.493212072828893,2.7620928935647426,0.08570317027292243,9.049153253340753,0.00017741150935680227,178.86438026973286,10.219734938696423,485.541851988891,17.343080930136665,0.31336524030959645,44.130093318812925,21.72507732482153,79.20502592955755,4.714641971447101,3.563268314715671,3.8606964851464896,44.49089346939517,0.6578363549443615,0.5883224163241264,0.3448291209140304,79.58262349760003,1
139.1219278693892,4.537881733346682,0.06541148802377221,4.7853726857349255,1.5534643576518987,0.6266049674504556,0.18670610443449162,14.658599711770556,0.00852420566848756,195.25455910821483,7.730215502162279,525.0112680193807,19.100186634689734,0.323773091512815,53.6948802748677,21.186794546631425,70.76016497372866,5.00474697562639,0.1992752849581576,3.5002507975449104,85.48158945459669,0.1850765796781108,0.12088067424887779,0.3680194337294521,20.92164321044412,0
346.77785320814706,15.951242994548275,1.5471745230455258,40.57810399335433,1.7901992983831492,2.949289315267389,0.18359398623956935,8.913084129329373,0.007284203384809754,230.45196002415452,12.340442480050134,495.61947031087203,14.263355428955757,0.13421529202782256,51.06785101106983,19.878129616665447,57.04487891185378,3.4070649080735147,4.445835487500859,2.9627280631161237,49.83153536283553,0.7358337794749916,0.8041051577042748,0.2448082607482585,48.963365521938485,1
285.2390863883146,9.856924055547642,2.3381860954015483,34.70445127507391,1.848964985388549,1.945513711469551,0.2586308396713778,12.399984894592906,0.015695330671183647,225.86438632435218,8.568381575042826,504.7539105547351,24.87962538025692,0.3275413119901468,49.32720294790997,14.166725276427545,71.22355202059525,8.197983373002323,2.1182711418059057,2.637146683343382,54.380868149290755,0.6371704810985448,0.6685737376759163,0.24175467536512563,70.98765434979354,1
286.6051988740381,13.076413935482876,2.714836720024724,36.589517266887476,1.5738463538370402,1.6248603161986392,0.22114931450151254,8.509726582168849,0.005918244904490105,184.4407000613745,11.232794746631686,547.854384021118,23.21858978845056,0.3248343869793859,41.652182451838044,21.463749656693377,49.58579649658677,8.941975802781164,1.46773670757103,3.9240125758453845,30.180701328130898,0.7174839336859402,0.7743705416616836,0.27166068703548873,87.13917344960113,1
195.0369228476874,16.75117712926625,1.3331014720162804,34.64710836632895,1.0218910281040285,2.947982865135868,0.2841546850707376,11.248917183313615,0.008884119540686597,187.5284533117551,10.273863349691402,484.3610581069241,23.108939187069627,0.29893363226269265,54.95263659491582,27.051435093014835,63.225601853554814,5.545431715273557,1.8444954781332528,3.013699037807498,52.99729659934107,0.6962201920833394,0.45752308155294086,0.2874225694671015,50.01317063035466,1
325.0007047843519,17.9754685277566,2.4935025849955843,21.52341594746586,1.3447823031593436,2.355436108865624,0.25372123147409603,6.642405575325283,0.0024361891370173814,182.16031580083316,11.66473856859172,421.70584514870006,23.00151450724614,0.26649595426143247,48.10634744355905,19.564105230387916,55.12678705168104,5.4429379565692155,1.1554851982217227,2.92426698328711,40.028482632672244,0.8843330160494143,0.6745597739739041,0.3425658793967037,77.58816510669755,1
164.11594988012143,5.436601963131307,0.05407068389774075,6.473906963415587,0.7422867501736745,0.562252205704044,0.2374525967733667,17.371874912301234,0.015181330098892781,193.3744319976793,12.592132287867887,624.7970512063876,20.361725156177343,0.23064065881438348,48.947610462398515,31.574761382387408,78.33232824945551,9.58130992752655,2.5025381025275073,3.853808147531568,84.84431216869176,0.1329308041795406,0.1465817673865586,0.3443569692180813,12.368245761061074,0
291.57100865086403,13.162409749762638,1.6340518078251014,25.075078892412055,1.9302036898772348,2.776238992260918,0.21985853801177987,10.60530503392434,0.014160313392006482,215.5197234892668,10.92689626864734,495.0200523834036,20.238222152164386,0.10799165581899595,53.50865991208783,28.750680586651747,58.05593787316474,5.804160773955061,1.1215509787195959,2.205213600794062,36.26831155587926,0.7905572891834795,0.8089058473201648,0.2543581866497604,100.69563228016685,1
132.28851306989247,4.823588249318333,0.17081930257952008,4.245453668953064,2.354004408775524,0.4877987620155309,0.24654118977487963,15.135413003880073,0.015444981571756417,173.45824588064013,11.785071457813952,504.4887099110564,24.226583993806155,0.32840536580337126,44.43618185959732,32.07409724671948,65.82240341146398,7.066394644799574,0.6137342338606588,3.1716785342080005,87.89535134867114,0.2304047881696607,0.079059016191679,0.302702222941716,25.88198812412635,0
392.56119103083364,17.73237877596288,1.1564241291061994,24.484905219107493,1.704816846920267,2.510051098109485,0.2863352380444863,10.210684243626932,0.004300003169633676,202.15462589306108,5.594322437410791,638.6825144561583,21.060443241869297,0.2826138573439279,53.05484234843832,19.987674600726002,36.04830009907175,2.8180746043195866,1.4488767474636333,1.4520966533544746,43.19772378942609,0.829974955754608,0.67213008728178,0.40403985793671154,75.66691361179595,1
126.32641334652472,5.341557126934285,-0.003199107526595291,4.489330835049424,2.584017041459666,0.6506221467601914,0.20410820535337873,14.328801366351115,0.0121758459759465,173.11271077491844,11.33003735274578,470.1413359675264,19.691985858155483,0.29545078749126047,46.10410797571372,26.798132598565083,64.5444227145055,4.1041584148422965,0.7584128326552446,3.9311265683321315,79.28660234320728,0.19872147775672472,0.11894700602715484,0.2500000933921293,30.562076895301907,0
167.26683175877955,4.940509262597634,0.06592627162742115,5.711198786360256,2.4090115024929513,0.522784648478643,0.18960288343229428,15.642498899374043,0.010581630665134952,187.113606221352,12.133098991700555,430.43253378641293,25.08833868208754,0.2684236037560249,44.143338493687224,24.278023323172608,66.52515732124664,3.8737351999320353,1.1375068915640831,2.2126488227408836,85.6240589186863,0.19801739039647567,0.08207133857419847,0.25713145768280593,18.005715506021517,0
173.85558063527492,6.235164168390715,0.052173779752537244,2.824426770465594,2.0913053340685446,0.5620837739020033,0.17156967856716157,13.83930265093717,0.010731976108465869,199.12814565194117,8.323393202220851,560.1960025483903,21.179057095330624,0.3370833525875881,43.442293531397105,16.20905039941672,65.6708220529288,1.6247759523003098,2.2750911045876627,3.251896871019631,91.44399696751914,0.21542516958324337,0.06413351505641958,0.279780165220512,18.057278790366965,0
152.7976577778373,5.18658124809767,0.08152957347418159,5.857219813958007,2.6434774101484066,0.439203651252577,0.14958525676049977,14.392988500783158,0.0020531963566474765,229.06290447759372,11.488997613289229,529.6892013377274,23.57891138772525,0.3378192031595562,52.56873361927315,28.48693690220864,80.40918892598297,4.96206058351044,2.468591186411903,2.830812296732108,92.93169846399073,0.15248830030261654,0.08621407972722886,0.19540675219595754,24.44247877995959,0
164.62004523502304,5.084350796069385,0.09214924644065457,3.660121240707729,2.1023204459510074,0.48650844316307995,0.22064794070272525,14.899199372883668,0.011660607962688058,199.97635845126752,11.81705556156612,471.0792546672592,24.65719971079407,0.30281225376351495,61.71867641361153,28.348020852809263,50.21785639155142,5.268089534530524,0.8477931374960619,2.8574459226628965,91.58449846183511,0.16180703142046568,0.10206716372839478,0.2094922338787481,18.300722447184295,0
223.08600103465773,12.884390928540281,1.9104491749301509,46.463399196895125,3.072755922332254,3.1759935110486346,0.1526852173286557,9.236041745390402,0.015404274478663793,170.2061993154667,8.005674577405516,481.26429883449504,22.150343539934422,0.382193636168092,57.201036850134265,20.332039681596424,45.59454345448274,8.656764886783554,3.7099825255310552,3.0760186305555104,46.31411457316063,0.8649610074416788,0.8716359699935212,0.2971963274209805,80.12945705827319,1
319.1225261951912,15.398984437546815,2.3181195648498796,19.71877483452295,1.3213885262624798,2.107783861659772,0.17471579307434143,10.025991161667429,-0.0023278615232633906,227.78405836562501,8.158771899150338,459.76266786809424,21.876253559375193,0.2830700171908897,53.82782035161019,17.83651233636342,66.4250636231854,3.3110123956226256,2.1146024827131837,2.528265222761287,56.36650323362371,0.7512866246733398,0.9170505746175509,0.42473367772143333,89.46283643650303,1
282.83525882380684,16.432971615924853,2.2274065599112247,39.03635343615685,1.780685627876564,2.6595229711364077,0.25570384432409715,13.205022431340781,0.013996955100059334,204.3846052524856,7.968201275933817,473.12567056232723,12.571424648752485,0.26903847554037336,37.28538574770523,32.875133545636984,62.79045403466526,3.5828750818747936,3.5421933904423364,2.2201639722803526,41.096115290523294,0.8194490891938814,0.5933880679346002,0.2469040358106009,92.01855199769606,1
155.70537720520676,3.6207240957820424,0.14637114459193168,4.061253549453457,2.311165413351431,0.4087918287373814,0.14752400021187495,13.88229140112346,0.011912686692972725,224.92176062842327,13.133108427837938,566.6331875510757,23.168098391113997,0.33946391272944665,53.42824213817096,15.739701271845442,47.23133191021636,6.703248882332277,2.1608591986574095,2.666791979695861,92.79897067097939,0.2112025760918077,0.08265430483091933,0.28598136802163115,26.200654558846402,0
281.61965159860716,14.29836399621748,2.6544489164830822,38.017691669898866,2.956306809612513,3.091463237529096,0.24973418413179044,12.196372197024054,0.010599775261873919,226.24834895466384,10.684415375318455,524.3680187480496,23.547566873066554,0.28995520441270695,47.49560448729012,20.99056858597547,64.26643144811096,4.684708203435799,1.7287161496056231,3.2053110064966392,24.11243552728355,0.7986779275940775,0.6656549434080792,0.3156387799891086,101.62453610893478,1
309.1454325990586,17.350513732643574,1.4169228901486215,26.996589262197748,2.7756874558226174,2.3130570392462944,0.10566179737929592,9.53098237739188,0.009641082527714048,193.66508063332824,6.147655349514243,575.2827244235535,19.23226186250804,0.356040610104411,51.29226686748119,19.63643138538999,41.893483469447006,5.444874208495756,2.511280801824779,3.520404044486538,17.762134664749123,0.6793015912517005,0.6995547911254932,0.35937448579037756,84.82850699327633,1
139.81263015179755,7.80648995421995,0.04569977158573999,4.729881051933678,2.5306086313656624,0.4580111529480233,0.16884539855989858,15.436396732393675,0.01148686479800268,246.86240109064565,12.139229365861574,581.1887992659283,25.33546392723187,0.3026992769331707,53.41503539556212,28.92896190697688,44.386576782073966,5.948600105304526,2.253302488734947,3.415284847815024,76.85671252549923,0.23038524060130045,0.09723330439079352,0.25193170675578935,21.716786417396907,0
215.82428832615142,12.764299015289106,3.0684624193041796,39.80042081112212,1.7794777040623924,2.5507474587557972,0.27486245949054394,14.330967289527653,0.002280773009662214,193.17511478698344,9.914578536597464,425.5410305815024,26.61413827016581,0.2248591863066863,49.446189158744836,32.37369414985975,70.19035053948146,4.996943668296256,2.476718116429823,1.6895477710725277,30.74630312306921,0.8735474723780648,0.7842020968740778,0.3037038688501556,97.51301042961971,1
146.89575044208644,4.5580646125817665,0.1295742256960096,1.3535355122043917,1.467290878091633,0.5409267025866472,0.19851840681373664,14.42985832007758,0.0023681008669913894,218.7078972164197,8.451711804542422,474.61922043489017,20.947621146836724,0.28946552153702226,53.97398291721493,36.259179123465564,62.814496220869096,6.725738620020591,3.431756034959376,2.473662255666738,77.70369428181425,0.13739751021616903,0.09729156055521893,0.24970539442857234,24.05779744091144,0
326.3809533579707,11.895259394166224,2.206992345253837,34.07023441314396,2.2964426722464126,2.0439141969887875,0.1539329462607696,11.367535129016163,0.005050687230196708,163.99699753622338,12.256250981759793,632.7718205131748,19.599060203013572,0.2234563925597477,54.295787205408246,30.16461455687616,59.91870732988166,3.4499316229823043,1.8254787374893455,2.836216943278403,46.65676510294976,0.815767354750301,0.6473410725737544,0.24711159598031318,102.16756076555507,1
321.0400980688818,14.480687160902805,1.263050831470774,34.55877901602077,2.418972819883474,3.103542429151244,0.24135748682948552,11.831872555509744,0.006615108234515758,199.29900638376282,9.728761412730613,447.4305315871285,19.809960144050358,0.32735322710576803,52.35661752825827,27.096934740641213,63.68349671830153,5.349836894598093,4.949650490054705,3.672334701308472,28.427680448295984,0.7153706969701416,0.9187181353262632,0.2707267429868767,86.59210773691304,1
272.6868482956073,18.59095400237524,1.9782559978183425,40.644944221850864,1.434068041281955,3.622023978991013,0.13185159225898163,7.601611672487433,0.007741734502484313,231.0626005362303,6.007234639980644,379.846188117131,17.941965609627083,0.3001263313820104,37.32281132847991,29.3479982235911,36.800824942586424,5.2773535390439505,1.7408716089292806,3.7391620405981967,50.3610805487717,0.8884988929571205,0.6771267685622772,0.2752900740020295,90.03713225045715,1
266.5996119010838,11.355962230942307,1.7761958467071455,26.73172158360419,1.3557774692744342,2.8067206962396862,0.010989266000609704,12.74259332199177,0.014394281163952331,181.9403113777589,8.688204623294968,420.7852179095129,19.93713024747112,0.29733920505358336,54.314159341348116,14.465251786135612,59.17212587368439,3.543968669726571,0.372346595128496,2.8209355525890456,27.4101240425254,0.7125965732342574,0.5931625900115284,0.3725976386010107,74.01960093254557,1
251.14919714339908,9.30629502152612,2.247472540361701,11.051760613472428,1.6594427863542993,1.8480104636799966,0.17193070147224565,10.464506019512987,0.00014368290425844065,167.30351524925229,10.405166084721353,485.26683684904316,15.602539369260308,0.22333068556616062,56.62487828800032,27.560435864569005,66.59760362697548,3.7585023783809177,2.9863646719419035,2.3170903207544393,31.272142972516363,0.9032845344711853,0.6841981857370204,0.21953472569611823,84.07527223876652,1
347.6130455758371,11.111723918366875,2.1450391427099764,40.441777196965525,1.9185830984663108,2.917531868687798,0.17811414267447528,8.918249943204117,0.014428572180266537,195.93615960760658,6.71714153158422,493.6732899591999,18.893219603452604,0.30368738687894214,41.769777231472496,16.390904973521224,58.94905229533735,5.82274477210325,0.6530261475016039,3.6043556827004766,37.10071905557684,0.8240251943870812,0.8029909271779997,0.24680235871627762,74.61352668201624,1
132.34644765530294,3.527593635325304,0.039625700047175916,3.34470305166512,2.0740336134837887,0.4197614966210723,0.2601112743170485,13.5278807370507,0.005066640418662103,220.4793208668764,10.702971644736051,556.1880176123732,26.890022785731098,0.38539542414219247,49.04416091159382,29.85388596303137,52.957857162858765,6.857046171194862,3.145217411229161,3.1913368458003886,77.48844675200752,0.13050370469572597,0.11787367829449073,0.21693547042525868,26.628435176010257,0
378.81378079146594,15.987438168057352,1.885932931586957,39.93184847344899,1.8805743379807789,2.260767170256212,0.21820860921810867,12.195031424150155,0.0013712680866070262,196.0271146490417,6.676476822219976,488.9208993657879,24.681840607269603,0.31042795963673037,57.55968370589534,27.101600042455544,42.428588131168645,6.913395471490628,2.532857807076219,3.4503448834420767,24.95426492241397,0.7187920568130415,0.5761044806831394,0.37033528774296165,93.21946165239895,1
151.6454309604482,5.889235295927259,0.1248739857265493,5.209974556693045,1.3965491218629065,0.4451203403365738,0.17427836113295786,14.845362932415211,0.009264249282041906,212.85466131357384,11.109010546786127,449.1150760664677,25.951252361051765,0.3871638817165993,55.04928678869704,29.56726930190688,55.28042770378088,3.734021338734526,2.518853218730501,2.80752010169855,84.15243967131377,0.24422088422252253,0.10993024355394204,0.3061877288693394,28.513576610488663,0
334.77129498128033,19.02758207887709,0.7955687510748106,37.753635915900716,2.0676641750836433,3.3682568388190037,0.14362863697054565,7.424361951276726,0.014039329330807104,269.4350352854436,8.38678111019822,463.6757300804679,21.5650472072914,0.24629874309623123,37.690439936625175,20.297372222090893,72.37241075792024,1.1015078735733914,-0.610787485767837,3.07208341317154,39.46352492438112,0.8564460541448015,0.687894217651867,0.34771183280222073,84.61561710840036,1
193.31354448819755,5.655151748305375,0.1472689242772531,7.010879146187152,2.1036703417724363,0.4739374569723046,0.20079580853228024,15.355914270142321,0.012711270728403331,174.6060660435416,9.141728752873323,423.59393436283233,16.974394735865467,0.35605013954677195,53.366672118161226,24.628482525595224,48.76482147410191,4.492920205056257,3.2586269511513075,2.164153654364219,87.2850544027991,0.1778586679833249,0.1003681477287048,0.22389578223208023,27.172073966470354,0
321.1704649158507,12.416694194603599,1.620013609173049,34.563376800631616,1.904205765313373,2.5783474223195073,0.16759356237411493,6.84326563238805,0.009260112254490218,187.86314209991795,6.122529152700786,408.07083081087694,30.12603743869263,0.33116428120306673,40.633106369533245,25.178232574402053,62.12932088407281,2.520869666071651,1.2643512579194982,2.192046114546828,39.04168315632864,0.8685997101220709,0.7975896322383025,0.33764775077214465,78.15887673072997,1
300.0802219831704,13.605579284515747,1.491155947083487,26.693238638487642,2.68533334011707,2.431067782026036,0.17970891821662396,9.030277242744603,0.015758956897215008,206.38682610193325,11.094839414370162,484.0534722241414,22.739369280421425,0.29085634191021675,45.21097034185067,18.576534024772442,59.874784703013674,3.6288994828362164,1.0357102220438612,2.332727285888238,16.243473471457527,0.8875174615541849,0.7098800443540834,0.28075532426222527,94.43162771756104,1
238.94893736504545,14.809855726541693,1.7498373153617006,28.926256010511445,2.461566223446595,2.4426352841666463,0.24047572284693375,9.036138761578519,0.002543929909766298,201.03079744373605,9.175893679323268,597.6865712429718,17.1863674010602,0.3338360673918833,41.061502536558955,32.84944560638575,62.3268680838946,4.91780085057814,-0.06060342617070368,1.8638456457161456,46.14507200769179,0.6902897802859721,0.6732440761202468,0.32959584504806083,56.27713668233365,1
300.51603348639117,17.464575831006687,2.2837891008778164,19.888760698227117,2.123174398701813,1.540230757731575,0.14110326828467243,8.556388407508415,0.011342075683465878,194.4966070455834,6.542032529817171,517.7443184909549,16.04558851771562,0.27114538073985434,54.656819515040716,33.94853284809813,58.68613994747384,1.1964335243732722,2.4731888552649646,2.502575181248613,14.686824172720456,0.8966097797634692,0.5258557072071705,0.2861189166860446,65.8148896481828,1
145.07197964990306,5.817890009139605,0.08986695321381748,6.725427398362448,1.81673958965493,0.49535741056144567,0.21915948552902662,13.882590741169858,0.012994152593542363,216.61516934746496,6.4289563233077835,543.9400995773949,22.286851576774108,0.34429135606970257,49.10208498161785,39.21362440358574,54.55630911770375,3.320526391811707,2.08477364897821,3.063331431288226,89.06971710835458,0.1956498637269334,0.12774489142277518,0.37910782763648326,14.745658747209504,0
334.10681570150956,15.4122918707052,2.126488600098762,32.9759006252388,1.58538898048893,1.9018610179804312,0.1485654696215446,7.279359868023782,-0.0059800066708618005,168.82966990634554,10.566294789630508,514.7732291294411,14.510095625136083,0.24554443552551927,53.932273408130456,21.337188982083237,67.83339700316006,4.7701369520486905,2.115805101365876,3.151630824569886,42.250337297729594,0.8697349179519218,0.7211390117436165,0.2879942401144753,80.45594520387577,1
312.07662951549844,12.70971643146198,2.089258939612411,37.45554399086144,1.148602864993815,2.616546336747415,0.2568040957306378,9.887948279519168,0.018975902687784242,222.10014770488507,4.853548105875693,442.2459082784209,18.94068489635315,0.3109992325756889,54.955757684227834,28.082050638881267,76.8034942111977,7.196358997427051,0.01162064639212906,2.930758769335693,44.95603186765062,0.7294814329936876,0.7544248638343849,0.30184912047336665,101.60588642585033,1
261.3867638402626,17.569632525183113,2.3749960703760338,22.960982427291903,1.8939768153745784,1.6312445310394532,0.25841889927371425,13.179792107365463,0.016187421644608287,183.76891473239615,9.549796886501367,412.52749475728183,19.698321457688444,0.29981443778732575,40.86709117076934,24.413739774900215,61.488070984230724,6.122481831060039,1.1324761982090628,2.8814331255741945,35.02488453407572,0.6930121891915602,0.8013527121981211,0.3209092640853494,59.51174998890642,1
365.78168174895035,11.686311957675867,1.764902520968278,42.929891526072446,2.134820359896359,2.4119130524405277,0.32554101042171096,8.433410644846418,0.021161498625918373,199.88433247510466,9.134336341741017,481.366982032016,18.409460250391785,0.36840166386960654,51.266147243346886,28.562716302957085,74.18002296493685,2.3370965005725024,2.6223724671230824,2.609496681139628,33.592337218532876,0.8246170925429237,0.6894109344197984,0.3426404498825221,80.81810766745785,1
178.0922796409298,5.642606259325496,0.115153672399749,3.2395206932871927,2.7793827344886424,0.5041838606443069,0.27173383650011285,13.78098173151745,0.013334068995694592,233.9932820111403,10.026594531593291,468.00165069618873,25.604252828880526,0.3366990436598172,44.50052750759255,21.095129056750597,35.789216191151226,2.9279013491273753,1.1185302164350863,2.907609150766057,82.5213926396569,0.29526665840292554,0.12229742713129642,0.1717711104605226,15.752561341510166,0
285.8338432234543,11.629688126103215,1.831446239757655,42.75592327980724,2.1649590356886175,2.7339380267221034,0.2420471630199511,13.01762814990611,0.009121690230900129,211.16709631843423,11.593151094353829,563.6170381754955,20.317920968822573,0.37972694357164627,50.26641053396172,22.89063289490432,63.758544297390195,7.2684865647305115,3.499129024728646,3.163377454100087,44.92056297148019,0.9487143098180325,0.8358427526912388,0.26421465722255505,80.92973351643728,1
393.5375307614264,22.585106696048733,1.4348640594046969,35.38489079797504,2.4091693898424045,2.1084368111833856,0.23107255476193878,8.560161733389164,0.008848525249330108,243.93764982412262,9.937731649505738,527.8530976333923,19.96812162108713,0.37428385505519635,53.006060576032915,33.116985249879214,45.181378136784474,6.276429833885503,0.4595542325462161,2.5687221961334257,46.6244822644055,0.7286658760485069,0.8235484488289727,0.2991895584313889,71.6943311655465,1
390.12404309768937,23.611315749218335,2.333140906647341,37.646511965595934,2.386331604047673,2.9702175249636737,0.19576564195770257,8.978217891105308,0.012069734680738601,236.16030358200499,8.079806656333988,572.5345105454329,22.150959435333522,0.31003610161085426,48.64789816304781,17.16783561472954,70.60729374624209,4.381470122070766,0.8758575828486915,2.8345280069861243,28.542613413133964,0.8877462383415137,0.7705504445727018,0.28585625970840756,70.02077440497766,1
172.1902990866169,4.194544150030585,0.1091949637422675,6.561824778588146,1.99126057478141,0.49424234165757547,0.2752544603521764,13.952577091159942,0.009618695403086098,214.89061896343776,10.875464432415578,567.9806310285068,19.089904719042018,0.25079314673549125,47.17703715428497,21.873045125751815,54.518280008305595,6.069533036835412,1.9543252499785781,2.6918263355522036,82.62915519968463,0.22117544500738068,0.08409613610384242,0.2989877582499049,16.719960819401383,0
175.04090295264226,4.857897044559148,0.05911205433177208,3.4480092753329874,2.1293094814663154,0.49276388433556156,0.2164906962390279,14.456294544403436,0.009482097154518976,187.95316369548453,8.75642057461892,487.58947943906077,21.530274095850864,0.25511425482482447,57.48200756585017,18.18075964864953,58.46001952220068,4.23023446585577,-0.13627972841663416,2.461876924083833,87.49339612581504,0.24930788206373442,0.10805840385734694,0.312959576428422,19.651646491524133,0
409.6862914111586,12.516110244792431,2.2876311179835525,33.96188572266437,1.9826011398651755,2.5476876623155325,0.19327597383987025,9.514830834454123,0.006193074143999119,209.36211341397944,10.834321476619676,487.1250927736191,15.107346617515917,0.19311615544044083,49.66049517310142,24.820438625829382,58.250202711933454,2.181951236988359,3.003770972650626,3.7138615351541913,22.878538179879992,0.7387829289113604,0.7397379461623083,0.2338187368766097,80.20751717598743,1
282.55004710349704,12.727543201546464,2.535775449886032,17.13874374955107,2.284720921861085,1.9503165183903142,0.2928441112906196,8.77147912321987,0.006464013688852563,192.9063706380229,13.094911228445874,571.6432078353617,18.170834073022124,0.2008490388698744,43.10559195483865,15.998071354123834,53.91411771705989,6.810017363220621,2.2988030536956283,1.9170664903507084,41.60181112169834,0.7441416924347748,0.8068297090521287,0.3634782465442851,73.46617917623225,1
135.70950261935795,4.8222221801985325,0.1066040825590256,4.587143181410959,1.8151569535480476,0.4344356208357236,0.19201119359424326,15.120094424846345,0.008948450109353192,173.99577492507953,7.877609783861974,526.0367189210505,20.018597359473407,0.33062411783453055,51.85924221837144,20.807095036026457,50.69656175577531,3.47203544395589,3.148186609911551,3.358954425159461,88.00608479256897,0.23834577529077824,0.06520139491858398,0.2583071772594515,24.886639368521333,0
277.3060486303938,14.921178762589749,2.135539790458762,53.72271812897944,2.0075623009812857,1.3809302368808538,0.3615766802012047,11.31593989346392,0.007841902968817876,162.9753876943339,12.252665284188078,528.4565822940767,17.5521273485313,0.26238910077027555,54.802650391835456,29.518024575077636,41.063933081258,4.893792170069881,1.5835459860297227,2.5587458252243382,66.12970826310482,0.700882798348935,0.688120089864468,0.27540162626154985,73.01954111396061,1
234.9546667207062,10.69032105674415,2.6320655308544896,33.11229598315586,1.4272053820733186,2.818659469215383,0.32035415426759073,6.677657266212986,0.017393397557374013,195.31048353053947,7.93999356729287,553.7036610145987,19.18998483396938,0.24979952670272337,58.8029372912873,29.918579211426124,40.121372728039475,8.455054538214322,0.48090850180201244,3.1908496700040248,50.400991933506866,0.8090348702010839,0.7605197318226886,0.20678169291396148,69.62918641542984,1
170.77999772962514,5.983077254014393,0.10450773776936993,2.964164558735696,2.1326405257462047,0.3519038327461967,0.1866845564282657,14.687764037362912,0.012558802076541172,227.96407573491314,10.004656951322053,492.5327475370998,27.21935487633191,0.30008261781408585,51.78208392529522,26.175286308181363,54.12808968822296,5.046034735831643,0.32689749977353744,3.2245857436562395,85.71913121887977,0.18075973786008073,0.14124939580315973,0.32040463531215213,19.1711782988807,0
225.63601487135944,14.382478318440151,1.7155412510676982,26.705530345623906,2.75732862798672,2.39452395100727,0.2107634696004473,6.968680797735835,0.0018465490736298018,212.87371625740553,10.307455334139673,411.9399569239139,15.57833784044847,0.27773024503396043,58.90466933264944,32.92404039385531,54.94821832696028,2.7918487512167727,1.8424288112120013,2.9420798187678816,32.37359624125879,0.9564912592168879,0.705481223541204,0.3142189255274854,72.927925505107,1
327.086075531501,12.459247006689392,1.57517377375701,42.44643025200172,2.249374407033428,2.252464986029087,0.25827785855587265,11.426344921604057,0.027222270200751564,153.8067718461656,7.483588244973837,488.8503025703241,21.45343691258342,0.47156857568258703,46.956977933212684,26.261885329655296,47.16884714036108,7.157864190618281,4.3748316399935,2.074386720707063,28.54192824038426,0.7670693524510301,0.6715435483910176,0.1649862494160014,65.92491611665173,1
349.26039360137645,14.328826078677755,2.289771718196602,23.858249587524362,1.105439759248844,2.4707377099319983,0.15124312231679665,10.117108722717289,0.004891055745721318,162.2057285859618,12.299584714907386,450.43453267205524,18.35634573187251,0.2385797109166841,57.82757050510468,32.98269007423488,68.67385455377234,4.758103736267339,2.0711332199252452,3.7211705578954626,35.38021377518401,0.8981184050778559,0.9462198392831088,0.3264547189134958,61.75016043530642,1
401.44617058427605,11.275483676995634,1.9053232990394438,47.93222448168706,1.4887289031589395,2.501212996550925,0.14544519728198363,9.300898147227443,0.00553171549686157,208.3918678904452,11.351179937395779,446.26539526937586,24.336997819926356,0.25683896861880484,60.82704210259165,29.540358570120503,67.97033322173962,11.056004565516911,1.3975852369926407,2.5142952912743244,42.19183776799001,0.9750333057467194,0.8019445930544779,0.2649695923571847,95.57912725204774,1
173.62481325526386,6.900117552780753,0.12464760696884011,3.895340358063529,2.3884963952061566,0.4486619518400273,0.2372440745964968,15.104566824966573,0.014834033505297517,195.21574324472505,12.386702922163822,501.64215717428294,16.05994024222741,0.2455649499279338,41.165433157013325,21.596261336732965,68.20883869701959,4.154929116750149,1.4822625990215146,2.6507306874550562,85.8574195996394,0.1410567698936714,0.1073026059045383,0.24872818237345296,22.224950737200817,0
306.4579482741043,17.999266675103932,2.645420586168057,43.35304893804397,0.9983427828025675,2.5760009902983683,0.1806159463138651,9.673738262967753,0.012964000509802408,229.3042206366768,10.206169013119185,505.00347278836597,21.982351946641764,0.3314223867757366,58.16420837635755,33.02228935542584,46.459102719627744,8.117123597749059,0.8084203594421047,1.9691559370542082,63.16269955460135,0.7438231683483146,0.8237282980007373,0.2975366432921008,100.34377088404307,1
178.30887821586614,6.799644435189965,0.14958232811453626,6.191314421016788,1.9963243830580972,0.5352177505654585,0.22219340680613245,16.038481672505633,0.014956126719005293,185.46346434677346,8.690767706494547,536.9467201961622,16.907322338507758,0.3176633503140044,53.06650845445691,28.28085641029287,58.91006625657631,5.000763952302037,0.896710672383356,2.6026681737287847,81.34272783772037,0.22341998747766356,0.1046171557866886,0.30193511638421694,24.516846722941946,0
167.2470443556337,4.05744230869618,0.09507082145448807,5.381822476642303,1.5386655940234641,0.42060162047557015,0.27945674884749044,15.688726773170291,0.005913474502783067,198.19770193054887,4.914623198750079,473.2363506000178,24.626947503664823,0.28017500244239324,53.98911195900183,28.5507382799946,67.35581743439187,3.9894448796086754,2.182596005841205,2.774720446402306,90.18729447692564,0.17229183740054554,0.09746813873445219,0.3051891520317793,21.256716020083605,0
341.5530056739478,15.93746018614725,2.495783214238771,36.82334771757585,1.8504429463664775,3.1531174273309612,0.27594312295501366,8.84705795994533,0.00559911941694623,178.3475493501535,12.18432735854603,498.40503484838626,23.812595153262127,0.35784608125692025,57.21308864396025,29.50811908799595,72.1273668047147,5.830978357348209,1.6594106486863371,3.5901077305368494,44.21508160144033,0.786584107290506,0.7384998222998607,0.3647334039328576,114.0282199457721,1
154.24862160402378,4.934326514118182,0.11245374888556799,2.1957416260289966,2.2612084314041656,0.4555698266937735,0.19792822887190178,16.132516988156976,0.011325502267076888,179.00742074444247,7.338108509447593,547.1764361801859,17.194299059464054,0.2763378032465586,48.958774340732965,18.956344813085558,72.16145751974327,0.9909218203008541,1.671732092767914,3.11427801141508,83.68902203138936,0.28221399252191726,0.09485712430354612,0.28922436333828855,22.482119642008954,0
177.39973449580734,5.409291364908714,0.04557810340502169,4.216947877844053,1.398826160959548,0.4734703139867942,0.19244036085879357,15.408714813221005,0.003472395472274695,195.34240649307102,11.023011136831487,490.3319406795074,17.223550808459926,0.31936725754741974,51.604169611612576,25.733295353113753,73.13772664380878,7.186776260232307,1.8548422057696652,2.6475817436063114,85.46693303603598,0.18216580476175898,0.10650091294492467,0.36725969103377354,12.00412979431977,0
298.3952781252597,15.704092805288575,1.6973536540075136,40.77638254209975,0.3870549369087922,3.06776881832676,0.19277412994708887,9.468549812878166,0.00868449293781724,224.73397031731284,8.440270202717015,427.04144717657255,14.65311650008366,0.25401117761681263,58.96000495404999,24.37775286041409,87.52001857578989,5.736217482917603,2.234108758334989,3.181625687073157,37.80378067082454,0.8262252703289409,0.7216896102617512,0.34149919232599873,94.12696595920526,1
252.70540289267691,18.269134733166403,2.005559922565311,44.51427533161211,3.1339513238824117,2.2189406225932737,0.14546438849204654,9.38717728406204,0.010825520282336878,186.74338849425416,11.490942010236115,501.0034099383566,21.911831274929344,0.25120119372426686,55.73356193582591,23.23814663286361,65.49911511922234,4.846394157622858,0.39758331858486,2.3507046328124948,45.505340809425846,1.1182141475179916,0.8452229747260701,0.2926027884771798,65.97201434518473,1
132.09868675311677,5.962436580104385,0.12392210158446368,6.51491968019168,2.069769957485542,0.32346578089588296,0.16395119005817826,17.625167926279403,0.013207547685812782,198.2662486086658,12.367496197810812,479.32284292582614,24.68076429738072,0.36734413682653605,46.40257893984944,25.486803968258158,71.47759009817594,6.6134408675921605,2.712381552184725,3.177307707848217,83.3061985451586,0.18942921461520185,0.11339317716470157,0.3410692956466407,19.05192316196898,0
330.1993560662966,18.021882795460844,2.4494424463638986,28.470872292887353,1.570862481837064,2.835612926752066,0.14173197048048425,10.1125482888847,-0.004119460327993789,164.63584472606811,10.21696469194621,494.10821669773225,21.34454437179559,0.2018497036352533,42.98060380961053,28.686649292545113,59.1726675275893,7.232189555115588,2.3690353869044016,3.345656274732148,30.300439391555937,0.6808551621351906,0.8854845785935684,0.2844067895850894,73.53929709966748,1
257.5383550769464,17.24126855037382,1.6765040250236627,35.008748427694144,2.687208193475274,3.217803269689115,0.2136716918550667,8.346621139425016,0.006451829119653841,193.9643920441444,13.704880500673955,431.8603910310396,23.42392784482173,0.3246676151223217,46.89218138979821,33.56438572256956,59.97262148678223,5.3656751678373515,0.9783832297251871,3.8090957191377752,53.67466172611957,0.7420799859064963,0.6527590616516793,0.26781259506791505,55.128239366592695,1
168.52540548715763,6.549180862754341,0.1396495133679064,4.508714959713953,2.8742049960151785,0.5215029942948387,0.2271972998991269,16.179106451677445,0.008386861295400323,169.6377740061704,9.52148351485361,556.7058342395881,15.538045646598873,0.21217604235383897,45.5579132499724,25.497558863536046,71.45522878564815,5.121070711074615,2.236945779874819,2.2624246479011556,85.92750228043319,0.17547532618813194,0.09231417748247162,0.3764387163271695,13.685388859463476,0
148.5751804003473,5.155255714569529,0.08194568630542608,2.0434264918675327,1.7633206401094372,0.42754534018349305,0.21792698346364806,15.974364319270238,0.015601305110271127,182.08931295767763,9.708986834030991,501.0040336626083,20.353963121048693,0.3096631350474704,51.405805000861406,27.55831628325707,71.47140688842104,3.5035014549306354,2.8041477624612994,3.1125983776918558,74.33600262462251,0.22762342685969084,0.10115352964305302,0.3336489001595443,25.958461289545316,0
361.18539342498445,17.44421388015646,1.4668037691294498,22.329485576560483,1.729932203992894,2.6922875480006785,0.0494211445226736,11.47776755963251,0.0014088966579719707,207.54783960627628,12.957928715296124,408.46529792708907,17.915409909047668,0.21745378033089957,46.09825400958929,22.607567165375183,89.34832968210208,4.978820519604031,0.8899744189671939,3.1902421104872154,44.8289750067282,0.7138354228942931,0.5733864839727095,0.29698422237868133,55.99647894654506,1
307.1199392909376,15.431438313854057,2.8741950443190567,40.47681263510179,1.797391505367972,2.3817193706567146,0.21529186326479058,8.9756084737218,0.01167006222086685,209.97565344999566,11.28225656183531,552.5522845225979,19.875587272685422,0.2692639872677487,60.26440821899833,16.244339974420974,70.1006803159108,4.01399549460785,2.754649958395367,3.755550112125692,34.73856533413355,0.7353722051135595,0.6549404939873682,0.3959092715738722,106.35146134725679,1
250.9964451211641,19.110879258668334,1.5262357978621164,49.698012452473264,1.016467697655624,3.267804162049977,0.12108249211300272,7.516212645961387,0.015324781886194478,165.77934273782097,2.6396483128748756,534.3191347427355,15.941680780125651,0.3211848558340251,44.816814510889074,10.98086480710829,57.954405801121496,3.4170690608201126,1.5891851977430678,2.856669087154956,44.01623311889849,0.6239911367334867,0.8290143328668232,0.3144868769337032,69.31138289397121,1
175.7052510344131,3.3427548698784184,0.11634247062843994,5.8674745897655285,1.450055156270515,0.4370325128559483,0.2429233751925022,15.178954619784562,0.007439079950508396,157.31578378847993,10.256630330819474,523.088723601995,23.354901061071196,0.3094415844639618,53.680530904436914,22.980368387195917,47.82508021708596,5.077285837352505,1.5044357756433113,2.417421195501796,77.15919587827588,0.2078252612415214,0.09094684479348905,0.32663843507082396,17.80914866336504,0
299.7014362805088,14.457073741225656,2.458311459214543,33.73165244233514,1.20729611848991,2.7868268162218612,0.30163960120203553,9.583772247423719,0.005352590710767234,187.16880631438377,12.03646579479531,480.8399037451843,20.160682861133466,0.3040256498500614,51.984474772312666,15.837778796100297,47.37068779468994,3.810255714672323,3.380005193697671,2.7102526543935253,36.12953254436928,0.9197063359687894,0.7488337607012285,0.3550051652280878,73.30936636955127,1
153.46783653361595,4.096791596257748,0.004430809857689755,3.4456467843881544,1.970539566415072,0.41998824016658454,0.20199623926196392,13.709997289109074,0.011001628973562905,178.40118487606358,12.50965353484139,423.76102771219564,19.03650198770057,0.322545928244988,53.50280603789392,22.388683247925737,51.231860736155134,4.757871805616636,1.6752002607233516,3.5543140467800294,87.54030538251071,0.26399592051270937,0.1024769429154125,0.28212124990382703,17.23842759020112,0
369.4457513985617,11.628889656804144,2.643095445900657,33.86283043600143,2.2462778638429715,3.2896283392086154,0.12911105317263868,5.773415315873764,0.0017371024774955376,212.22106245096523,9.727540100073533,553.4599598121551,22.453460522467726,0.27417100654859616,45.771058860894435,19.83610239824934,72.1581096703296,1.3982147515586567,1.4894527389708339,3.50186195651822,25.059849164073043,0.7500949963893991,0.6798352696957133,0.17887228724735377,80.09349641402099,1
183.38392791103868,5.960450289172314,0.09416013689378556,3.511237009738023,1.1519914506344806,0.32452034704703014,0.23788253913222085,15.401082906338937,0.012173325841380023,214.1409861438974,9.261310846300685,468.9497779853018,18.491825089432844,0.3131912092196435,51.70653746805704,28.36525034030081,56.98125800891382,2.0378418143081567,2.27528060126589,2.8724359927819094,89.13797988888307,0.16212923264964973,0.12447701207288395,0.25869842291244066,13.29456068254964,0
148.77070146766638,4.222760388932682,0.07668853214435317,4.764684908327392,1.9909580276748247,0.687997943423173,0.223396247472839,14.669815078385039,0.008116867074398989,204.65854547668044,10.569161716040501,555.9640020926984,22.81433808474812,0.34156453779682805,49.96376749248573,16.806338598582087,67.19066856952278,2.5099312468900745,2.357616051972631,2.2435372556319573,83.45618914232168,0.22313474250143508,0.11502365757044362,0.17631440219348243,13.744335449247831,0
359.70932863829165,10.409592172396426,2.562707017974395,40.80384712976916,1.7264338926704696,1.0028362533656996,0.05572677891458277,9.905560227810097,0.008145974852611306,184.4076564964337,6.906993787922687,569.1681147015477,18.489944801552678,0.30909211564414335,52.3752846551312,31.81531555284886,67.71748565590447,3.6084475560066442,2.3466690723713155,2.8531392480350646,49.18144879073969,0.8124189838554575,0.7216916191835302,0.3418196381302154,94.11517484838089,1
204.49272704017483,15.957232694489672,1.180625285704291,31.101647969264153,1.33442664844429,2.8642893806524854,0.24434170543447803,9.220230141459824,0.009564581916211644,235.6823206523539,12.246686515533833,492.79705296844,20.07780265542778,0.4305118075125263,58.54333747917364,32.60123161486149,54.352754416450765,6.50442965900188,2.2764293935440696,3.2231482785957764,33.08881244333164,0.7457959372042339,0.45080449655586763,0.34680598972364934,72.93190747618661,1
259.95465574684334,16.21800260962806,2.3850968981382836,39.786636519089555,2.3766741275421346,2.2077006673644712,0.20929169194618047,10.999099563677747,0.009426350605803019,204.90443786406234,10.842300803454917,511.2401370898297,20.107893576039576,0.4251080443974617,57.77833252027407,10.84447264297593,41.06812803214324,4.600865078093284,2.609100448941723,3.3652971983102966,45.00786990094348,0.8215507186444111,0.689221245852274,0.26860243215915164,78.55648638387274,1
372.7021002571627,13.631579870651288,0.7155194557689295,30.974344808293502,2.0908704986386897,2.480686982857733,0.24340212764269895,9.12344086160733,0.01471997705297558,184.06650465137588,7.822268856098695,486.0579901463751,22.99795513610718,0.2511463938614597,49.583555600770865,24.73888536447407,56.71928904232422,6.305768062125121,0.6743253451861471,2.906936545046524,42.369924703804756,0.8166483190848489,0.6249447235842231,0.29564915774304507,67.17614511754053,1
124.17080632846186,5.238727165840435,0.11742209749619767,4.1033049866881255,2.2275549871409663,0.4178748574338767,0.2610230824279754,16.423834035991742,0.015103314543878013,234.46536552232322,9.89225164110308,474.8518393424502,17.895648123793134,0.29209693274629117,54.232386394363175,21.219409832256733,64.64761834097779,2.853531887436418,2.1148105873682597,3.219856978762983,86.44663416711626,0.22625692631901345,0.11934538588744492,0.35325193113223585,24.65263205465079,0
155.79568577019765,5.766417377174614,0.03929654450442097,2.7261890827271293,1.592849899848535,0.5065422641072114,0.2185283647452505,13.286301875641065,0.007919457129008217,202.4905248534441,12.449388590182076,501.84651725839944,15.205759914572031,0.3031574204781139,47.162926542402424,26.16334828415185,56.77650700103525,8.111674154110204,1.6854206542998802,2.6782272393066178,82.77663080611305,0.18012192328638552,0.13371638097195443,0.30466293256181953,21.97180540358073,0
269.0345599085869,18.327112181651014,2.1459753255442067,38.32785294881786,1.964769013764466,3.325784554090055,0.159288415797218,14.538979923297166,0.010707254814900839,223.1722217495441,12.745357655169162,549.3951899282763,19.13116947859301,0.2856734627052943,53.761561810074014,25.732906751279145,39.23720884635408,4.872663224866735,3.380723145428236,2.5306215790266413,40.27785498595829,0.8323966848342674,0.730497427508468,0.34521496329453555,89.27542589443114,1
389.1766799014559,17.081420167233023,2.2218992004366602,37.37806665653442,2.204926026815026,2.538231654375429,0.21913247743529982,8.91750346857009,0.007430099232090387,214.4894004234719,13.327854487987587,392.6874776515787,19.626624595018864,0.236991733565208,56.202760623397836,24.421086296487214,63.664535696897836,1.047467561019107,2.576408874355139,2.6787236469011004,23.75608968753186,0.7992824408000293,0.7044610517366241,0.3012112329567021,79.06201042824819,1
157.7437042017558,11.081375225504416,2.009719368925116,31.117400626094188,1.2659631644524982,2.024117031996861,0.1645521389858832,10.070047362476343,0.007689446764723146,182.2159520181831,10.03959549901646,563.685324859432,19.193914797297754,0.42210447038449717,38.58433816053456,35.22743660384343,65.08191636340985,5.377795736833716,1.2322966993298616,2.8015710336959425,42.277232865802745,0.6752950362959732,0.6640466317580243,0.21080116568995083,89.8892111071447,1
139.30532414345683,3.1260713212078564,0.17731068834628452,1.486776724884677,2.4529513256673936,0.5492606338008752,0.16974288803274673,16.26428178639893,0.008391257002529955,176.45987549869403,9.028567681150186,506.109301985884,20.842556375445515,0.3554839048422923,49.03208958528501,30.552755627096914,67.43931892025734,3.676455884629311,1.8121191002664623,2.470253761926507,78.01782142513703,0.17907158526657502,0.10165954995832442,0.26080702276245793,20.944535231679456,0
277.41619225619877,10.4092718034825,1.7049664807305684,46.84678783811424,1.85237236984713,1.5997136485852117,0.2906812023025077,13.362315059444933,0.006368277240954558,245.07969268057204,8.958495182964429,586.3365370162136,19.931105662585242,0.26631345734298323,46.64140724073304,16.909034423371867,74.17827827781461,3.0771405899702318,2.4020817048030585,3.9421371367006377,28.660765856485895,0.9420346669008584,0.5521500087074963,0.29816219163495333,77.8076867087254,1
339.89048258914346,12.166465086631797,2.464352485515283,41.20783712537692,2.5518623781874106,2.1800235102448133,0.1635191709074223,12.04443655296903,0.020546343359945374,209.0239156884387,12.906022225634135,489.45731057784843,21.27337961232138,0.2749784829525124,55.419396360216865,20.773739093740115,53.960882195699526,4.790214962869978,2.431599736634502,3.2554562311325705,38.383305214906024,0.6868174809491709,0.7616788252856028,0.3411729660391847,86.25416481777027,1
151.70856503929744,4.9148372497808905,0.11095235307132577,5.050340414352102,1.9032012460291963,0.4228624066034363,0.1496940643674507,15.67777109766135,0.022384064697496302,206.96754209608227,5.499438855540483,471.7971032120816,15.59464925137094,0.3244794425619381,51.74184639828912,23.295380702542424,62.32630948934776,2.2936726604050635,3.689743861926665,2.452892969033993,78.91988028330496,0.18106793774471444,0.12156072416812037,0.2648323002038531,23.536864973692744,0
114.91382664344724,7.723943695207422,0.12134682031519013,3.796615963103372,2.2516846081582536,0.49266878683941817,0.1951022514128091,12.595550283468635,0.013208207642764952,209.71356814733537,11.134272795396118,460.22908918187875,16.666969551479074,0.293022004917996,52.6753489714318,24.68265528170955,47.661658890569335,4.2328835245668115,3.193869179449737,3.1330181678870654,78.66289965361919,0.22940941004680548,0.06951121241771631,0.2804137912507743,26.744697261036492,0
278.52300337664514,14.99689899204605,2.1909975791446614,39.82649312528644,0.6810363986490046,2.342958403954667,0.1990872491991822,11.965530230753037,0.006232870456225707,216.64244070938187,11.212624752890047,528.8163589042229,27.89211213293665,0.28634754829768344,44.30268342314586,24.384825437631207,41.326309520529904,8.645450547308684,3.730442027532475,1.8896837777955333,44.31846881705704,0.8118658981900032,0.6508803715065823,0.3933746082076255,76.98655741849174,1
159.23218169433844,4.891443466266054,0.08337347582810613,3.6146485047921137,1.793628382966573,0.30499227704678905,0.20645619445965924,13.620743319699507,0.019906143181453107,223.5768143989586,6.6366913225933875,436.47712071757337,20.385165170054787,0.2823844632640895,44.63340998192522,24.1559903046747,55.4406748233198,7.529024602346617,1.2945411761374825,3.216032479789565,88.15774522687461,0.18842512146973078,0.08164987457163084,0.25251818241388363,17.438714731795823,0
146.58182356980652,3.280134373828448,0.14753427804297556,4.7615236063834026,2.136433998691759,0.4783959094626049,0.30254782550046705,14.957325149772364,-0.001254839948089046,192.38930170428802,11.415767239670258,456.56075961781494,20.448910402889275,0.38018773736772316,42.71151840937739,20.83785384315426,55.06874347171298,6.844006982159881,0.9963397302793919,2.643951573984726,88.35940408129969,0.20549617197556752,0.08697520723854037,0.268209098893294,25.07840496169753,0
207.96776187946688,21.790923788770392,2.8936247101919794,29.144121935540507,3.497027785603326,2.403586124080239,0.25751342959168655,8.678901584585208,0.004282508656679836,195.13032295950367,5.461827969721366,572.7014328550695,25.554633995936722,0.2737433012262178,51.171216598718054,22.081090823862002,46.360277418480635,6.541899214768846,-1.1461851573517274,1.9432818949063082,32.85270719616269,0.8284986243327657,0.7338420147599869,0.2937110056334794,74.67334988785801,1
273.88346442546583,16.303163721310728,1.7913716352677724,34.882622395482166,2.058175004864505,2.5685062441540807,0.3336800576409954,9.301475569031583,0.00460772972696737,222.0062252186781,13.974775515165337,504.9822288887123,20.940762153712466,0.42263565339311543,49.38825943009002,29.620813986111447,66.41804295358165,4.515392504148912,4.038948667343649,1.9920827096888105,35.305589396168166,0.8635029686428738,0.638719121925058,0.19816895220438802,88.18785312996872,1
264.5418067385844,21.194735664781938,1.9633820706158311,38.403921490502924,2.4719433977648135,2.9546553903174924,0.17282351824598086,15.041151708738893,0.010113987153424842,159.16404472514097,7.6084920609716296,494.50585987704466,16.831537737373043,0.19618388474049217,62.75730244944964,31.6232165320368,58.93741127240198,4.139282390275249,-0.29355611477127236,3.7400756595137405,43.49051095719491,0.7288118661439756,0.6596867158046437,0.372945214107312,83.9321796510262,1
301.83383025045083,15.32291230382056,2.2512705187659767,34.512885324862964,2.5722278672349344,2.0159671351014508,0.17015140206699572,12.318115756812169,0.011084434961913978,166.71616029861505,10.658382346189642,526.3405990228324,20.775118462967743,0.3263302659726,53.001938367533526,18.49943541457796,67.75515109293178,4.87965965797755,3.034735252705009,1.7787015287239734,42.39364090712309,0.9236284046720722,0.6469496984770696,0.24130605060365395,57.93519699712883,1
156.30978158446771,5.683442663541098,0.14944648822331646,4.64691780323541,2.129476603557847,0.5658934981044075,0.12403096058154554,13.728469427284455,0.009221928620925223,212.58142818809756,9.0467118993455,450.03084173982734,22.582353257341826,0.2946941860139919,56.94157535364173,28.18839841394999,62.129737205806144,6.074640631752235,1.044076397484384,3.457489400781194,89.43429715605264,0.3310201529210109,0.06399201605706613,0.3469521266431962,18.389763888562847,0
355.0117114577131,18.908027653705304,1.9421334957674035,41.79095977083434,1.9900247864711098,2.471354928580003,0.13959792164263668,11.641071626654728,0.0073254717526011915,261.3880152502857,9.769012904912408,462.4071326538344,25.448532944221853,0.2948971859651252,54.274418750301685,20.435769298616822,65.81366458088799,1.1130683335037568,3.0013706437820122,3.148843255839456,42.35208769841521,0.6876056311567462,0.6101255062037659,0.3604039024687896,73.88821929684386,1
149.5761035801455,5.470209269697891,0.005054128215364495,7.649966701543566,2.1818280521665514,0.29886350686405533,0.2096634053441615,15.776352544818547,0.011788659745309212,159.55640348417282,9.649322176901572,517.2553952112769,22.772835574454607,0.28453587333918934,57.33842476071404,14.967203385454543,64.79162050477466,6.066597238209818,1.624643152402576,2.2271646010939357,89.11933278314153,0.25525747631481205,0.1096894489639956,0.3294544292593198,17.552207149514878,0
292.35064561789807,11.622826719329744,1.2006035334631948,28.093638553056127,2.2874927070289868,2.8355921840263885,0.255513861465585,13.08594688592942,0.006009842584512953,194.64878456850494,14.409758583980599,498.50537465931313,16.938777908246852,0.14140148634844374,54.70680123235546,21.150491539156647,55.115960613565605,2.950947630786002,2.9687349581594304,2.9497839307947005,44.08869663008589,0.877700527654484,0.6106347441853915,0.18516975655163365,85.51259244156249,1
151.39825623393546,4.561593018790841,0.13208269954891003,8.371421075822807,3.21820205954573,0.4612120444325632,0.1032033458467349,15.484014363644492,0.009702641292079964,199.73012222253877,7.948363342838551,509.6110724851864,24.068424052057267,0.33583619061830655,53.261174491332746,29.68973348907711,48.871599699715745,9.618910335630897,1.7620102473342232,2.8563318989888393,81.66306729257605,0.07520300242149092,0.06425788709805709,0.3670229242887427,14.247993558354766,0
210.94422764136948,16.296353190090382,0.9746308124253669,37.5079352853699,2.066872948094976,2.3528650145389736,0.18136767164073955,8.876461783503853,0.009469215186117395,185.8967113016794,10.043008472180384,594.6864258273882,24.268101737007548,0.3681115417944411,42.501606354662535,25.360538387419396,79.31658655953333,4.903898389661316,1.3414957768462825,2.9132768923321444,30.621939364358468,0.7227895097778976,0.6328952963126886,0.28194841570967977,82.47564014487219,1
150.2270993321457,4.464526989041222,0.1454375484214176,5.396233976257696,2.414642227297883,0.616574743935471,0.1413322994767947,14.281939718600634,0.010390348466327897,222.5141622338867,9.388345555299964,493.1286921865492,15.3771580004808,0.3010354785563802,45.508971842683984,35.7735739638813,63.01499213947953,9.337051028891636,1.8978627669288852,3.1888196236475195,80.17975222986998,0.29989315220644613,0.06921843986025644,0.3180547290860207,21.303765564586918,0
160.90834396702047,6.515950296531533,0.09881608551978124,3.64315732499793,2.1354761196753453,0.56172607753901,0.19806930423178154,15.164721308539052,0.014609917025578274,203.40225503916642,5.158252054549383,559.6348342842817,19.422065929222708,0.30379614376259745,52.98553043176852,22.82910218180732,68.15717720139008,2.8856787364648597,1.569771344811742,2.2034862811217635,88.92092769195459,0.18486315403252052,0.08991609743439148,0.27088233714003956,25.631258159931765,0
148.83851219144992,6.233386767276745,0.0830564582246739,4.4920663950065105,3.090160585029265,0.574180861818273,0.19217703763998317,14.736488053042425,0.016686373956128608,192.44507359147892,9.966345982428559,435.8811258684241,25.53958785609171,0.40688217680803285,40.22314813624665,15.066428584786687,33.76560320972311,0.48813756503748795,2.143093114212281,3.932774227359956,76.29134445630456,0.2037266659437903,0.09262169116417496,0.3149477496392093,19.245666743340283,0
373.5633119521714,16.62985713377014,2.188657860538388,14.119347076268994,2.235560742762853,2.1791030345931577,0.19033638867574176,7.749305318417113,0.01321629772894769,235.18203437380694,5.929123029365933,565.5379989930411,17.053871416555136,0.28341774231476946,49.25623122126671,23.099210666444286,71.13742177778697,7.399838058343052,1.045567440400529,2.48303266659989,42.36552631189267,0.7591385966407406,0.6287287110702137,0.25460738586685355,57.59770425380181,1
313.1488745534687,14.046683030872012,1.8156231633185862,30.09162641743077,1.779409973312432,2.963569481373542,0.2012443393397852,8.254629706194258,0.0210653062658446,226.9472693011703,12.22393540398158,545.3529997770149,19.14251343331898,0.19509705072606215,45.79042163869379,13.078437270599434,67.16451479699522,4.577336874791272,1.4852184657501526,2.2038805988291545,50.22050661349553,0.6515850259362174,0.9696756963995115,0.3692903102170882,80.17824948525129,1
129.91347460961998,6.097544360622091,0.14250074305669747,3.459380031430901,1.8960781966036315,0.5218594764720086,0.2840888077970628,15.754948193274581,0.015429635632257079,210.56818597641785,11.026818586835361,563.1670630242288,19.89543994569397,0.37778218818349785,55.588583406200506,21.67300974031108,52.74169508450409,1.2904701852734672,2.5087375038673985,3.665076339448341,90.882935476661,0.25145758205403473,0.13848201720558304,0.377877738868331,27.11861111562879,0
146.1434513726032,3.793153077672086,0.057596338451925765,6.358621878982718,1.8184761463553227,0.5256622530757632,0.2659343671814438,15.633072768005833,0.011514409972449333,204.10771480968475,9.071177693488199,425.4544781709281,22.60475453712903,0.3808150619176188,51.40881034189343,26.01624124803994,45.987656003649235,5.078004089269433,3.051356144955059,3.4126276117947434,91.94774426824313,0.3268055121081856,0.11152568617704721,0.3214205895803299,28.647052451864674,0
356.2928033885941,15.719666660811763,1.787689413095383,33.89525290986269,2.836619331710904,2.5004854995066363,0.18508903109821917,4.306237040712406,0.008540925014935056,206.79561659548312,6.186653578368855,480.87467593109534,14.662859578209092,0.25112901516001573,54.9979991125164,29.241548926414225,57.89654735851492,5.579805596049558,0.8499532424198063,2.994305430275767,37.44428986265145,0.7243692076969179,0.8377389792436267,0.27377500578778374,80.85546887728077,1
159.1957877401384,4.554170882558518,0.08063768304173057,5.342862983780855,1.1267180041341769,0.551093049873393,0.16206332096320655,15.452377465368512,0.004127650786177937,216.35696209743338,11.559782992702125,508.8459705032203,24.125806826281156,0.26150391144518614,56.84729578625388,22.87747098414728,55.00598418130344,1.4116021579205742,2.4927536065372973,2.708718328997427,83.6856147759171,0.19097906711996307,0.10595959532524005,0.28146581843525287,12.384485017920193,0
197.38562130205955,3.809313724094765,0.1746041066568866,3.367093444644378,2.412316373032034,0.5859519939272213,0.21722158357813787,14.62905450863872,0.007585745036909972,191.6044962968227,8.651391162311178,477.07592141463334,17.576691359566215,0.3856531099130346,49.57777131932222,23.01754323345279,47.68551036526486,5.094984007305617,1.0823651341305285,3.298613713813065,93.03326295844113,0.10746061320750105,0.10779557762202033,0.2891206654388711,28.414296575748818,0
110.38488077343435,4.555384967171132,0.07781202135073277,6.719743367568238,2.195780545626797,0.38980700909545213,0.23055931514998337,13.447468506338788,0.012924664866429495,175.20706414780744,9.418912821998605,449.66614274866225,20.858442622227827,0.36170534333755877,53.81928350709615,30.845193152617583,67.37115104724104,5.700074631319472,2.7772754411671796,3.0857661336539524,83.19603391225301,0.21998427505236715,0.026516991503198865,0.36235522043009727,19.640554340967196,0
292.6250309014716,14.086349226727393,2.084074469201147,28.71464496019866,2.4051145674973857,2.082901821995233,0.25596365805893173,10.478168220965458,0.015386585925956068,166.40847948463326,9.318624410965704,531.2601758683779,20.723236728876174,0.35540001033059404,36.18277706324144,25.7488358438199,73.41262271994228,3.138141367606536,0.7763781079648873,2.9343311790323914,26.11933007104692,0.7837209792592904,0.546545637521434,0.2747281462127594,84.86109331318107,1
272.2782882298971,12.849011948731366,2.3949815840343143,36.54164822093361,2.7335703635306583,2.317881915345822,0.2263641848101619,9.60444198427065,0.006253061421253983,219.03968269594944,10.061699250359275,502.31098859535246,13.01606160780933,0.29402770063732164,57.212635164192505,26.060923104603578,55.20399664375676,6.316685476071201,3.414434392564153,3.65187965369845,51.57630128371884,0.7662580665096856,0.6282524424095332,0.2508926301291171,74.7809231756095,1
278.9220612861345,16.654691482989456,1.5351285789992555,43.67897532108076,2.5911794200293756,2.8360074137886646,0.1798115323673192,11.154686424597596,0.014452983536270234,191.15011187046417,7.156594664623322,552.6303994561679,15.731787445144585,0.27108605426592225,53.77710387389312,27.59834777238773,61.425571456345445,7.370313311204844,2.6800508111970176,2.1588313746186434,42.17996671430795,0.7655038121500811,0.8594917171095746,0.17673772265869228,70.83226412805094,1
206.18773016833225,20.94165751357229,2.094130967237167,34.63757981193329,1.677252988902451,2.4436920906072945,0.15918649269761476,9.709506670497321,0.014174070068461178,189.5408169581565,8.564578272182633,490.7068367721299,23.52825184864109,0.20893912120196692,54.905038358239885,18.33529439498137,44.18175450401648,4.318892944032334,1.158528477432162,2.7622288672961406,43.580774989330685,0.7369978130380014,0.7034432325162092,0.4010439264596443,73.99280799410886,1
291.67638092846823,16.41617900299344,2.1952846134793034,51.46813066562033,2.1228539430948854,2.489454633280296,0.2641518967240859,11.525443776859685,0.002712042856239956,211.921495405111,9.70596748399224,550.0733537874502,20.046660599155263,0.3190581777566907,54.53009463960848,21.90913318269733,60.11270655451336,6.5237910760095446,1.504987007173905,2.789302086990103,48.75665260669141,0.8211322186000533,0.5827719264106721,0.3662968022844784,77.78335974426342,1
112.58143257727872,4.002496520834654,0.13596785606254036,3.4592507195095643,2.06530457912385,0.5712537572859859,0.2510339640693276,16.514640453382757,0.0010564397194004038,227.05801297901337,8.996664102176751,447.96384486820773,17.302461949309265,0.34672705970471795,59.81476631637234,33.30115756729235,53.851718243655945,5.217410631324782,2.2552714364382345,2.132770885654863,85.43457050272988,0.3019607981806569,0.11668908742494553,0.317631709272593,13.123358555795873,0
282.1725624250701,13.939437158991415,1.5444273503804595,29.059768479290426,2.7690544605579093,2.3919859379927235,0.21978225769692797,10.143683907491562,0.01079669648336858,216.14631330504224,10.440595441363712,482.7448234938678,22.824622873362923,0.251409091777252,39.870622812092684,35.784135539207526,67.20729663479513,3.806134116522193,1.9553125881579951,2.905714911433874,44.88379102020267,0.6600040921045404,0.7180700977879808,0.2882543068648015,101.21219901474132,1
165.61938798164636,6.251469588377919,0.11060292050275576,8.115340317866725,2.0647529600880223,0.4432458891187626,0.2033419733177314,14.837462594855587,0.004935880383034024,207.15205943042562,12.156992172329007,471.9742219670329,20.25588814776235,0.30387439298102853,53.63803353349047,26.89167425409062,60.64124219855396,5.031518422216972,2.194899158868897,2.8645486391481487,75.25938420939204,0.2757310201140462,0.08971855041655649,0.3764874477014084,4.758190271181084,0
147.9391475226219,4.482447076908596,0.06959056576894534,4.884133396561295,1.6792504017057517,0.5346852353225212,0.2695653466440807,14.882047480299986,0.01568599710574133,199.5038448626267,9.534424772471857,492.83738809483935,27.43754971212465,0.24039490391313206,50.59461532653069,21.685543723009136,70.13634964713972,-1.0979160181043293,3.0143262638029826,2.2301869790002895,84.59978732650538,0.23696377190768986,0.08775980070323768,0.24238765621293215,19.104911134354843,0
168.49922727529835,6.291582815872148,0.09890590959261865,7.414451429979433,1.7767088261859592,0.509124005942838,0.18799726590197816,16.000632017020617,0.014004524950509743,192.38933268823877,9.045318292718253,507.33597009086895,26.317007964318886,0.23613460473726236,53.24142711543115,24.98701829839482,68.69129537900335,4.129193052495833,1.6155826944679155,2.2825691376551265,85.87137308087047,0.1923286414592034,0.07013994387471345,0.36157996060341563,18.65094471786263,0
239.84401361881214,14.53823014925873,1.6363472211962375,38.32816513011571,2.272110883952282,2.793943083305236,0.15731767992201595,8.829044493558218,0.008593512317979881,200.85975005031872,9.339244914651076,517.0827731692797,20.05830940228156,0.1670430579879167,50.45145942066128,32.79506476436174,71.74317407470672,3.1749479701408094,3.273420696819205,3.3206265184597155,44.87532429606761,0.7474394383346348,0.6865193237396502,0.3273407986914947,92.53330214815664,1
129.99568847933085,4.018226274284462,0.19902344563783503,4.582512251772045,1.5996429251649291,0.5850782954550248,0.22198238254269767,15.551202105086793,0.0091998948320507,199.555076004643,7.949638954192758,498.698084598212,14.633849609973947,0.32893114106332144,56.62607163994916,27.476714827965548,64.12296379374956,5.2454234257873535,1.8942338860781796,2.8149617564569436,94.06005232489917,0.19078655791505642,0.09559154339669858,0.36811002190017544,21.628652325499313,0
151.451921987772,5.626438561825342,0.1259229675064449,5.411164618575932,2.014497898240232,0.5298771067185416,0.14345699294031308,17.536228625178797,0.015628759485878045,193.9872358486413,6.756490044900453,485.38033073368825,18.373528933373095,0.41133211835980116,53.30585366499131,26.78722842363643,56.04862233432827,7.024998342184901,2.195031909191333,3.641441659351946,83.85911464139544,0.15416200278625852,0.08678495180230202,0.2851876169152404,21.98819963202093,0
166.8796523626415,5.761687374505433,0.12055024413373427,7.793614484963212,2.5041342738449703,0.40421978190251534,0.10563369909596704,15.272059741549986,0.012244762929635033,191.59944895377149,11.480700481904917,482.58720734135846,23.501310849053173,0.2896219474227019,54.9420409863359,33.80311755122609,63.32262022219334,5.223606767146469,2.3725582138842483,2.8939608001503365,83.88072194462606,0.17180351370967745,0.061743006088743356,0.31093782895394867,19.970410749046724,0
361.3352520062767,8.836785560000196,1.992879060182602,20.8962541810331,1.524230653063109,2.3459918908119644,0.16098470592325256,6.8115014786741215,0.008854707347901059,197.95519222532963,13.076555455844485,665.2660901114326,19.606724136168065,0.27272065419220676,52.83090238186298,26.711488494883074,60.36246368701112,4.778861472726896,2.2166137092413036,2.1664961182305156,33.124058025288065,0.7857633004642092,0.5725160310889825,0.3466566860584384,59.722502726544086,1
183.82803201166533,5.075837556781882,0.16103458023233777,4.909200383577365,2.478625016549688,0.521477424041895,0.19722359005134688,13.746049478513036,0.0074348576973029025,215.49492792267836,8.026294928777189,566.269928303614,19.549070436547147,0.30106269963825216,56.81096361321785,20.287199877220445,60.6163826139289,4.689643497833862,3.4881000208290778,3.43951815583874,90.01842070189704,0.1484165021925034,0.13133640004928154,0.31255622147973483,27.25841631256666,0
153.38961527037375,6.619053254443642,0.11117864420992012,5.334565328932104,1.7501815879027753,0.5202573572594386,0.15393201841358248,15.6898976735024,0.012861682896610634,217.26092346275303,10.470111933034827,550.3957245613483,23.108788227976945,0.23479052605352388,54.94297595661625,29.529123481373876,48.58865268883368,3.2270961745783957,1.7915150391976515,3.6933440972311,83.68259105434896,0.1374143590343558,0.10577253633793743,0.21787418871192873,22.428021722760096,0
341.74049226563847,12.86414033372811,2.6321983489745886,27.747491548345824,2.525630233092501,3.42595078826299,0.21020477352494,7.140117386477749,0.005517705792343964,214.1389396813319,10.57451341985029,578.5500296876265,19.910481937516007,0.29325497448897875,55.636662276828694,24.752842993894586,67.5648354208899,4.3655121774339625,2.1468054316962593,3.1762701544388823,43.22342070877471,0.7445585017222962,0.6977484249102347,0.4055107527325003,80.36882095571654,1
199.75187602072734,14.306940173387213,1.5535422013112021,35.399710700092925,2.2388362457897655,2.0887257423315235,0.1997752438725369,10.072742455685686,0.0037930535620133436,190.33337816517448,10.834905804909152,474.05374619414994,20.60233473440706,0.3268948379996881,43.098941538300856,21.494412683347353,58.02967752377869,1.849086573818474,1.7622995352516833,3.131420968022561,20.473026644422358,0.8681147697227571,0.6974669573761834,0.24323835043937034,87.3367575654237,1
272.17830097792563,17.46952515861239,1.4812237450357464,32.429814819545946,2.154336321792132,3.0234221165228683,0.19939922642642172,9.41058513202895,0.006415107105549608,236.78582961033771,8.32290311121691,497.4225785895045,25.501617166536807,0.33490941018361003,51.7387930157128,18.287152990023085,68.56279930391274,3.819733406888073,0.42289584437703603,3.891541517114924,40.27738309259314,0.8272185450237967,0.7703364982983011,0.10260528906285528,101.57641819191281,1
227.58048033169996,17.2206343638389,2.339427878643868,39.09655983832671,2.5081424723074854,3.4379768645652327,0.3155845964518746,12.88500904783468,0.0054714626646740075,168.15691807727978,8.173446592602703,396.6141672117699,17.915655277155675,0.3716177102338763,53.820729045636895,36.36837968467208,68.14362803264875,2.702094030873584,1.9274651903109608,3.30937391363762,50.26273634199858,0.6768379463551333,0.8197751059929987,0.23699977977268488,83.48403046329021,1
376.77463921692924,12.41596606584693,2.4168070827170713,38.53154359297114,2.156293157880766,2.4123127865968113,0.26179075594651535,10.806451721901375,0.016311745522112342,185.66604402540668,6.893100140453288,361.8693083469186,14.147480315250544,0.16201032644105665,49.81058724144236,18.9472425053777,59.401198099332355,6.441896615686553,2.339760733174557,2.131179298817735,37.681114174980145,0.7665304619500412,0.9611079849973175,0.40052026844763094,76.7985580298281,1
307.2465152774278,15.050645177536344,2.7328907581156177,51.01532385351885,1.8650560521644153,2.0845008227817434,0.1917344262605598,8.54971089519315,0.010421481574597291,196.78216970170755,9.291551730706678,515.8040314229681,19.08584824846477,0.38349119741980564,52.910550768306244,21.368476230163473,61.75871745246445,6.926208569555492,1.958983644516395,2.6414218863323433,42.30555514234321,0.7292966899283652,0.7478034585958974,0.2557759588318824,90.40667161106738,1
361.15255837294364,12.108422069549231,1.8051275874406694,30.8527442629058,2.085641115378026,2.409508319684423,0.15612095007667554,10.331874887086332,0.013342284762998216,184.7562321909869,11.239237335880256,315.957914683105,21.685902689394958,0.2503398895232457,49.866449846067894,31.917591523715704,58.726819058365734,3.2847534994934136,2.716702789031732,3.3507135021942345,28.021601283895812,0.8198897358876343,0.610647700722478,0.3973959653862495,68.91254230768646,1
366.97708925894693,15.522874298079426,1.3737255750604231,17.927758091784394,1.773616629563673,2.566143072696671,0.19384459759260272,8.292160484159343,0.012850092654027714,216.3376205868427,10.238632063614215,503.57091175111395,17.13837701340812,0.3067769973376736,61.74669960446464,17.10557766889509,52.83253278747575,0.48610174215301677,3.6959436447478784,1.9537219936731343,45.47992622518876,0.6576117917643913,0.6888512418995336,0.35108389315431376,47.68980623467727,1
416.6223515746645,13.944417970373584,3.054052263236233,34.65233825698433,1.1920563507059685,1.9951401767067398,0.1882601882989924,8.489593311007361,0.013658706243280586,177.9004807903497,8.281828058201697,535.410986280298,21.640405820680623,0.3852137080578282,56.91185816662426,27.68966588668613,64.24759590191975,5.229051308618018,1.3239555381589136,2.191712852875949,19.86147878625625,0.626821289613576,0.574456989668296,0.28774451412540325,72.04521426776911,1
155.0963191134318,3.2178578310657957,0.11921000236078792,4.343713450386549,2.503094165076247,0.6805555123237784,0.2246168976439376,14.329417841027258,0.011632227738688461,228.35829405024322,11.355823017135826,474.1127071754505,20.749203658634105,0.314396457394274,56.2898492742725,18.622410890991674,54.137297973062864,3.2956495066345606,0.40818696445730973,2.657545709847945,92.36004686713846,0.24192233537605748,0.07799663069923211,0.29011958862977116,24.529135486455363,0
164.97251496025066,3.354111464806542,0.12285839213198715,3.115697135238864,2.2522758308680646,0.3606373041899576,0.2472235711634352,15.168309264855756,0.01347076482730199,186.00733567889867,8.816151386980216,561.0010971554659,24.154237562134416,0.26448406634644217,49.383480610606,13.565318080476274,85.98750261493005,2.622818661556455,2.646153328317091,3.5872797956262636,85.26660279273258,0.18767549679726117,0.129967232733926,0.25734321063321636,22.135721814817792,0
179.89279548958834,5.470664924638136,0.13327244167210062,6.337068515333443,1.3651653979972487,0.5594021493258869,0.18703146993884348,16.168146031316542,0.012381889480353674,181.04984293304256,9.24607747798329,518.038310654916,23.816526226224152,0.2911350098931638,50.720689370412195,31.323500716544157,60.41198788871109,3.9183205053201142,3.595325240215791,2.2549403595095665,79.51632453798702,0.2104805009769677,0.07188296176953922,0.32205377597923224,13.213943241199797,0
311.5931414467524,13.720240941132447,2.110284974905374,50.284210290171615,2.2673707603034177,2.5418556091493825,0.21996905121908095,10.316761837111407,0.009004298106497945,193.51848876235252,11.548129423669657,525.1232652185097,23.737806613815536,0.34490468126232227,63.80332432716031,35.20681083892852,66.13510130246347,2.372953636265767,-0.48907870816433274,3.6640510108755535,35.40850072810527,0.9070415109399103,0.7637135596101594,0.4037374818720114,78.34334023085454,1
183.28452123917054,4.673564341576122,0.10970456979206893,4.6865862799011815,2.3024233493354815,0.534961841986411,0.21119658777422776,16.781374111521203,0.014082495789658374,166.0945717541569,10.936469961439524,492.95596769605316,24.06600083018416,0.32031517516799524,52.906878782805244,20.524230424204525,68.91555143087628,7.047987255880549,2.252202645401723,3.101079677924002,89.03437817867064,0.15623257877919908,0.06309032485732673,0.30118708738027733,20.383614753323407,0
160.85103414139937,6.052424001269972,0.12644362337457088,4.947298430774298,1.531057072014526,0.5435487413192553,0.1841629527322335,14.95793657847901,0.006210269670767249,180.58541293179712,11.40474484108112,428.334072026384,17.09701744114588,0.36121352975663035,39.29626513182087,20.98955961426313,80.5630721424971,4.879558269321858,-0.13393697471533583,2.484043880439732,88.07422129829223,0.24438456759061683,0.11112374025726163,0.3000037982968272,15.812833425978651,0
137.78359069717695,6.001292836327494,0.02349751598128034,3.821266116902242,1.2804294818276782,0.43826136672778715,0.2670031922018904,15.128667713742088,0.01234647277013914,237.17094395668116,8.095019804583552,557.6332875174822,14.63224398425902,0.26921251539174057,42.43249532340079,24.956587556218576,62.26970486662681,1.8444211796851184,1.965578851582607,2.3637154333054076,78.60207036187967,0.1631020900966555,0.13129691895921516,0.3428960092829024,22.767514745206704,0
162.4867522129595,5.321675347921921,0.09091228903055273,7.5991463171525,2.098789194315356,0.34567185103335846,0.17634688961899034,14.718031803418409,0.014457735589032012,270.63430096528884,7.062991581384231,566.7643308145736,14.768241063101954,0.27754781962850744,54.2656259789974,26.595839914794382,52.2192127540588,6.545432002433323,2.778669402581916,2.659676957710928,82.17746905031761,0.19301956001121573,0.0656405601133225,0.22365288163436275,9.283551444498482,0
140.3049508544445,5.214362864494286,0.04447213492058638,3.9950562778565004,2.1061092874354155,0.6570646106468915,0.21625416078695156,15.535884114502498,0.010043683860316252,204.588420384623,7.0457671009546505,428.2603291281226,18.33501048088748,0.36944409069322026,40.90616308588935,28.984869360409153,81.57068877170745,4.83056547972768,1.4845953058084465,2.4694564597744346,91.40552988125499,0.22884032653958236,0.12333978953850512,0.33458460225651193,22.219955996526373,0
113.57023816686701,5.575117821619087,0.12029730907744463,6.971767391822417,1.9690565580896053,0.4751227926741205,0.16626729085099456,14.57392043940139,0.009719992931962575,202.2972469358289,7.6725499689428736,469.1054821572693,19.808122740726724,0.2765438332927748,43.69452050222815,24.54088134538068,75.12528437995907,0.7131678880760575,4.447491067566769,3.1745862381263334,93.58268765969954,0.10730014366831216,0.09109575017854289,0.3423463961966306,20.11597556981084,0
153.04576813541559,3.4728105276877566,0.20604692370464228,2.201785941011794,2.167078955021503,0.5166102893292598,0.20119107424308483,15.587391399623076,0.004568066555887296,207.93449430416328,7.735896021017483,443.90777451449003,18.831158556220487,0.22483042209258416,48.17816813893965,21.377078911790154,51.41555748802584,3.5207177110832735,1.0435855447016706,2.7744852196101686,85.75746197387605,0.21807843468044008,0.06974884436305143,0.26383343902055834,11.726976612612038,0
144.09056712176655,5.1851898878658265,0.06761980569273186,5.630201076423702,1.745006005693263,0.4189967227443661,0.19147741338559682,14.3272846897901,0.005767720216333024,194.23748864090652,7.437041882081479,505.2736494626622,21.04013547627205,0.20864515772810313,42.814504881137005,16.814571469014847,54.59398928155089,4.885247546283483,2.4221999236381517,3.3898341710386677,86.9111535588209,0.18217853913170642,0.1161251945800144,0.339680196278478,12.39585718542067,0
128.87611855549954,5.926869421041371,0.1558927831585914,7.122403147037726,2.653235388858746,0.39426282975350496,0.16408072004739263,14.391764573408114,0.005160103423927569,214.58580357218935,8.854746403608535,546.2984516559999,18.725866767894043,0.2706550584819442,51.599046774919245,27.059811738758803,56.72791804932479,2.8521131693882813,1.654266047308206,3.4895176038121827,86.98398230454436,0.15169856379657398,0.08100652411365017,0.32388069340914355,25.01126648200926,0
312.3426656456827,11.964133513291966,1.71660339976561,33.05891578757314,3.035520521737126,1.5677737473159739,0.1869471703650544,8.508406105440963,0.0014516434526207092,163.73107161774013,11.04522211403375,398.8171752246353,25.120967812022414,0.3227122079444846,53.54184467479624,16.611409319625107,59.46674357883427,5.234328643082785,0.9397488351265821,2.950228728886963,40.39407195684446,0.7884127406299473,0.6277371688004358,0.3804305503751797,104.94152999231117,1
290.50006725243657,19.00563474707769,0.9883858980010938,31.74870924416574,2.5605270985697612,1.5440447828051327,0.258278876214204,9.906724943204235,0.010373574528498299,170.92804041064122,8.902472064354457,545.9942008843192,20.155777849177714,0.2937328668708098,45.55595213473606,27.99641808335567,63.391713731897276,3.9854091870676887,2.318486616470243,2.6025460322370937,37.4453899763219,0.89892776452712,0.7482023728036213,0.30279838285345423,91.09240079264156,1
156.35374139533832,5.142360540309442,0.14954865333323566,5.874097155688406,1.5620209573916832,0.6732590074263362,0.08809093713011451,13.621990621618103,0.010289587431276746,213.27016470898135,13.01854133788803,472.22262847429914,22.21204219882632,0.2936395871438908,50.01804191148068,17.746261550579366,77.12641304122634,4.282325272117106,1.5338154440201661,3.8004579441444255,77.34696127587556,0.18468675719283453,0.08714149364887419,0.2627411481590343,21.173793585947998,0
184.9186534735365,5.719321145365974,0.14784472453644212,9.113106264820424,2.1859648072133115,0.45171896833246045,0.2864714262147093,14.634952116477578,0.013990505470132466,174.62783860954175,8.705595155260177,508.68284147442796,18.83271996888751,0.3426878797160604,54.12648196897393,27.651633710880276,55.40130919722683,3.8405228681347054,0.5582993705002381,3.262139145132867,81.76043960281635,0.16220072917999595,0.1433041134923895,0.21877032070141833,24.346775053360428,0
161.85287387288884,5.140930967655559,0.12500977169635408,6.061554218881479,1.5788206308545685,0.4266667477958346,0.2533644458294415,16.373780233636985,0.0074130914760838044,157.74495994945957,6.000456125546311,453.58118970008036,16.19987963025149,0.2804269578659808,46.18417561714937,15.179989432580761,49.355804605576715,1.3195718138027668,1.9359175443447119,2.8454131001310943,91.39684677078536,0.231286136446478,0.12050056493513078,0.21626368386789654,22.069575965390147,0
131.96483382443174,3.823003179413475,0.10411430573601417,3.9649956298781257,1.357070957610576,0.5512784318291445,0.2763809538246393,15.573249770465651,0.009263081458968167,202.68392181660334,8.86794849698111,485.57218247918615,19.516081435129173,0.37782967160948316,56.091152926303394,21.6622371148743,38.48353503401639,6.46926426734676,2.789506149387274,3.558752200438196,89.60275063313425,0.24507127300095374,0.09347547311474577,0.38937150105215196,24.607491547377972,0
119.90397808956602,5.70124148856246,0.05732076793599372,6.982631550777095,1.5228927622935735,0.5260140261803469,0.1942251354986028,14.505417773673399,0.004656248902445127,207.47181912901107,10.287686618380512,502.28758518440713,23.12084440443388,0.30180790885344544,55.81322810640119,29.217790047807142,64.99545944926348,4.693213966751744,2.714950170683285,1.9937409619690303,82.18004184858725,0.24814472660937983,0.10046692903291123,0.3114150676223766,20.930647403127725,0
344.4286534519389,14.792153652922666,2.8943941464684517,25.75922951221102,2.644709475232865,1.685132551203441,0.10259884003690675,9.843926799233156,0.006869836185817129,210.99902156149003,9.156482777148902,474.718240818836,14.794922994146344,0.1883943133264004,59.8230811809085,21.669417842224924,52.076323276777174,5.747060866950819,2.5038215146992933,2.820304794763047,36.4505866420883,0.782791129874703,0.7744491768853263,0.2761230558274191,90.70194203456661,1
155.66437030274392,4.76985326584956,0.12244716857499446,7.085561756442159,2.23760811457591,0.40048544255249496,0.20633637373002855,14.52263325083076,0.01001947328020233,199.27115973104847,8.935197254021215,541.5285732187302,18.04841106177906,0.324233760934418,45.343885761020054,35.28917079416031,61.07129819196467,7.184554385239101,1.0792580058616854,3.3122919721055504,82.07363067950676,0.16784357995722254,0.06409221324781646,0.23428431823383206,15.034736855533906,0
377.50540288875476,10.352368235611564,2.1127664621322055,43.117922900013596,2.759141503149761,2.2021523726853487,0.07498377156862289,8.184958054048213,0.00965244194696848,223.14795299503888,10.59192884917786,491.1371140099339,16.570586795025154,0.23089880591961248,61.66442004115858,21.580144706074204,52.179834148056194,7.081360699107159,-0.0694420145172595,1.9072560739227251,48.20021743325035,0.7304339999935298,0.6756827546510286,0.23097233324881622,86.58882688007576,1
168.5558626883868,4.9270773364638805,0.16731302898696723,-0.3429012235652591,1.3475817263584997,0.4964234514683311,0.2384760957316562,14.13381712934428,0.009529141889849827,189.15997520221077,11.643090259324195,404.2588645095151,18.845786982451028,0.24572936955550612,50.263229101126925,23.65863846479368,60.12504033638721,1.030109480848434,1.40581164794074,3.4547540959397884,78.36472040082913,0.2148779491437415,0.1419451746823761,0.3068123022487138,22.41254880545647,0
339.3591959654415,18.316168460699927,2.1949031996246773,38.56804011371477,2.2759049524233155,2.6647611660774975,0.23302710869276277,10.505364118205561,0.012493781162342113,199.0284241717201,10.819420618226719,571.2242188204837,23.525976478758935,0.21004760191295865,48.95944597277886,44.096823796121114,54.45788029543462,2.2509303312909323,1.1237796665382578,3.324321046654619,41.92987404097678,0.766020639775723,0.7168693251599775,0.22986428428930192,61.83183464816351,1
165.1600301871089,3.97509312536115,0.13577240357349737,3.603032860726909,1.9025851921017884,0.26946013238096383,0.16403733542513874,14.936537575506586,0.01614873699777515,197.8339091940368,7.79176376544444,402.7207730318089,19.290319512464116,0.26973670858009996,43.87897209499563,30.668801760243912,58.41261816443435,2.5716318778631018,1.837435794284079,3.4188035372557986,87.40803054708583,0.1737618383464575,0.10348023892982522,0.2540028198886947,11.438426526444324,0
149.37418835838932,4.740229618776842,0.07241795733948887,8.420516898904012,1.5322023948250947,0.5640628847510213,0.18328278152703587,14.783126483585143,0.015299244695865024,206.5794912637676,7.817091293361779,469.32835995364564,19.499741886574174,0.27541665704228796,50.249654852150805,28.57941533801541,57.17633312703719,4.191667717690337,1.0882369122689108,2.511922577699628,82.18478247978601,0.14001064032896837,0.10419813914699763,0.24506322842709005,7.071175969956207,0
282.1315659290104,13.956190942772473,1.4978145288830196,47.670842547544616,3.08285061778841,2.3465339561838428,0.1981658363520982,10.84388587231344,0.012773150307500376,187.95618652887234,9.260772329628875,427.37415016278754,17.200499963985994,0.2239270116847199,43.35111000887974,35.3978355839249,69.25711665719213,2.7728818377197073,3.2296836808166907,3.048660291082371,48.84449187906746,0.7475198645942848,0.5537199296346506,0.30216833306677865,69.99962978547845,1
265.2912080898154,11.362947196594712,1.9740918696738488,40.89479354573687,1.3773589661216195,2.2343649175472664,0.20551865339891381,11.441057991869,0.006630790856373344,181.470204737624,5.067625175990164,429.1938557772104,19.933904184826897,0.2568542781886506,58.909776657622174,20.397233762400354,82.35597224763485,9.795632409677287,-0.1394938624650589,2.3144448820732597,58.61816038340469,0.7928051370452497,0.6832307651151556,0.2826649384582619,76.93594989530793,1
296.4708228275684,18.634635377724646,1.9458897825940482,30.46932142661509,1.9677163504634037,2.7878689493736815,0.26214713083850266,11.831448876100316,0.01580844318687956,176.8082101373107,10.649015189736023,488.36828611454825,23.735309336647838,0.35187622066078816,59.511101352294986,30.64338455833535,62.85490885160959,6.405224407126538,1.3413138832563234,2.5089642625564017,40.40103678856281,0.6662907659336842,0.8662425015677775,0.3402394138483296,92.42159558677895,1
132.46138316371102,6.751984784507895,0.05136202286039944,5.251701742357106,1.861607649204168,0.5300242198915188,0.14434899788496067,14.80014639737653,-0.00014024212752901556,177.87133318954085,12.030602953277532,462.82481772114454,17.48003244457488,0.3157271777645136,41.75723143615391,27.15501838733065,68.81575992446339,6.505586274284631,4.716352126316025,3.4845638361175615,88.87631086598921,0.23621551507352287,0.08514384132553146,0.2496768669248366,19.146298243503775,0
317.1719698366802,12.816517174343328,2.216532021410377,38.155405970836874,1.8795271723860634,2.286681853924812,0.11054060483259066,8.307289312031791,0.01052816724970702,150.0980431043606,12.256394072070147,616.5127009295046,13.939939934579165,0.2932174186193862,53.40699056389349,29.831018959446673,66.77165916800152,7.909074107316691,1.9915219498305567,3.132136710515822,54.04804396812339,0.7408953446158505,0.8821178029496223,0.28651894184509374,94.14849232480242,1
356.3132560423872,16.07172859225642,1.7610350609574994,36.817598927284884,1.781952367966367,2.7467731622244247,0.22337863055971074,9.812189712646877,-0.003187977959905216,194.97703921840406,8.364370090523694,420.0471970822282,23.8203017800866,0.22410122834263402,57.92274846411222,28.75284825531711,66.51724810739155,3.4491610771528753,3.307070709885179,3.715782026695508,32.055111491194886,0.7216579089193305,0.7542011354392316,0.301230221147813,94.07068779466549,1
343.04062684693173,12.68881843380964,2.8681186897641573,31.12545939464368,2.3769089483929258,2.9276395802614017,0.23488249694702498,13.37127626083495,0.021936181318156826,231.73463951359017,13.316739479076631,431.54776674880185,15.662351884001973,0.22133600653120997,56.97573387795066,23.105776246185105,57.565265817723656,5.748697353715722,3.426387666017558,3.094510691685054,49.02122530005711,0.8675416487437937,0.7713353980243459,0.3303497592947707,73.24657157205834,1
142.83963747314417,5.842658859280928,0.03148025939565894,8.155030784129464,1.6467208636749202,0.5805093252526943,0.27460006970524964,15.576063729477879,0.0023222446261321906,173.71383036468816,11.730964617235447,561.9522393091796,22.558638809748757,0.26641202614298987,46.84334367972531,19.645287850399004,66.95855981758649,4.931745275840523,1.777889291768348,3.2413762522269867,81.91119019592527,0.2069519490058553,0.06691242112456486,0.2649706829530761,16.107945784784906,0
215.2970510071757,10.520590647783656,2.3164315141958656,29.11187376578103,1.6847746672444526,3.57428931077883,0.16360600859511287,6.061573861785966,0.011516461481598414,175.42077495867036,9.642159319067172,567.8427073232506,13.037903495264576,0.33220475455203574,33.32647148446799,34.93832827890808,63.952939919832325,5.256737555504361,1.3492277366472138,1.9086112449136374,39.90367944339148,0.7910149008677905,0.7020194864004718,0.28037495296922177,90.9329784487328,1
338.41736651075564,21.133515102450467,1.5469959856031856,49.94448855741053,2.2729850757313543,2.769099563223403,0.210196599241073,7.816690795450617,0.01753668066422807,189.38036821666407,11.346880106014227,473.93646040650174,21.293219849458342,0.2946967858426995,42.14812018003189,23.62019267346001,57.301604697421816,8.012429245699273,2.2489187623051765,2.701912343627166,43.54418092073047,0.8528057031066786,0.7690800744289591,0.33720885720865257,91.94973989658791,1
199.53133523651493,4.4646680198142485,0.15339768991365138,3.4267693607700904,3.3110680860912813,0.4504931907640365,0.24871062746932443,15.11289425096607,0.0124459386288936,183.7065807650437,8.29875924107532,508.7323989236388,18.387495063068165,0.2952380919872512,51.36190151754912,23.22136163644616,60.827822727329945,3.8618557651584555,2.702395002002926,3.239210496599525,79.4461453452959,0.27391287969049855,0.10490163864071714,0.19450771446469947,20.97921336290249,0
280.01401243066476,17.431311503974047,1.9263337987058868,34.57102510299459,2.179851181417681,2.7793314778740297,0.32313905427723305,10.741087517810032,0.008878272869440904,210.94685359557695,13.170539354227197,463.78658621515575,13.320840097513932,0.3128002312427805,52.71985636481319,17.427155922815814,36.62791386041858,2.622784979229051,-0.6334980585767529,2.8099765974892876,32.24147512711548,0.8004118648998908,0.7932570368267068,0.3584533388270676,97.58847339894821,1
144.6999364794269,4.916254879187481,0.023533864879333802,7.610867040032655,1.9087465429051658,0.34618113678473234,0.14523714652444714,14.692604598718306,0.005043826965486215,217.36743506060847,8.056534698184318,479.33317424609754,21.662506021313213,0.3144764194976075,58.34776113614802,29.077035295889452,65.66703386919562,7.015573035477873,1.472999634496282,3.461710075471031,85.90375896904358,0.1132355958405942,0.09936288120846594,0.37717222056496635,13.840417454165314,0
293.8707561240973,11.600975266679136,1.5774270387732516,36.30787561735346,1.8344024320718217,3.093730221049113,0.3044947365536115,10.583383264373769,0.020676136965836128,194.40536713833114,6.657908505426653,595.7967960066824,26.21105664695041,0.28884226475677083,49.16562209013767,24.7550428596561,50.035720197602764,7.614164934117198,1.5492991628515846,2.773657617894573,30.704702526056085,0.7374145382138034,0.5696748047589221,0.22657368049111792,74.81260720882831,1
132.12616880624404,5.640921866068711,0.04029667732588055,6.476964836427035,0.5590052240096446,0.5432487813125053,0.265580569851968,13.620532833592591,0.00841754279328861,197.6672046346652,8.638852228864595,427.35311664111737,22.53227354477175,0.19317604108586411,47.864085721884145,32.60649698782402,74.2577871650365,5.023530887016063,2.003642407555089,3.766029938922204,82.83438777934924,0.1813194714357919,0.08179676949699692,0.3442336401739519,18.444697704899284,0
251.24509507707646,14.697314006150547,2.312575567210416,33.63279726362549,1.313665829680016,2.9670872708314557,0.3273755011216129,10.065697386321705,0.010450334168449264,207.72285532558558,8.89319811537937,532.4029177139275,19.937399047115235,0.2859053441629511,49.45389542165655,25.735994894219118,59.43825840898922,2.7109137654604423,0.015644378692148728,4.00534979002403,34.94694233710111,0.6815748787067023,0.763207216377939,0.3128339203384469,86.40607662217396,1
156.176228347479,2.0385131169243627,0.13782736860986894,10.293170035730206,2.605593272418892,0.4654856142876623,0.20295551433452205,14.234118164253617,0.01794692937602542,197.79421654871678,12.16157708925948,559.3817665716118,19.901658473662266,0.2238077102922779,48.9783602639306,27.60854493395269,69.65643043721525,3.940743714429387,2.9864523758657304,3.42616275292904,87.84146553092108,0.2031199175746287,0.09468940409616262,0.28093155396117275,19.05090910724713,0
322.6626535085156,15.927919785981835,1.955998007030067,34.20597034129181,2.5658828153049216,2.453037658205388,0.20695341340774834,3.7046245127022805,0.019704725391723493,217.660398992927,9.039606556643,626.9460008654465,18.235146933690444,0.15887275791864588,41.25062020780067,29.713368666895228,59.12829050049505,5.370340157248147,2.9123857678616636,3.201632285066674,40.70077546094633,0.861819008416564,0.600493327837833,0.27485720278444625,66.29829190905413,1
172.61307160131904,6.711297145359147,0.04385978671241597,5.378241680277243,1.5803739344434498,0.50164102567141,0.21184892075263703,13.65145856824911,0.019644162148819005,213.36767361795324,10.454078997151159,401.4798540599552,12.25269538328443,0.23635565020047858,52.02269182452522,27.160585254913023,55.871983333181205,4.138881844616496,1.7503873760092004,2.2330208201700157,74.46604489261142,0.21295925849442615,0.10642688516214047,0.386314443460963,17.14424068759922,0
274.9036538917745,12.487546343632376,1.9618615704665887,34.86632499606625,1.9692994270220994,2.2224260302601158,0.23255894544022432,7.081131434748764,0.013885241953137248,189.48988323279417,7.36746476789905,502.56203368923263,16.318766567556008,0.24683475041564235,46.52618824276473,23.620746358964116,55.86319714044715,7.9473220000178175,1.6991503893197357,3.475462377437676,29.463956085367137,0.8918169813794926,0.7448109212681716,0.34445893266803634,85.96989133135843,1
313.7461212095406,14.967829434156187,2.559324009794534,45.049024760451616,2.555737881834184,1.1806223736815091,0.2753078419923816,9.72499609205643,0.0056122984070964286,185.04141878024075,13.122589449951603,460.2706380313478,19.029757915884574,0.22828511545197833,45.22425278494297,22.432315466249953,61.838865547262806,6.361068171092583,4.16469832222363,2.788299448146054,42.305353479885916,0.9199044435395719,0.6954699927241925,0.3317869596797945,84.46883163478333,1
304.9722136737505,18.13537972728798,2.968927607401551,26.474763598474762,2.295838162944169,3.1306508538522055,0.1851981294871525,10.912633950216351,0.02090072548415576,201.02615714459432,11.288982663327586,619.2083064408594,24.308685470430902,0.33806037805247385,43.36147979793221,30.62302504780411,69.97772832568225,2.281518327861036,4.465077218611979,3.140242379996373,35.769640892360144,0.796026999183749,0.8690782605300205,0.3245357216029537,96.48979105266136,1
121.87883927620244,4.265050121798811,0.12862927576793176,5.051920292166468,1.8624289443507096,0.5588924141996312,0.26725506155339607,16.25941664586941,0.007871161884903425,205.61753009379538,8.14574794830582,514.0305125045337,19.52765853879111,0.28844977594719234,49.28918173226553,18.15952063456102,61.0519897280401,5.838688474729399,1.8297752406517178,3.1499633678464156,90.99699730334588,0.20474903086924146,0.11763986978753307,0.22248183066135344,23.82930380388368,0
350.38375933266883,14.565138811044037,2.055362626472125,30.28949611416895,2.264395784755384,3.5794729570259967,0.19524409476143795,7.957820391504097,0.009616399894365985,185.27810815353652,14.579050708846104,541.1749768683621,16.61206057148205,0.46570405496060485,39.78382583822899,40.46235817453528,54.72804955498299,8.562701223937466,1.372237956471844,3.2418306091977658,45.12383009538257,0.6725895101720534,0.6540499608010989,0.3581269927717753,82.25367836546191,1
179.12096356429262,4.805622051859891,0.0964447193866332,7.885071921576119,1.9493191560057248,0.42052789916193545,0.18310798707908948,17.390159650348313,0.011712104917987779,211.86240426213593,8.066376959075733,517.2493588723346,23.45066342495548,0.31983397481462456,44.955252762194156,24.422045377057852,59.88125031441639,2.966018936349736,2.34484080526593,3.0286049623247937,87.85177545651008,0.21902790517694729,0.11556513489234779,0.2754355366235772,13.403864354314324,0
114.47432114785228,6.255945238795398,0.06701639320668808,6.94484241465594,1.6056192730285734,0.4247872714762482,0.12347511073967284,13.87777875514828,0.006124299942946699,183.05459919316965,9.017578040971502,497.4899404642538,17.85625031202107,0.34052141011603315,48.621093495522295,29.863825325170968,63.583919278953566,0.8804648854210066,0.8728799910500922,3.6243550243008156,85.52787611765858,0.1838720904156789,0.11663491872899588,0.30355958718237275,17.651006422908132,0
310.2072770251258,16.821682724952858,2.4212917683669692,28.937498585878032,1.0449404873758104,1.920230396256169,0.18166787367437215,8.985400490898945,-0.0022307027096805368,199.38303815169232,10.608237799650173,534.4166068831441,16.703608129628034,0.43058537445766093,53.53038093646204,26.210161316883184,72.61162593325099,7.1926440457925445,2.411141527216561,3.7952910965966393,47.79774822139215,0.9215510676799711,0.779539432952997,0.2869147458879078,75.753168658567,1
168.39031191861233,5.44922592437518,0.1098634299023782,4.674821666978203,2.3659568490992715,0.612768415236323,0.20246788250009504,15.540556810011996,0.009169997373664304,189.2545726408803,7.2752396773513235,554.7551583604336,21.27667091381954,0.2983672753400002,42.07238274311936,19.26783915407916,57.33992287132188,2.4752310643693978,0.8402003683630648,2.7801901658873627,83.54183663595919,0.24923126584937155,0.1112202840616585,0.35313794183655256,13.824194971066934,0
385.26094962920945,16.12378030130964,1.2184383148385063,46.92959288980026,1.5129390418434503,2.7145245229970936,0.2314786695680583,6.70748519767191,-0.0006524545696492213,165.58792169546138,11.748214500287526,492.30039954232865,21.52411695804991,0.3556471406301418,53.457585039348075,26.272907992800267,69.96012027050409,6.90634266783252,3.2569705951697223,2.437738028140327,50.61370431071671,0.84567595855824,0.7289005032263917,0.19138549210984196,111.5741967450066,1
220.5339833687725,9.212956154661718,1.803361661635305,31.552977903416917,1.0180437705497412,1.7952453189085582,0.193372921526518,10.528842252876217,0.0037603897122350637,223.45103069778975,13.539391832791125,472.6297532475912,14.459411808644246,0.196163587489129,40.607430564224735,18.128682163365006,51.97953518492879,0.45152544033932374,1.6886347066201737,2.8043498165149643,56.336309144041415,0.8957705851125626,0.7492223792095999,0.4188932050690165,71.43117478563853,1
223.9707688795659,15.921383481710944,2.1645622157038216,38.154068981060455,2.1016278763677625,1.743096741018899,0.10744114951241766,8.112631323782567,0.002864219777398504,242.1165761058229,11.703253185176653,598.2848046020735,23.75155706465952,0.2384453700483593,45.464298115794115,27.96026590043977,67.02083545602524,7.310202409892938,3.0826004032673686,4.0494228979926445,32.3265068394575,0.8338946348970386,0.6930726727126593,0.3181061282339624,67.1431936216657,1
315.2456250797702,13.461797203543043,2.4795861276706064,35.824802924973234,1.9120474333054,2.3918469923536865,0.18329022861140806,13.642822390593787,-0.006149445899712524,221.74735138196638,9.383690814825252,392.5340753373622,17.80638368462796,0.278177191113882,39.34778684828376,28.340865718251948,42.02162430287312,6.213898807284475,1.3905884343904584,3.878316585812422,37.486386793040914,0.7433756726551805,0.693965245329584,0.31826330559805394,128.86198827476696,1
265.90876907290254,14.954337894304038,2.4644351894586523,33.74599189936196,2.8126536280614123,3.110653974483477,0.1836362805414543,9.004137175407166,0.005515491499564503,208.01826911873363,11.649183602098397,492.0529648358414,16.609405473974615,0.23956254087266332,49.842263689022516,20.2312266251148,62.28607020509877,2.294574093308839,2.6055680494499573,2.2312180088520677,41.94501619051503,0.8084522102062337,0.7957079172933039,0.41454156375287105,79.36572521147505,1
162.76184222066394,5.259842743263186,0.0661352400142317,3.3470730844085326,2.1826172031844138,0.6561833747214416,0.255619605732628,15.37198988051556,0.013784055898219499,236.34971854668808,8.325327175382462,503.8729993340669,24.51038381900049,0.2424538770440188,51.70046693464914,20.682930933066324,63.24908388586293,5.557876581343848,1.6973333024440667,4.181084308043894,83.58174805164248,0.23018047186480423,0.09653222054857362,0.3046119579718429,21.553527423947333,0
214.58817449266508,20.384143613159093,1.6589014520167,42.89392491869935,0.6807893638638395,2.0373064808908468,0.2772486114344682,8.400660471107432,0.0005483554408307181,180.71683901300753,9.602120704093998,535.0893523061525,15.270701032188116,0.3467004470209557,58.979231733497016,23.643550835591668,65.63618904214505,4.161115377017659,1.0845225595518688,3.0545914788261426,39.74733749897895,0.7815761421413122,0.7288625453545314,0.33674353070024143,64.39491389532172,1
150.43394463048432,5.471825279600688,0.12894761571980937,4.149011330175543,1.339805703524998,0.3716990618097195,0.1580934831000018,15.529067989287217,0.016414561441392524,212.43227306445456,10.120960674484616,500.6755182009105,25.385341445865663,0.3128811702620305,53.675401477227425,18.97759634890561,50.93746926989985,4.539042435213719,1.9922708563179867,2.7851778198546784,89.62385085991046,0.2051450129180703,0.08473235007580032,0.25768691267137894,23.15855034802099,0
143.35993081487683,3.2977422529704006,0.04986719300820942,5.994002995941109,2.1436615117149675,0.46297801266852523,0.2469736244847091,14.976665573698668,0.009312538261475073,190.55712951482158,9.922617948116905,454.5060628815556,23.437602395401175,0.30432479857973677,48.35325201735562,21.39374244145382,69.36638716644235,4.837705742195212,2.4212697150271314,3.5138373473849005,85.76420255937846,0.1880569458447677,0.10199721921066567,0.36355146400240024,18.393278838764445,0
292.2751429583222,16.17442521662967,2.5010952960767296,32.09810037570948,1.9550980619565785,2.0669340826985647,0.22204161573012746,12.860200647338788,0.011995629188955786,200.96356035665218,11.293118556175823,465.5898080412949,17.116156947839688,0.4299758723071512,47.27235590770745,25.49909590156746,43.02640630043302,2.811978897139736,2.541233852642137,3.048875805998708,43.82790648996907,0.8059795295304497,0.6699095408247777,0.3501419788787327,77.17510729110208,1
360.0694999403147,18.07834704769963,0.6148596563079047,25.407227214960947,1.5382813302543237,1.95989777728164,0.12941049791198453,12.791521290423624,0.008084592496266864,218.54867422723524,7.038951971025322,544.5111754399638,19.292446673532496,0.1679079732227648,41.94181137164508,23.102098429734465,80.87103001922807,6.342087064989199,1.3484371067093455,2.862998937393965,29.49064733369838,0.7447656918902706,0.8137523100143736,0.30151323114832973,89.01898945610547,1
296.45936762856456,9.565997960230032,2.552763299508936,30.205592569051355,1.686800443379385,2.2675091299252434,0.2787253175035019,10.35052819485036,0.009766435977713785,183.6717081125771,8.836846912391517,476.0676086489191,19.865503816709698,0.31869346429756146,53.68838673963834,20.37044781927909,57.952863162912074,4.813741998105496,0.8906782546151957,4.519958804297908,54.36200445062154,0.8163531102640377,0.8577393667292095,0.21213015921823616,51.31791676513578,1
164.41927602189114,12.613474147697032,1.53026584496687,24.481565964414592,2.4479423816880574,2.7810492693488387,0.2634206210859122,8.754297072012484,0.007937903699590675,207.21353912409631,10.414131079050643,513.3419448480828,17.215612010475173,0.2496845242866504,52.51993916466165,24.738642329211082,67.75727524150544,4.781689101776074,1.3101665763198032,3.3040302954036473,37.07882601901679,0.8283223018161681,0.5940992390146036,0.29819275741143003,75.76889747267963,1
305.2163345198996,11.1695906298323,0.5626828391444467,33.096536669718034,2.2029100189738604,2.0009043620282445,0.19439359687563287,10.372875679202554,0.013300203281619204,184.56244181993213,6.644684909953018,451.23841409755806,14.56184413169036,0.32941315886235467,43.99234403318157,19.05092651220486,67.80279948846719,6.187208279970495,4.01956470211153,3.735858875038629,18.253574859841912,0.7791528592782062,0.5527068980662005,0.28816188665462217,83.7324131240509,1
373.663393689357,16.659368376417383,1.0002838226672917,42.746180448225175,1.7969073564789517,3.0582909256820496,0.20064786378064414,13.61993700302527,0.009352626136858904,212.54005038822913,13.789602751262535,502.7610011738764,20.97563318421069,0.2716448605592566,48.423000340072946,19.991470658068017,62.47444743341911,6.096693020895251,1.3316868167111902,2.9865687544057824,52.58484518989686,0.7336570438928715,0.7260540353504803,0.21411644167739513,74.99236059642446,1
327.19916393111083,14.784238185069013,1.7139299527103058,47.82966898391035,2.145749564658607,1.4088871950972321,0.2049568670031606,10.204611617646258,0.007131870170113401,221.9822181346767,8.628363518444418,518.8467325119642,22.902321686406925,0.1466508567715554,50.15724672418964,27.441797530580335,80.30168489303423,5.119607222619079,2.2762671969844406,3.054577877096223,27.719953351491117,0.8801111716593515,0.6726273200719228,0.3392164105321985,110.16731876412732,1
249.0004427286512,16.4621721266515,1.9823478553436638,26.102622013252656,1.3620266800679959,2.8240132033408765,0.27536120892527427,12.202196840593418,0.012418780368922154,206.6697234720217,7.934637544432614,547.5812133487141,16.63807247214302,0.33596523879950346,37.68033267000571,21.02450870564467,64.35344768256486,4.514344785155054,-0.4948144382268265,3.1848865840403993,58.255441422443674,0.6520940017718551,0.6576055840411557,0.35204559529510154,96.3593590716778,1
152.26814298966187,5.05405947784954,0.10900521960780188,6.144287730949856,2.069095262929809,0.47679917326210186,0.271725409203391,15.97888397308879,0.015023830973692056,202.3718272365956,6.380382044426079,471.96146500441296,18.94627042053416,0.20915990853905458,46.53499760252041,23.9984399780365,51.638903728546296,6.1904930368528355,0.7527709367746485,2.7593863420765463,92.42377783773826,0.12635360223930844,0.07123207523322818,0.24039068989835358,16.229734895475044,0
262.564760856433,14.909815517829928,2.5230130228482275,48.83004500002776,1.7605202983500687,2.6345134775754153,0.21906951355482346,6.888446833112875,0.014322608504589697,148.48457900097276,9.952515179260558,476.52381018938513,17.232833085175333,0.2659067359925726,53.049761454034275,24.683113682559583,50.7389085148914,7.168251342715987,4.1975506248632435,3.7248904410872457,38.198675146764515,0.6156184228648802,0.7765603953712705,0.30938777143080815,54.48936462215494,1
284.917491609967,17.70394158340769,2.2597350827085187,35.55131835869886,1.6149581953507897,2.438650191593478,0.19082071436035744,7.627629759641209,0.013714259937063713,213.60838448909732,9.121268539556967,582.3668927324976,19.176145764810528,0.22866628481055645,42.59780011399614,24.335050066327412,33.539296516380496,8.41255097476722,0.31859453459911885,4.291071589426662,24.23172844001521,0.9990283469975938,0.747728636859887,0.29505737158712136,101.85552283828567,1
349.1623960494986,14.10750904780197,1.2530856226331013,38.731333110954345,1.1582958447427751,2.379707382986304,0.21411294064222552,10.499977694183812,0.014002842150430683,201.93329511325865,8.914824626779989,494.6462747734836,19.73500735141021,0.325875495350432,51.17173587686768,25.05008964462636,52.38103964010051,-2.3253079035730635,2.8953036941180215,2.947633141752885,37.12732472485724,0.7116721861091957,0.7111037941074155,0.2749133649227528,70.93995042575109,1
195.69917778669836,4.59225484140387,0.0760713656301181,4.768867268390274,2.293759940373433,0.5484851951596559,0.13718693526467599,14.54056882061263,0.008704871918911809,161.72801648342246,14.104497692800368,521.6227292596363,13.133497673484994,0.3205326679616353,60.37560905317817,33.28117693402018,66.40292671639764,9.096775758917225,1.0959287718761732,2.724721143953182,83.07508228779761,0.278725912964582,0.08650660994558193,0.3394929794200759,23.181176429165433,0
256.3753202959124,14.1764732755034,2.132925710866062,39.09501353795831,2.4757578454680353,3.333427178040619,0.20712923847512485,12.396629790106966,0.003558724469833867,138.34659557475925,10.88184333508672,404.5822015452401,16.08914045231357,0.36203617593118453,44.23017989621729,21.610845726787797,67.18692540035512,2.7542677251436913,3.105262469248261,3.183661491688138,26.650007178078816,0.8025550008495713,0.6516128800655371,0.35827013880384817,67.94559897809474,1
294.2582264012402,15.217651459109678,2.3682269390977106,36.61106015322416,1.3033220272820407,2.6288211423995844,0.18123293280114414,8.81154535599133,0.007907139185417324,176.13961722665135,9.132270135387374,445.1103078564403,20.692425875718,0.1659310167931952,43.339913239932336,32.21197732051029,57.65244254800098,8.044681173397557,3.26410580994828,3.4669521713835025,25.952386310227737,0.8484230392322022,0.5750167994036458,0.22457970361262278,62.264233553477226,1
163.38233497341986,6.505948546913766,0.13189664816362132,3.971270320810745,2.6681012541810496,0.4687128477289248,0.16190377552754928,13.792371630555046,0.011226750817632674,226.0632519576842,6.5225685754534,456.4556888988972,25.330836226669778,0.31385675838637117,59.39746365014407,25.89517541306513,46.17311978349234,2.16427144733625,1.9873720872808103,4.026393687985965,82.33353846821184,0.24291767388666288,0.115485360981839,0.37829753472659156,13.678485536505057,0
145.53287167316947,4.029861938915998,0.11501703884344411,2.7359937728860704,2.6219503400468245,0.6103343438000685,0.23973996532916178,15.02594475340793,0.008821159047370446,226.75248135858578,11.022311425372855,516.8218872469243,15.676394207534596,0.36734833850814347,53.5107032995699,26.009904187043052,75.86585254657801,5.899194574712024,1.1855404462020644,3.768185511654482,84.91632974902862,0.18299448836440418,0.09705215364347902,0.34780439914022787,20.113629763528852,0
158.34371293199624,4.321313816593383,0.08719661100877804,6.722133259526657,1.9991864254969955,0.4842712305004174,0.2781542739017219,13.440476903336426,-0.0012661965798094444,178.28588211492314,9.363648139897883,486.39169359289906,19.397915402468012,0.25418111706617974,57.59063969429947,16.373788398835387,55.551649711630695,1.8146178227568681,2.5037758801665957,2.1947298931431494,91.15317408239832,0.2484804120567493,0.0807979898503159,0.33407461073191974,25.05937734520615,0
161.48755743360724,4.538435907869729,0.18509335882086614,7.131717689365011,1.9839955311024595,0.4938510656746351,0.22285963793645092,13.731818072308657,0.00788962264758095,186.3584227000296,8.768221257818956,466.5330883855955,21.34195717485426,0.3724262756481351,53.43315485761845,16.73171301058935,48.69636369897914,8.07582750151286,1.1526957561082645,2.6443198955936746,88.40900526482991,0.2626688897468473,0.11224011239758565,0.2312795269989583,14.968183790097854,0
330.1782817632464,18.054830552746544,1.7906106397686974,31.88836900132673,1.5771659546349273,3.0538700551872537,0.28308710470498594,10.497428763225193,0.012239866211684177,173.75160266907997,8.807480392851701,533.1716166552753,18.715467158802802,0.2883936854055647,46.19528824829604,22.176082108253972,50.0319282139734,2.0954636069581225,1.0871493173117561,3.041969200767632,47.94590379107965,0.8875628478645645,0.5122781208292114,0.322776628087573,76.42190639387215,1
124.73025268965304,3.968370166534286,0.06310488718083096,12.11833813672758,2.599119831640989,0.4196277937660281,0.1458834889241871,15.820282021465195,0.009877822713042122,190.4076968407667,10.927943759306594,556.1649974967221,21.15648724793955,0.2344354779719462,49.66881106899683,21.305725699747132,58.58413225504418,2.8484155735833534,2.3812516312337895,2.989306829486988,88.93158414203735,0.206546849603561,0.085873915198578,0.3244281694193969,22.154749271477186,0
134.4151127958567,4.63899127772689,0.094936862614843,8.645861587873853,1.9882558843449643,0.5319821124584759,0.17262112223522713,13.304590466451298,0.01673026297154558,191.73730865765347,6.993634325427127,466.8688278324942,21.634916624718176,0.2578775735084148,44.34717082841585,28.491133899111166,44.092056621454766,3.29521026799289,1.6886388528504637,2.2882975723078713,85.23839437945585,0.23268641254741124,0.07910924227274277,0.3675743501435783,24.943163389454277,0
364.1664050315178,15.661800750151356,2.352334187920083,24.285058745477592,1.5406982682610229,2.792847132987437,0.09613307373358568,9.871296042013716,0.012513287039916667,156.33904518408116,11.924314951065433,317.4725586209431,17.041603666274764,0.308468210174786,51.517017790529295,22.59385360869725,69.37359711947623,3.3258895616101163,1.7249820953564834,3.866655583261991,37.72547173553829,0.7746184254551611,0.8003841625540623,0.18703860427272737,89.94684584953745,1
145.37167820426222,2.6857499484865106,0.05632980557038762,3.216465933006985,2.5979169194261145,0.6123485720642045,0.16660454766890676,15.646850154795537,0.005955983792023022,177.77541750896174,10.956308108761286,534.628517934284,18.025055137244596,0.32775357427662244,50.15554553396217,17.86544906373242,44.949177174023376,7.162072658332464,2.4049116237147152,3.318094353332192,83.71503466792356,0.22645414996676558,0.1425111777349179,0.140481420173255,20.97408696066362,0
149.1954221969888,4.482889808924039,0.146576254010813,7.744603450320225,1.5909286480979512,0.527996906686662,0.19455786384541007,14.393920168432617,-0.0006461711385593305,196.42648467468956,10.76320302314901,482.35311229137784,17.504606448726935,0.3407683013158887,54.175365607752326,18.241782215744017,69.62511410284023,2.463366688154659,0.8121163240218117,3.274354377011225,88.66673660970702,0.129253098975305,0.07690832926114557,0.29720203002672857,20.24470275319024,0
131.99830568187159,4.458456525934284,0.10566626226219798,1.2648214525849442,2.36393444077889,0.5287069756361445,0.19579397086778152,13.30684068581505,0.01250593901623937,212.70054887480518,9.768399579414716,488.27660819169967,22.549531886617736,0.32375604082203757,46.78881422402301,25.719595481509145,70.15361461820818,6.5652762113001994,2.6011902549126136,2.8646432137995808,80.80992452551011,0.11474901143759843,0.1105302782589615,0.2984118285817016,20.90772150644777,0
325.80294199114337,11.848005221636301,2.587501288120124,37.879109317615644,2.118371661652665,2.3853986582166735,0.10192213577227678,7.144283842269921,0.003754086568815979,188.83969348528788,10.209965434019573,443.0650448383342,18.096902893099376,0.3774413007712914,59.70599289445301,30.961891697481285,52.91430300310033,4.25098968634126,2.1341435929073134,2.6586644682918448,56.765114391111595,0.8327003341298034,0.6508093759751947,0.24599651056324043,70.51512902193774,1
137.61916938830765,5.0509767074847,0.10817790429139694,2.745498137402831,1.7379389276705712,0.4618842658424736,0.19872509036408267,13.495727701394495,0.007860522389865471,167.95426154794765,8.18339779659473,486.98070569766395,16.64916872350298,0.2735172929169585,42.797093667399594,28.570373512133276,79.53145439227245,10.275469701705052,3.1678270302793354,3.2375245900000813,78.56329554731954,0.20675133862002987,0.10794202719407547,0.27615182857021703,23.041259807017244,0
278.47633705639333,13.941968938422841,2.5814763156072784,26.242597855543117,1.4435753517739556,2.5319624397675415,0.06538627584760152,11.278172659938974,-0.0026582856751957732,251.3252363512983,9.69027987846761,486.52375891788745,17.14888862987623,0.3238148449583647,58.33882751352207,18.23089393386626,74.98713591679316,7.615081891379921,1.0930353869144294,2.197984151966819,20.95961925415243,0.9060321679721259,0.8946729353058853,0.3115406153202153,89.73407407605815,1
131.9785505916661,5.752694732433487,0.1250040805607873,6.471208230401055,2.7230839085152247,0.6330980267684413,0.3003214984655958,15.052453642909462,0.00495298609854099,181.4980054954273,10.830209152824331,483.803253389831,17.655819630787438,0.31224102180397906,55.00776276372655,32.143212510993045,52.544339604724236,2.3150171029001982,0.8274800330639083,2.7429449942012285,80.79015674829031,0.19104774336886413,0.10370384374250126,0.29730946367928696,18.843395374764494,0
197.80296279840798,10.350082446297243,2.386445895160204,44.07715190788843,1.7916356426383258,2.641328743484152,0.07805421772589313,10.812531455475314,0.008385247690062922,200.58722684715872,10.16413160491538,526.1905748297237,18.91506327830605,0.3617723955224443,48.4285641555394,27.19614553039576,40.3422177993537,6.069700543187786,1.7394939809546686,4.290140646228692,38.540421367564235,0.9080023020489849,0.6757334506764207,0.4107425630459349,66.1150520294246,1
172.7893684291501,3.8468576966130588,0.04982093325446674,3.378671662595215,2.5626952518941533,0.44226346749569184,0.23180576310606157,15.818261866383569,0.01181967044213391,225.13445451089558,12.916618752601956,429.80532444906385,19.950304800229418,0.2876060132099924,53.15068211464681,27.544520866579195,65.90884812077279,3.277852497472206,2.309844745807088,2.603301031907021,78.21064073213861,0.18744793600581858,0.07903653223964316,0.3336320322010414,12.26774973788716,0
405.83624444539123,19.18676358754292,2.446758108475934,30.160832508742402,1.4128478454484532,2.309306248319898,0.16380754698209465,11.042607252552857,0.012735841956700668,174.0381775619625,11.785655512019293,564.1541834875967,22.60873207559932,0.3882137017370858,48.08607289407911,25.49427414316484,54.967467100430056,2.2058829084649294,2.6784592507052496,2.4012787312863457,47.85526042170846,0.7304891920301577,0.6991296413353194,0.27419161437322104,89.76886899148501,1
236.13596423274547,14.270751842427824,1.944004037244731,34.10135494431205,2.380498856001225,3.5169244243444266,0.2310200683998991,6.07830648351399,0.017307788806388773,215.91415533425243,4.990815056717237,507.22005731374685,26.556363239677697,0.3080845072465704,60.30171603620869,23.966266046262543,64.28729074491207,6.203512616276923,0.18678992852331822,2.975148679680271,31.469458188991783,0.928598986568591,0.6260433310982579,0.2857467031398333,86.92247892849613,1
319.1002929229638,14.121358734355107,1.638812543635173,40.63219776477193,1.9752114882766916,1.7367371532791587,0.2192983696648118,11.895518182707818,0.004886110235209602,211.5453561988786,9.011500018693498,497.05008858510547,14.413374481464517,0.30936597409311084,54.6255263301201,34.32011511743015,77.86813342280954,8.275679882209621,1.5231237230603951,3.683714590421,43.429509141778986,0.8037104497018589,0.7051640958135,0.3662192287242329,83.53471517304672,1
335.4446459057068,18.273874354233673,2.5852905125419223,31.8967854549855,2.402583004546288,2.4757330025888056,0.19225051949992825,10.871285924025116,0.02168416972747163,258.016313261524,7.508801369387332,518.4164291491658,11.718662896759616,0.28770789555237847,42.327115425473046,22.18203764291452,86.46347445916028,2.0698952464350233,1.2326202791427145,3.755922006524014,40.63932377194158,0.6243360012165939,0.8010119129902368,0.3292330376743071,94.89151485779367,1
338.75744615724614,18.83682879232989,2.8841076021297636,42.32093781709547,2.3165969710047927,3.0636451698848473,0.31375555397051424,8.198180969615915,0.008345396389575283,214.85086681988682,14.325875952733755,540.5896947111249,22.752861849426797,0.3488163643627011,49.76921814033286,23.727838854509073,52.43616346300735,5.365824067453005,1.6283189179484656,2.4131493896200378,42.70380280564881,0.8705864261068509,0.6730153953694104,0.29675122717510505,104.99934447354262,1
167.93364874040853,6.184829498112221,0.19918998410411257,5.220024748331184,2.0360131489190016,0.6608782275749264,0.231974384508828,14.023060448205461,0.011177093364184397,196.09421302787555,8.989996644773397,550.1593051859827,23.6522909285888,0.3959446973579369,57.0102038562582,18.130155394514,64.22928720681897,1.7950673900321155,3.604507878491132,2.7194712574891504,81.48757784086149,0.20539727532648736,0.10556574364356723,0.36234876152830997,20.477527350303987,0
136.51073384790087,5.3101908042745265,0.07961035242489176,4.514685087927405,2.5232920566906083,0.478853870591473,0.24242637922705876,15.943384922770345,0.005540994630083412,232.4014104109458,6.356385194189722,472.7330588287369,17.15643033335832,0.31209226778625154,50.62853855544291,21.01704127473209,63.62063281467077,6.788429202658346,2.287306968246717,3.096164464746759,87.21965219317664,0.24811653686602578,0.11225440258497012,0.2656053413881433,13.871424009790857,0
120.61100684044175,5.45280072074754,0.10331433992202636,3.42847268554544,1.3352534388726283,0.4467509985799188,0.14614076898618292,13.812016537899332,0.015148329588507311,186.80337415133874,12.697799960751961,595.2161718473861,20.051136333619958,0.2990065950560831,53.479778966160744,18.386857603352585,63.17506626827304,5.807833641736455,1.6881753184420822,2.8275041222084414,83.5170382437872,0.21450456326579034,0.1311088576088194,0.20630991448187938,18.7266927545023,0
330.1781757667339,11.047507544740972,2.017925849471194,39.51134814976843,0.9572618679684595,2.7072905726690752,0.08542798014568806,7.334813203905106,0.0097195108577733,235.76712971738382,11.742356394614205,651.3864978283241,18.579394661583624,0.2654893577572112,50.38074819276695,32.546498757053214,59.557386254472966,5.591321758598783,0.7304547941058676,3.415640037089146,40.29782748239205,0.5926427887111405,0.7372648067965657,0.26934575580918596,84.40981922587162,1
179.93725708507048,5.656142258277275,0.08052169902980781,4.646367503031204,2.3988135278676195,0.39864571709630475,0.1598122128051467,16.878523368701366,0.012762158032080013,178.6641214411506,11.782168312506194,435.038505774357,15.449217646124708,0.2768319879056093,50.57800951698305,28.36859923332515,63.28333958338256,4.031082335788289,3.053438651775064,3.232154020002264,82.48106156912749,0.1733420219545987,0.11115763501052009,0.3036069821714329,13.763242779342148,0
245.31712928480073,15.379108959370008,2.585953376509227,35.992480278525605,2.326178971573005,2.514940615568565,0.2493528971481946,13.266459096478748,-0.003511446959986934,192.7437006900625,9.972607820968447,635.9479337586575,19.011445437611567,0.3536291681731208,50.26265559022486,33.74635555437029,49.34834101153698,4.561007941239691,0.39745457938351,3.3628703188788136,33.18652640310459,0.5365903421229238,0.7645420114691296,0.24951534253553673,52.83971655354688,1
282.8393551728527,14.947688259746439,2.540460627888736,52.895328681897894,2.2504966121561267,2.6908135284609562,0.20447207043199325,8.657151046633444,0.015549570673289801,182.64378825555124,8.498694181415887,596.840334792336,16.982291904826,0.3959523979130334,56.493012468606544,15.423995821918496,29.45719195796453,3.610357467747006,0.3594558600800312,2.851674823008166,39.569301156815335,0.5818894029096446,0.772245967435019,0.3392147051589331,78.68013527572052,1
143.28099942318315,6.378676552375271,0.027393350292631236,4.808403393145421,2.6103207723958386,0.5126282678428979,0.20193829119775214,14.313387260896453,0.012153955157486337,202.52206310864443,6.587534323539861,460.7915856131776,16.02266678611182,0.2944565452942606,56.752699302679765,31.13672617956035,51.25783797261987,1.863497596290327,1.9157769639526097,2.876678898962855,82.54264062537281,0.13115714657358998,0.11086903617077327,0.2611269370654874,18.771851678635972,0
314.26583127608757,16.70865188565213,0.3549641362143856,34.092889631253996,1.6937467966605988,2.5999854528838977,0.1594366868475965,10.01221214739792,0.007832389430636993,170.56091160017198,10.585872807499248,455.0164785008188,18.973369040332432,0.2754229780018406,54.206602920364986,19.055771327134945,67.35111297524145,-0.04088034967086446,0.47459328230181924,3.8064376830485904,42.75961474171074,0.7790106015023941,0.7404756797378839,0.35707275060929455,102.2408549928854,1
129.77453140978193,5.32447194644048,0.06529651872786596,5.509697911345436,2.411478688354059,0.45547171718034035,0.20494691322627698,17.849331895513643,-0.0014314480902989169,234.79016833632397,10.070249955066409,487.52164001458505,19.819588925838133,0.23465370011166437,62.96528138724895,30.62305922743464,71.12281410248976,3.855316118433692,1.9552728213019994,2.9014117614248,86.66327359781467,0.2399785416010647,0.09283128472470284,0.33947572036799145,24.38821086272306,0
318.7127996420529,15.127885126826687,1.615497019105847,25.648769592418745,1.380090221816927,2.020259198310911,0.2545956130182607,8.251621952777437,0.012189226214160537,204.35376099125673,9.40548047840699,433.5805888317114,19.306734611946915,0.2724779413432585,51.295190129707976,28.92393558361776,62.85157869494248,6.201837379531687,2.7268151806299006,3.869489720969675,43.599256800260115,0.9768325879785177,0.6179761859314171,0.3849377106408903,69.34046160378885,1
230.55840896753313,11.001509469345033,2.9811340524083607,52.306116950914586,2.358709386947041,2.8046277469090084,0.2693441224928478,9.22688789189865,0.010605533908825309,247.15891584167852,13.051224867205377,357.56271612775845,20.2713323044475,0.27893398316377005,37.794478520407445,21.489387882434546,76.56818278641477,4.217077612615101,2.370651608442538,3.5794018809386987,46.680549206703056,0.7912243501604644,0.5399621629244048,0.28451626096778293,80.02267563630011,1
281.8716835103692,16.495395676610684,2.162065927037341,28.121517138026384,1.9114256320094738,2.358527940058637,0.31176940553615395,12.170228674670682,0.014642831434638506,180.820212894733,11.05949265259121,474.75023121829844,20.450483078185275,0.3477199996777828,50.38117024048668,34.46039568955578,66.78692693009668,4.661162423583907,3.002705811021224,3.644323272377249,39.44632633834968,0.8146658064838922,0.697715052293039,0.24984983117753373,78.61235979905847,1
150.0609034274032,6.336446473384239,0.08057245304211855,5.077953838771908,1.5999923032585586,0.2613848367897698,0.17603809990785937,15.743941503145503,0.002123169252833671,207.9475684926826,6.534801217496442,535.0142135645908,18.19018699811567,0.24496402178908985,47.108997120359064,20.9651157676554,48.82395914915376,8.043722102143782,1.670437399853957,3.028021317086904,77.81986335493525,0.17960754591377584,0.11818209131192103,0.25409315933342985,16.32620811715074,0
139.07847612421278,6.376242486433555,0.06946548148499276,6.712932007588933,1.424952833293797,0.355546722858726,0.22999763188714267,15.503550115946792,0.01667263649659438,206.69992767905174,7.4760808552466305,488.3931683532186,19.128748044247317,0.3702529157692078,52.67605989108251,26.625722212776484,63.67817938636937,5.108005303509613,1.6541626360853083,2.3022945673503195,79.60007660813024,0.24401459514996668,0.12340365426815846,0.33798835490941365,12.791222596861084,0
153.66908571633562,3.2818295789565077,0.10819267928726839,8.926975675765863,1.7448975366076744,0.5235981986965776,0.2711374508854833,15.24256064757411,0.0033726927852763856,183.25223039327062,10.279248128396281,477.93623083112766,19.8285214225856,0.2619676748303815,50.62377238262006,22.844889452473797,52.49802513929459,6.887407524958746,0.8579482945139785,3.0192890526789946,79.54630658394892,0.12802928446700199,0.08390114809930801,0.2843621124844294,28.542768570236277,0
131.66121177277202,4.599470885832521,0.043635359326112635,3.1108443553364387,2.602359829163703,0.7207997872559567,0.1397397693921061,13.550169624284742,0.008117030551573605,166.15970310777396,12.20034892624726,481.2596006039323,19.303227066836975,0.2930546136768034,56.106372622538274,24.767692309617264,51.2140298056134,1.4668229105591117,1.8871166907937205,3.8483771879815247,84.37304960701427,0.26482911135168363,0.12006292767218245,0.2510364767552734,27.060681033355007,0
274.67600020843076,17.83587817847114,1.8184027820790538,38.24127337156441,0.33421704716888123,2.6899383183671595,0.20607723103110764,9.083200227721896,0.004887604768196122,219.8206130592654,4.098148363743307,553.813945536395,22.05615198993471,0.3517417441050364,51.61548038417321,24.95799098030519,56.388042194739626,6.515476690666308,2.618088941661015,3.621255814806909,44.88596737390823,0.6771495836802024,0.5256123603472032,0.2948064491558403,70.37930049078481,1
119.32652986152297,4.386953446966188,0.19184679904147542,5.334489975495453,2.214161100648778,0.408624856324204,0.17033257280570172,15.12769766922666,0.016537567886223962,195.73763327243563,12.519610235837309,540.5958988284004,20.564751099093993,0.34308608358602605,41.52038299812038,21.68101220743728,48.45455157919669,6.782264982922992,0.4883698913164414,3.030595529031705,86.402795466631,0.21855621821635018,0.1056156800653846,0.30385529154568885,17.531786206012615,0
252.3387238713528,16.554145039300586,2.2531759245439202,46.82786836162812,1.5450358918820246,1.6935636205791669,0.11884300864539127,9.9099018097359,0.0032056583112152373,211.27554745561935,12.176161909567954,504.54029451270657,21.836584282458105,0.2269577270302252,51.767526429861284,24.482519433190056,61.46662696817407,3.7404485261637834,-0.005285640768057146,1.8608007699288132,40.226377990516546,0.8852019028932339,0.578645754462421,0.3140297768359482,74.97450882207222,1
135.97766320417983,3.631396109035844,0.07565351330425804,4.2631651371309,2.2269505805912355,0.44586490289445996,0.20458873142314904,13.549720445712746,0.008104014382994903,207.6308075314676,11.120605719208427,513.0112993243671,19.349858116194998,0.3183029679823797,47.943214937336094,39.66867451861988,55.91035455424806,8.432054739217715,3.458711995086822,2.634278125325869,89.14855437743333,0.17572614624380692,0.09417784527955991,0.29997762392268323,16.93668933430612,0
182.39282210321622,5.081682842663755,0.10888538413508693,6.678043164276735,1.6187149811515469,0.5807929530831605,0.14579197259079757,13.450717136414005,0.010459396382501584,231.03022712744786,10.561736529289853,472.8720237606972,22.079746154150516,0.3513209561670888,45.24313770176789,20.527200479942675,54.57735841639851,3.9548485683185093,1.8897494995027846,3.113429646359578,94.36201405197842,0.11240292585218872,0.08418092312622885,0.40651998525534067,17.709869571938317,0
129.06893498468364,4.913724277012217,0.09468646402125655,4.0906102896244745,2.801596033077952,0.5687258095449835,0.2340643882987144,16.004832020411442,0.007277997637048231,183.75167625481777,9.587022362001765,541.3201525793611,15.442803622547263,0.2973148384171165,52.29517878263631,27.331081122379913,61.31313630108511,4.353838850735103,0.6638568975084997,2.5441681814247623,80.00121593000985,0.099782918608112,0.0999493493147607,0.22740208802805897,24.313979199322155,0
167.67168223596968,5.916548315199115,0.09997129200535308,3.1112345387115763,1.9394745577001498,0.38569433515596446,0.26583877664019906,15.58906429550366,0.010712936689923512,184.11575028317426,10.425275697393154,494.92061188283964,21.34218223943648,0.33201756073507366,52.5207922870301,30.935006709616097,68.80500672056773,5.889686460026255,0.7324854870288335,3.292268576469356,84.30788660598822,0.1972486196687004,0.10412301670070215,0.32220279134714,25.19409149454308,0
147.08655299211293,4.707038696360696,0.08451502332083032,7.67368758131868,1.3782576912725313,0.4759916486135846,0.2064557393282095,16.289627409635163,0.010444010603328818,200.42734974742152,9.248762794697798,502.6544369335471,17.87850682163635,0.2664912425031177,46.55637297333313,27.443953301030376,60.32186961260575,10.204445373771168,4.1247847667519135,2.4954951767240554,84.5422691683925,0.18917364333982745,0.10175107337338286,0.2726767985935153,17.56058412815787,0
133.94220408774507,5.947381721514811,0.1924088706318179,5.2792873432698615,2.367500896132374,0.6266049027649304,0.26325142012284247,16.725502902285484,0.008199650898981678,199.37428218577008,9.588255743681914,412.7698930290352,18.98214954122922,0.2631078587276479,51.602703590083486,25.1146234651209,66.4480545797342,1.1030873866571858,3.7209551300445116,4.149171312858864,80.16662033959105,0.2702884656054436,0.13345462374787287,0.3241207941182336,16.271423174099727,0
167.11302499233125,4.293410770872365,0.10035496311511181,5.98027318584901,1.9379244409237815,0.5498918726191692,0.21707834863477615,14.389045377425937,0.0066073238095138535,205.25490979096435,10.280793079324491,503.4879784635016,20.93411327408554,0.3223444740085762,47.084709961554765,19.445809753749085,57.639514464815626,2.3341387463773784,0.7079040921947133,3.8654423348843987,81.5957535552863,0.2002556022053787,0.10014596984080629,0.3254972068997164,25.143611883826516,0
115.59736793012397,5.400640009638694,0.11107219641581398,2.13597562728179,2.071828164117966,0.6169206549106895,0.1867836824988763,14.430081682434096,0.01797241452355971,213.1531218313604,9.242883288945793,526.8861695517895,20.258213957130955,0.3859053489784359,53.93659137824987,16.790986794629298,76.79299495387713,5.61579508311433,1.371777617447282,3.963395941383344,84.44550533776177,0.2682626173815189,0.07495545875625498,0.3055756034427378,19.047777690982937,0
329.3847692634926,9.700509406672179,1.4526641466488233,47.505317122558225,1.285679362525484,2.6047965209793817,0.17766710093680838,10.206500773708518,0.0038048083252437814,200.697858681231,13.895330620649354,492.7862638532669,28.71594783306377,0.22144030400322992,48.09428317551392,24.21687411783866,58.338938014363194,0.8273731227098279,3.2122854897029014,2.4014309777434115,54.15605152788822,0.8549642269105128,0.6455769881612411,0.4095419422157886,98.14422806341854,1
147.59589713762176,4.4755839629505205,0.040538417845220956,6.2194514427243215,2.5056678419184486,0.48202358438767634,0.20567464734845534,14.309088357596133,0.010074187720838361,189.98407881928102,10.855253607700242,532.7368975155714,16.95342399181021,0.3876215783900966,46.20477896840255,23.247632073057503,59.31355664060313,5.009024937414269,1.174308087985704,2.5724684398225195,90.10187810040885,0.08562848419870928,0.08030666782303163,0.3104082612131467,16.712943883157504,0
176.48270469704048,4.930665997781828,0.15113626250886636,2.265631965906605,1.7516192317653385,0.4599797290596403,0.23559743519078702,16.698755691861454,0.014357919468814016,185.56617180306492,8.994997053786692,480.8492714218561,18.103712770828416,0.35246528018022577,54.28320501572935,25.595094332823603,71.70368927977204,8.706543099003973,2.1082239405367464,3.733502442859959,91.03636510168134,0.17812202529461857,0.0968457420560638,0.3214339555235466,16.995865257513405,0
262.92542809895735,14.183861024395961,2.302887792932466,26.634962385701616,0.5478568305371555,2.272567650823311,0.16652140072956395,11.656573105109803,0.0049419119942090365,249.76948173268983,10.22557923008028,528.5797398782233,18.978960676860083,0.2562473478296942,55.53072647561371,28.447791746065764,60.986977779417764,7.321446225392255,2.1065699161593123,2.9855912486688463,42.77743870850824,0.7410095368045261,0.6746096936932576,0.36470442369250866,84.50725643543808,1
145.67470128232245,4.874892833814602,0.23241149659556848,9.43083078386924,1.615183277406587,0.4909456813084077,0.27461815560704245,15.247147441844895,0.005599415645702243,211.2623785854816,8.947438713234009,437.5113579247878,22.06911256833171,0.21999771555024167,58.30838788769237,26.341901845372213,49.469249426229204,6.364042484027613,2.8193193954950786,2.4345531105431175,82.55245754132086,0.18871001938005072,0.06601930461956057,0.3619340646664798,15.91458176127906,0
322.95958060066897,15.713507728015973,1.931351330805432,30.72934261970168,2.5094658573372453,1.7922946995477043,0.10643949253401372,8.346847159105698,0.010264316730359699,169.5645491292786,11.89511339288633,432.34160019931244,23.16091428675373,0.30813074489534337,57.20642890469989,24.303656193229063,69.37613646230885,4.644733005409643,2.7370539941859806,3.604049639266944,30.10901197575138,0.6440094348508862,0.827886189632936,0.1692911640011557,78.04632078156298,1
181.0137436184685,5.007218633546411,0.1585083387483492,4.9789407952769125,0.8916401284117366,0.45627527884116836,0.19520529460407784,15.830248816497534,0.0012615193018633154,181.41552642058056,8.222946172169415,597.526532166205,18.127782000854275,0.32142194293788745,54.234396632608544,31.53435055194205,62.16899154566734,2.0977892130296025,2.432372647190107,3.050771745187019,73.15741722788327,0.21216411222129525,0.10367173591012659,0.2819162982107453,14.382739278846689,0
208.5506557883799,6.021443768885408,0.08077718390123714,8.148845809070076,2.4161605556832786,0.3608073892656956,0.17897100658082385,14.84441585282007,0.0051619041912235805,200.5546984537443,6.957540855802155,471.0521388835875,21.952713151137228,0.3193597087073702,48.91941818838828,23.6449182189415,55.15565104244086,4.433466748293796,1.9444500901276471,2.188495121606172,90.40305017967408,0.2417468658474946,0.12294782277261093,0.26794050565534167,24.32727161007091,0
134.20963836388796,6.5139227163717885,0.09832974621225325,2.504912636205073,2.0676934678755243,0.3913575821981834,0.1996600476582023,14.000294312476084,0.00968399034752291,196.66397692427785,8.0070181772074,530.5326399671004,20.776306805501594,0.264885879929265,40.43490609143193,16.700180469444366,63.59371374600168,3.5054965634717896,2.2277218187613146,3.1803007176081444,82.58666613358864,0.2030675306271015,0.0746575015248882,0.24841075934536067,21.495417309455174,0
298.2697954528124,12.735788854237732,2.10555707628627,41.21934603600455,2.340991274019817,2.585515975701899,0.2561865777427558,8.42849958709622,0.01427098586674399,188.64127395169376,7.691091370719018,576.8513372490204,17.363865794938114,0.3380648265555813,52.00209701501136,25.264332712635035,40.26397822324532,4.571053061767744,1.982466017916043,3.2267642722466903,46.07168147816603,0.7697771380726767,0.6038244968271268,0.27505867451685023,72.1919151933197,1
257.85399309024945,20.131575034365085,1.335316991684632,29.013253309690672,1.8556235249142428,2.6233893788680063,0.2593175520260041,10.789928295597024,0.0019937109159667366,210.283981289572,11.414476852518435,533.9663804844386,17.493061317977386,0.318712261945445,45.787044811038044,16.545122464214778,71.18366593666325,6.852802773487038,0.959912896316556,3.0493479834173236,31.325032668472076,0.844944197244276,0.7673231844359053,0.3326027650448257,102.63395894902239,1
384.5068662816824,14.260987383681284,2.45703600263942,34.6284764844202,3.6837355390233313,2.6911077408584725,0.21507144076062032,9.601178040706888,0.008998681817898209,166.475534113336,10.658654696893178,480.56357290625937,24.47430228074078,0.31558244566747773,46.17627335948051,18.207295665578595,35.93709978069913,3.841780098212922,1.1079346530147143,2.587276630625599,38.918254969421426,0.865841173708929,0.5318142118238742,0.30656501912854744,85.22047934424549,1
127.28188185711407,4.823148743953229,0.12768360071182155,7.680137151529752,2.0883417870710415,0.51761752538802,0.2190341585176027,16.253648152220574,0.006072797882551399,221.0614407549113,9.515004878510876,486.78652669373827,22.547561373470387,0.2217100921190469,53.808902195913134,24.695103396148784,83.983092406848,0.45873813731131463,1.4902734440616339,3.7370786154244438,86.58980700810575,0.20292613442285337,0.07794985609915822,0.20939009736849845,29.405073310307586,0
340.35833885714476,11.956042456258132,2.1199743958479185,35.40583982855661,2.4626873749365217,2.8528385830071485,0.23449731207932628,11.216878057408387,0.020918334913971527,193.31763320464748,12.231947315924547,603.7105821039755,22.792547505849022,0.31394942991784647,50.26401515581332,20.256523460735437,54.88945573360902,2.2056800829434526,2.2373168096886142,2.775038639456225,42.74312973303574,0.6751545330457964,0.643508321936763,0.35084372867362096,66.17373282324452,1
279.903447802018,11.910868061190843,1.7899334938114584,32.550924257451314,2.6142162603219057,1.9157320724990992,0.17370766771911242,11.091194059972661,0.005568532248817148,229.56315916372,9.830524399433592,448.9933120934966,24.84669481280571,0.43732946786380134,55.72540565367146,32.97585842024414,75.43349179686629,6.600665815555609,0.5334690420153029,2.3587192422250642,29.71936192992704,0.6731934369366284,0.9775211463222349,0.30954829112366555,63.89125035634559,1
160.2926645169549,5.6450889187245705,0.1241065660327779,4.7249592586671145,2.0230626906106934,0.4600341764822751,0.1754091524148054,14.544090199733086,0.00702987783320312,169.5188481096379,9.987393596010822,487.0080121328296,15.334665152395837,0.26989424696360126,48.86317872630277,22.59878650477152,65.63486771120083,5.860771802533791,1.6123813681187267,3.638603334253821,89.6420961923834,0.22781446078031953,0.0808002166536728,0.3746315073206966,18.974775439465315,0
139.8721527650214,4.277884992494839,0.03404162887420944,5.405596508561924,2.5048571440049616,0.6922594006744993,0.11331873293563166,12.122112138644244,0.007926143995485028,206.48047583445998,5.99013744537581,531.5695047450247,25.12138279828401,0.28838736095304957,54.54545365151411,34.84748819490178,44.49727785937847,5.108877290283209,2.1150382259393576,2.483524174938232,93.75831438095018,0.18815762891571688,0.11281689315278037,0.3430430327827358,16.786359868356136,0
318.37184592811855,13.849283936251586,2.393308654089119,25.829828837497395,2.983394079788395,2.0880225045538303,0.31727993015142747,13.053561615774237,0.012086416344624089,230.9072870319984,11.272180548616156,462.1294036365943,21.664926524608457,0.2759921256770228,48.32375828766676,23.200504320107683,76.6855195013816,2.572584807356211,3.8058331943474224,2.815201822950882,43.72394853298237,0.9201724692443042,0.6804356006147527,0.27461154168633345,91.55053431877512,1
309.4458669823621,18.56045179862165,2.2440749833360574,45.308367470447614,1.5692658400929875,2.027824728321531,0.2161152148550277,5.251686708759849,0.010529975514354585,181.57738708173923,10.253793630951916,469.249419954136,18.970251492063653,0.4626497799635252,55.44986719669339,26.209596475081717,73.16079440055842,6.031477459989214,2.2398043816837525,3.867098016267554,37.68211362253688,0.773835987215278,0.7702504190107439,0.26105634967769015,69.79869846214044,1
139.6545577214793,5.733674795187011,0.011577544042309429,5.7540339503014115,1.8725227252274435,0.5065915782456418,0.17913858140900563,16.59323649335994,0.006956372831698706,184.71195747657464,9.019892040994453,478.0886189853296,19.175329289207777,0.3347724369283135,52.99684373981267,26.571995322825778,71.43387555664066,1.7913147495722659,0.1022110662194029,3.3413080999433316,80.54848000970772,0.28799925905612855,0.09482157134901133,0.2768065706528001,18.518465802035255,0
259.350662619857,9.621298521695827,2.1235720254196986,31.189833354259402,1.7174814694515206,2.463127793024798,0.12533644658541465,7.000353854473424,0.007788538496474672,149.74264311008443,8.684158193913223,514.9638977543638,20.37006856628809,0.34223750539140346,44.61215866843806,23.39832339789058,46.41045120360006,0.956641082417725,3.2236104058323525,3.4476459956327123,54.4618106601748,1.0846662450856206,0.8465126370067029,0.24724475903234167,83.56847787899494,1
311.2115202592815,8.996824605066498,2.1625753376579855,37.764885625145965,1.592898601931445,3.0320817566755336,0.18984117553789667,9.734481077703506,0.004831515304245272,192.37938525883888,8.750923851686489,437.88824204599126,16.412493028602842,0.2983135098839259,54.45677686417986,33.62777455919486,65.84486588587086,6.823202823958264,1.879601980755639,3.5401812930994523,53.44335730628346,0.8582047786860002,0.8660240690495659,0.24980993181092917,68.4311244987992,1
255.18994300215823,15.070346801207352,2.0055928671106584,32.440768502676605,1.3003756056481948,2.304730066416009,0.143192109076145,6.281939679253515,0.012016051531511258,199.71726905141492,8.555906035216719,504.7675624355968,22.27590301357354,0.2980023844236973,58.211816164409385,32.82735731784726,62.207346368836916,5.307545027472186,0.7397272749800312,2.5761594385142463,45.09323934862629,0.6792179572446653,0.7440765019667493,0.24068694504494484,86.56873806941317,1
450.94069346422657,22.33292810101259,1.869493094839522,40.72148844193357,2.0372379054810508,2.5088354195885914,0.24166055354558813,8.030371251873566,0.013648868878786868,173.83529095260312,9.37475085737131,477.7099547128992,18.951453941617768,0.27686463957646057,57.42420181729272,21.028948358904312,49.18551448234323,5.197947241816909,1.9530244887802009,2.5512119550615555,55.401210374225755,0.7444253434718303,0.7291309060957234,0.35157728093500523,76.66645903054295,1
103.78160592246789,6.3485155816378676,0.08136791494406706,7.565481500716423,2.0575068287403946,0.4895216279607561,0.25049087606455994,14.59772614551739,0.012559743312409251,232.09421823347856,11.067777977174902,586.0260635771004,19.602698801429867,0.3600795766325028,51.36273102643797,24.848139478867505,73.58979321985312,2.451739527437267,1.665836353614154,3.4149342421020465,84.19230626807283,0.2166501493468988,0.08788040654250054,0.2580718845989056,26.203949318084064,0
303.17557917111515,13.440428909714896,2.9267163014353033,20.87900800424066,2.544729355870705,2.5778708110223554,0.22064012955461573,12.078989912631162,0.0037007769935292313,185.3794243562478,12.323642869524168,409.1317236210221,17.462143201816765,0.45467507335041835,46.78781647619942,14.224697065731643,52.17636566626429,5.976544140131068,2.2117003676518907,3.1988757480895895,37.735815137967904,0.7413218949409494,0.7550531452888246,0.3332176810238557,55.299364350589286,1
130.66341870598112,3.2208226743463646,0.1545600415640651,2.431920488646686,1.8340020638818662,0.40634068850327065,0.20110216663847266,13.4016048587241,0.001820546476280548,180.5149141615013,10.242179946395263,523.0234549998123,16.6102698457779,0.4095364966700808,56.492236715176084,29.251405694633338,51.27420902741388,4.373642812893165,0.5454440072184079,2.5202569176563414,90.60829336995721,0.21127281659172903,0.11450702454393744,0.2786891596836867,12.467353718093728,0
348.5880201281984,18.067803454483247,2.405252265242661,41.28201016235789,2.360730038971763,2.414463408439685,0.13581694726408214,12.400100569760067,0.015146922478440787,227.4955405939072,8.462090805928165,525.9312333136573,20.052490607751874,0.37679513999397324,52.5416701941015,35.5828979899536,64.6177676746212,5.674930248002456,-0.2627895903057319,2.5867711500609727,35.98022186573062,0.8283459837809987,0.6292427422279524,0.37611664767739306,90.92242757998652,1
342.03378278319894,14.687086939916844,2.0038185738200016,31.493871859779244,2.4341702715529983,2.587504976071071,0.16519232599415257,8.649117233884587,0.0070667633910547955,224.9068475676074,8.087063645746905,513.0271236751562,18.524138859596675,0.2682728267595272,56.89944483146032,34.94542717735337,51.28811712341768,4.463947349033827,3.030587841815133,1.6054988424022854,21.992742239080968,0.8802908832477132,0.6445092234074125,0.40117146744257287,50.201542344057486,1
391.8995539236468,20.773604083375403,1.365694418898956,35.606086601249615,1.8948474092872523,2.573055322402096,0.13308164322125082,11.936623970492631,0.016279875296269196,234.4893637521271,10.762505059685507,531.7757028199817,21.886272419783605,0.23753209227972902,49.81794101716821,15.91216821305441,43.57621173525962,6.601462115084386,0.11551241206558431,2.0706138516902457,26.220082710009457,0.8248263052825355,0.7271213504390669,0.31064821479602067,89.58512021267703,1
128.19249414969832,6.159340838241186,0.0704086907425587,5.599022929062137,2.2571776809656017,0.5814465852384012,0.2549088404639166,15.033047598231137,0.0063279164444831676,158.09334493081835,9.800572764132026,425.8671627341688,16.92149662433129,0.2307337367848098,49.86832279713916,21.211954253997952,74.10168592181262,5.296677478762887,2.622302017295536,3.167271069332212,82.5352589051771,0.2177471139499897,0.1517216766368079,0.30047412572501175,24.209466759211903,0
243.76272000759252,18.719639181108107,1.4995217857473766,30.498650124270256,2.4416255269696605,2.617238134986868,0.15427851736535075,11.981243687574642,0.014943867710597298,209.55891726600942,10.817269081954075,577.3910755681002,19.216542012606073,0.36410290110101784,51.804362658007385,31.030683335711764,79.06410318503077,3.281398248259749,1.6662947498110825,2.829531662177753,27.451875121215707,0.8676497414203295,0.8054281555261738,0.24425560743604013,69.41662953914373,1
238.96176873009722,16.16422759790399,2.356482382644295,39.139324435298725,2.2678782191504485,2.4477724160044803,0.22548084090308684,10.749762337207327,0.0006105596210755562,206.67395286909803,8.376789828013711,520.768662525092,16.99954834906828,0.2660299046399229,36.43832427151198,34.25798871931445,66.80525173252926,-1.0886345884675295,3.9041518937770285,2.9600990212547678,40.34415580172887,0.7075474810893764,0.6412378784259763,0.20910413636762637,73.89372448577828,1
298.890879338458,17.691940074806357,1.537408035211473,34.9243073640921,2.12768869598564,2.041016854125479,0.18248343502420275,9.244677648621051,0.011692318035884297,168.37724603391345,6.934638927733883,480.4123469142742,16.660290514827423,0.2160840487422766,54.15845894356918,31.440746495221333,83.71361529368899,1.9888936710459195,2.5686585581974355,2.8947705596071507,51.21324769232046,0.8700357540347189,0.7828945267936139,0.2936895074919727,112.48987166603415,1
321.58814751269466,16.132104119385914,1.4144924769787246,29.208387556793454,2.4461149791824397,2.435569324689523,0.2107776876316273,9.169764508519247,0.0044730270521787545,155.15920895473727,12.44885093694802,423.5238007854111,18.022489622960634,0.28449074712618494,51.26109835322051,23.70139670764836,65.80203847407586,1.9905538808412546,1.651948626325991,3.8666263488820003,29.294058904969816,0.7186722199063044,0.7439903044872863,0.240462173938051,71.06527845432117,1
299.71750691672895,14.354382598256766,3.2785642351271846,21.28596138189635,1.2810547047775886,2.346656793508152,0.14357304768577955,10.198051356582747,0.011884663576730544,211.0323784324283,8.897415821329192,472.51788768263225,9.644475805759216,0.29507707241161,66.08284685423467,19.433995376377734,47.28601575797218,2.8796272131603375,0.288162551317008,1.8579610014790204,38.515820016927925,1.0591253673888104,0.7396471574400733,0.34943330622714486,81.50891356487571,1
125.16714420981694,4.407221268833337,-0.053402716998515336,8.310620218935785,1.8960280850358824,0.44906111237207647,0.15667413986920792,16.436457653654877,0.005938717954157092,219.58243578733024,11.148363236143696,538.8093639361543,18.378195567107575,0.2165417065142752,48.47297102673783,15.718230623053767,74.36531471348181,8.212156336259119,2.5016250900179684,2.6155785894484467,86.97066653000357,0.20316065962039156,0.08948999375127512,0.34802158573218295,13.905990270990609,0
157.21126946881438,5.192368514079743,0.12683716341969978,6.91336548462617,2.076781345992956,0.525248105113198,0.11255854011276684,14.388669704375893,0.004227699432548604,199.49111015522715,10.263072702608799,454.4911647420181,23.316391180161162,0.2118359031814647,44.291108036895835,31.09613827673912,63.45940148144111,7.628691788367053,2.173828998535698,3.984538552577362,95.68865572964472,0.23034606084613826,0.09925510239033584,0.35944888445164697,8.66272928156333,0
139.8555351934122,3.0795234087397,0.09475222459462726,5.594321726084729,2.6088782573608285,0.47655516925101016,0.10510092860562452,14.628507894556597,0.013054102457387895,202.70341337378568,4.474949442556135,456.7202357368544,27.270895776811116,0.32933572979435205,46.85930224349594,35.18273685617147,71.082268989862,6.449864876309865,1.9841288478623922,2.9121890452094976,91.92677807742669,0.20607389891731273,0.06972236476253899,0.26575268792458084,13.836781089030653,0
158.33472528990308,4.083911832098028,0.027337458514341762,5.062947530135542,2.336698660808906,0.4444468490032471,0.2327116737640598,15.209106400512118,0.008088210400470003,204.02542501978715,9.206209712603979,570.3489962545485,20.34913691704362,0.33800140777449794,46.955714921639746,28.32002653377436,72.85311389890703,5.461194836016599,0.9553659643670929,3.8960626952503725,95.16562899951825,0.14421661242898204,0.13036727306831097,0.26163451171081203,20.17430586872682,0
133.65717616358893,5.59144207412921,0.0776900980392397,2.2137555992054416,1.5364034652510656,0.49724741548394913,0.16902190858360686,13.787699364856714,0.011181694358157593,210.0065776253696,11.384765900302632,459.4671831579027,19.1954331383619,0.23188161405311083,53.956854303664834,29.91016252200655,75.9820598277191,4.517484245153681,2.0733698550244157,2.6002800361495626,83.4117983351274,0.13975838215891107,0.1177196978741394,0.2825137356657751,19.7382349560018,0
208.52271801940918,13.405064926847052,1.5693038009735134,30.94553455036472,3.0593625375818814,2.3675107588815,0.2294451676836666,10.320667522572712,0.004516793850102692,185.83485623848068,11.754987142212334,482.7870828021708,16.92860239371573,0.33449605615773825,50.37740105491684,24.898159208339276,55.21655828525022,7.796550727400602,3.328125238802459,2.914789528455629,31.7359884021411,0.690553270812737,0.6855362124569819,0.31243713443040544,92.53191882212249,1
153.3465164273006,5.53793190019493,0.14630434376709336,4.717968241498897,3.2740709931650063,0.34617510965935455,0.3581553216713804,13.301035670131068,0.013180202943305786,207.04564208899978,7.640815915849625,518.7892399696215,19.88268182179612,0.252604661646497,56.0474961461376,19.772615793974044,56.81125353455527,4.802300741439116,2.4246015246700914,3.5621518410730615,97.3504238004271,0.25888416704705663,0.09591012419005865,0.24393538000341158,26.710027045785704,0
163.75303826462178,5.6335225181144715,0.1668577196108242,4.614893628031274,1.4848524295562533,0.5291805244367276,0.2614653007566425,17.23022092399942,0.010528299337790615,212.55255176266502,10.865633180753878,503.6468615622844,20.130996351188326,0.2894889455187773,41.349283668464956,35.309993344994055,46.08932143078286,4.378821922639468,1.6347225844268023,3.515559207277294,91.02691765154792,0.2985771753962511,0.1151747153338888,0.3377904120265858,22.823239978720416,0
330.7610791756144,16.564425708338923,2.0470261600209136,23.022221275276163,2.629892355230537,2.5242859874854555,0.17851302013923795,12.6604731055629,0.008183498031012397,221.24757714215335,10.107679509397755,593.7456609975155,18.798625406559083,0.29647949111785227,50.766474096249006,27.21980347249567,59.15502171397035,4.8018891348255766,2.559671006684091,3.3810621215134797,49.00761241750807,0.8046745779166148,0.7069903687190763,0.24321592587047658,86.6184926672939,1
159.31693336689,5.576175837300195,0.06828313357628465,-0.33580040383157606,2.0996540770209577,0.6342318203286578,0.20865915768025595,14.936343899912506,0.010963829246773731,255.66889182062678,7.484731590910451,518.0929029912858,23.31264547398404,0.31415092494782054,47.853119894946516,22.37802991430776,72.82491002180744,5.663767899486944,1.7499719985967717,2.9494962778182883,84.82443374511176,0.153939530950364,0.10508280589518607,0.3618832458696123,26.26102182311416,0
145.0374949270629,5.664174867749141,0.15871950037665292,7.545768657874474,2.209548920171263,0.5222620138661261,0.20765555910426153,14.83005962439641,0.012243494938041544,195.3247640945686,11.727991058802585,483.6698512105221,21.68607199869195,0.294210760882001,57.44667985954446,23.967264481676626,71.87771007090052,1.9398855416714942,0.740898018039831,2.3404046349275687,93.9632800060678,0.22799582390136275,0.15204021916470142,0.28109651713835365,29.47288572155717,0
122.84443152764788,5.417046027185485,0.07352556482386001,3.131708207257239,2.8846005728644655,0.3933706694865253,0.21960535363189432,14.076016641527502,0.014633756239509781,174.3756801177909,9.984351035556765,516.0907896021848,21.84588424352025,0.35087884551256443,42.98976606411968,26.872129607873195,53.73251880393134,4.716843800652195,2.1804399645900014,2.745913885652496,83.94499185335259,0.17157055472493862,0.13497008659264653,0.29128515931861665,19.587776032077265,0
320.087017343367,20.410263210997186,2.357894514632548,35.9435983305231,2.251848224573381,2.47279495309347,0.18143915832009516,9.180828931523267,0.010150252042733203,204.7939113295083,6.726348100605109,490.7475550052142,17.272727676870833,0.2671352049519262,46.28232291300632,26.11471592200569,51.261643306889546,3.3767966573318624,0.6289892844307904,2.82417420209057,39.75707647037415,0.7568086696322881,0.74549082899039,0.3626017407279825,84.10527501574248,1
322.19488280663666,17.664820430619052,2.1022067768597723,34.83076559972541,2.6016547381370585,2.3896112825390166,0.25954562101964757,12.814916075934027,-0.0005830712424152167,211.6378101141853,11.848229232500648,524.7214458004494,23.38773758906241,0.14948455671786337,50.095210580674156,21.453822380693243,62.11419600526995,4.053031154573636,1.2383565551339266,3.2621666040924975,54.513818875076836,0.7771644844129578,0.7796430187607998,0.3422334537703863,67.21305205320512,1
165.6916503066593,4.909814665788708,0.12723829375822707,5.377603561166892,2.306311027191891,0.627842530153608,0.1758974085480571,15.393418708821258,0.014784694195664623,224.29318986933404,13.606973601767528,590.7941887484784,18.85761998174356,0.2621536942773142,44.801658160328365,23.745911802108786,46.57124448388439,0.4202299413441226,2.0430631710269376,2.1509390834877045,81.01593205668769,0.16374051094492176,0.11167407625892711,0.3273303596705057,18.501845201727782,0
163.44207974328168,4.48953690856043,0.0787209353411573,11.776480466220068,1.820351089700321,0.41246076733512826,0.2023302341738611,13.3675855646071,0.018152704035803217,234.49701206833203,9.246264842023304,490.6109449891694,20.92679927013892,0.34838015394258187,56.90670465777514,36.038201701581045,51.463339405349224,2.7640487027397493,4.090310552481236,2.9306079938357184,89.71928204918436,0.1476570865576795,0.07749551702297579,0.34017133024781704,18.230551270662446,0
399.811965069543,18.940391542503193,1.7230764026063432,36.7948733774401,1.8189301624398433,3.0207590678589957,0.193740613865063,12.709719580813957,0.01926448596626254,217.4174439868118,7.593031353775557,423.41968423353796,25.99017214325381,0.20967030587332777,51.70189090761225,16.82449246171789,62.21328671436354,3.8274761291275476,2.765169451746557,2.3518710259721383,49.90835900033304,0.8229518598143325,0.706024860397584,0.36990203157481877,77.77778337602513,1
129.79812810259602,5.205879485932211,0.10950763695931513,3.264339605455686,2.4471244105200887,0.559528985181874,0.22227411499742208,14.613626129088653,0.013518008686496025,211.3036995182578,10.307397884707557,484.7217059215974,18.461548132175963,0.3369921554038613,48.26624039120677,16.747243592726203,73.50846889650207,4.297367701284365,0.23883974584921575,1.823285023156981,84.98060834697172,0.24577142513807615,0.1108436084511977,0.26711672217696525,14.629824633808619,0
153.38564351669083,5.642514930311994,0.12473843945105893,5.1270268157156424,1.7497971212036907,0.5583477084517232,0.14491947688854329,13.289817855281434,0.012402281621523716,200.8823235852355,13.178181315172935,470.2901904784271,15.325986253871081,0.19217789540093083,46.66060305211626,17.598214217948797,63.28447322114418,5.1524795529902025,1.7056702205468086,1.840153718689008,89.09905653009453,0.23457482632500035,0.11177929661043914,0.2646981597710127,13.023079601103786,0
159.8248532565449,6.285481023516899,0.09481612955446551,4.561511669129305,1.140299204581983,0.527567881567583,0.21004160022970575,14.128175753002248,-0.001679009679667931,206.18955031343688,17.100245288044867,508.9358900681942,19.865625758291767,0.305563924342637,47.07178850565205,23.127830933364713,62.636446449479415,6.530795086175946,1.7987997913365965,3.0659369877630835,93.22899570689806,0.19597667838383623,0.12254592844621318,0.2578569682916476,23.019076965818083,0
285.8809070386768,16.987812943163267,0.7388653241068719,28.85811529609582,1.7482688870602967,2.98884911728655,0.1890565244739271,11.574434694909483,0.0001868801429410265,199.01905956262698,12.195385159525157,521.3483681846429,25.166508362383023,0.2647770565087847,48.59044630044569,36.684563683999585,41.718095050846166,4.76900469196145,0.9072081824078333,3.664360794723152,54.33751029569514,0.7641156203150165,0.7136066659782478,0.2997142838447369,83.48028805073179,1
413.24305644881576,12.684396395770381,2.0456266681101307,19.71445144130172,2.1057079684003033,2.4554354345522977,0.24224896068421897,9.211636198445872,0.009780774261524478,206.86534903393817,6.444860168157267,442.5955353715572,20.575395100428537,0.3471250467664649,47.702355374341074,18.851221959558423,63.49100493688991,4.451290414009039,2.078421488367416,4.795951891063518,31.28402706912288,0.7911558140054555,0.6498253955011516,0.24115080864265004,58.43801095141358,1
306.832949115003,15.485299866609846,1.9943576059366654,29.288773206674772,1.342331764613748,2.6816799684199464,0.28181205857748015,6.052447200359295,0.002256960365562745,206.69535588284202,12.341957806745459,525.6871733475963,16.221136191455116,0.21781121021095895,57.48498494391267,22.981511680084964,60.11861144446802,5.387453626048628,3.761069754063852,2.63983094466147,37.164789030238616,0.7560222609580509,0.6535916671353786,0.27767094581838575,78.69355751578978,1
160.24243340660522,4.060281274844996,0.11673022457065647,3.4185714533769387,2.2339664671974075,0.5754354361939308,0.26792844975050323,15.401871796075259,0.014056454484854748,218.68765208099126,9.01699475808158,531.2543668855717,17.298208877882853,0.37910405385924484,53.8867541540986,23.713471293521764,62.79867920648922,4.732077595612263,1.2764897973114944,3.3887850464101743,85.69393172378837,0.10356580058700135,0.09376608626337196,0.3519694230885685,19.60003390958109,0
166.09312177093423,4.716891921542961,0.10260809223842456,6.3282387943341085,1.9829320594920066,0.40201690254172556,0.08819284457777295,14.92019580780437,0.013033999547712942,220.09473605739615,9.393233631407,453.50908661087954,20.97157098116893,0.4369485382830986,51.357299230879846,17.798922287788226,54.76346242487798,5.121735038979807,2.079877483506702,3.6825104779209585,77.70364687645456,0.19480234019021814,0.09566561596745517,0.28629543892458015,16.588203873451164,0
335.05393775640476,14.557477092345495,1.794310339154331,22.704019731903625,2.724986248289013,2.141216585211494,0.19269575066116265,11.663478685489597,0.012668040106813758,213.1538498390497,8.229756318883144,533.7314836559618,25.199913641011374,0.32076932239251504,44.99262907240954,28.859103810400235,53.9822968422673,4.851514993173023,1.2926528584659964,4.18936955477989,39.61244466870462,0.7272217725921377,0.7077333691313513,0.4529444442659707,89.4105474227746,1
150.37087838000267,4.769126019974184,0.08235245297122591,4.6760588652494,2.0394970574018028,0.32513522774828524,0.1779507839604974,15.925945380280018,0.006951091104632702,163.42108876690057,11.186220738155631,469.5993942215538,19.624150179260397,0.277899203749039,46.246980699013115,16.938424427485806,61.97485219164892,4.490121325062872,2.831112646568936,2.5575248016054233,81.84735292208909,0.13187004434335572,0.0952816989623005,0.2997966605857281,18.23773373452622,0
255.5998890457383,15.108742365382577,1.7472187294027877,27.195266962252326,2.4045658435881165,2.7309313077964217,0.23078444536238038,9.997128484364712,0.010025379450826061,229.03849519438666,12.72384120431334,402.444766267381,21.18446229879349,0.3348553115820813,55.85839588196055,27.018796248372247,40.37629207953698,2.8368281833607476,3.384330244509025,3.312556199363102,50.250850086904734,0.6226743295755529,0.7000794789993462,0.3325119909798802,81.16107537897052,1
114.49888144612787,4.2828741079107795,0.08146339607673292,5.628553167723817,2.005084254069772,0.5284683218056243,0.23184288604072964,14.303983077241861,0.010503584432218554,215.74150723879274,5.835454836529814,476.46599080748365,15.541892838880228,0.304799703064217,54.990079653998315,20.95947849875613,57.15661311041033,5.295331792937885,2.7197579013943622,3.215938866992505,89.1755150074481,0.11733932842935468,0.10215633095323991,0.37550329023069134,22.067063235600692,0
335.9984006518431,15.135668514403024,2.881160478995812,36.6422022942688,2.2688947749876394,2.119245765325545,0.18381250913186553,10.203170570981397,0.010191647103347766,208.77654440843003,10.187138769086678,606.3972445970813,19.229521000643718,0.3316957438627891,48.5202337463958,20.3688731963933,63.631501515455014,1.127007246860183,-0.8200907473598991,3.8693056503744385,38.579881387308276,0.8025736335172885,0.6841591815234285,0.34375009870289697,73.41190707770642,1
170.0434299426551,5.550047727347247,0.11786815030762915,1.2160249788190014,1.858365941752428,0.6377851158124114,0.22023444079715185,16.41827655419865,0.006893102516510424,170.4724784988593,10.59000560902582,467.32307380968666,13.911949615496841,0.34275852882891594,52.20780066673193,27.566377591823723,59.927210711291025,4.8689637767653045,1.5660142141937845,2.672465758247726,75.45272494377392,0.1963200608300615,0.09693809336388824,0.31992257368666394,26.309374366404843,0
292.5927601561261,11.978450390495725,2.1834146026331887,35.030306979961146,2.506220844998498,2.3124487139942103,0.2054344581915263,12.904793295331075,0.012952319713250126,189.22280279121142,13.225138951864643,598.616599166343,24.216951618506624,0.3177770466241859,60.52178964224748,20.00678400314463,61.535859566498246,6.9087370132367845,-1.2430439272260438,3.0696843554506255,46.69874964893171,0.6694726253416748,0.8084623082578618,0.3615671857716105,74.85839208660722,1
183.0858272080231,4.007185257736009,-0.02769830370916824,1.4724802265866557,2.61611749018252,0.5433298011789545,0.18990312960204656,14.341935575953933,0.010569089537242565,231.4497363549052,7.447776594385793,521.0260091656304,20.29848224598958,0.2759375668570321,49.78319152590733,26.593609091839966,63.9003234129933,4.600999047362626,2.1903658531880286,3.679965789991289,83.10748571542007,0.2279194222275256,0.12381794205787384,0.3417854177346438,24.724705758820686,0
327.0361201114332,10.90095088101894,1.8773291934375353,23.270138046511526,1.6005014974681107,2.1507893741462114,0.12027817051674371,8.92909852905246,0.004704538301120229,215.9300894004404,11.257175186677348,449.368998484813,25.29998365736735,0.2234062375572768,49.530611601463,23.09833838685138,81.49491686718912,4.905823935151428,1.6617717128075162,3.259796958698593,30.99808311284184,0.6865694817434389,0.5414659982541894,0.24955985750550566,92.36265443042389,1
166.98637730053622,4.925282705200383,0.06982119536914116,1.9197402093357487,2.2412503820992637,0.5288393241620769,0.19580303334564098,15.369028399276763,0.0038349599854859764,239.89083403763044,9.68801816072296,539.7562916929089,17.430989686579895,0.24431220462189154,53.67712912074242,29.964602242183904,58.563408116033806,4.713475900433009,1.661091830577125,2.861690202506633,83.77304296221325,0.2222281809984453,0.1082918921182233,0.2742717982885023,21.563500931348347,0
275.61664702094214,9.834131614485496,1.888691552663712,25.493532567424595,1.7759948979693232,1.712447632074066,0.10680659902867921,6.967782216927137,0.017174297770525537,203.7005640410176,5.697344643462048,594.2787846670321,21.603863559516626,0.19706352598563645,59.442450848685134,23.60964409310098,85.1206938944205,4.58443112452812,1.3925928560985852,2.790041766928026,45.837403497685116,0.8168451554084971,0.6622808294284505,0.24518086707445275,80.44612905134915,1
318.5107217147458,9.426512212753929,2.197524881363136,39.44130041978558,1.5453118596206032,2.6692767183553405,0.17404266503024596,10.945216307844102,0.007834528382555779,131.8320651061536,15.891778065329662,473.7135577551484,20.95891201607536,0.3102964960549169,42.09104126866845,24.95994626828402,54.297250758481056,4.990135728945664,2.788968892052884,3.371929047486014,28.919888077115473,0.8191792900809991,0.7730021599418705,0.3043244614090471,81.58102075412032,1
346.970186237264,14.116304021272674,2.7009969013033808,47.273468276258704,2.446032599663181,2.874683518492601,0.26791163608680185,9.351065625944543,0.018710678531107243,194.31225884196797,9.721675275204607,558.9399215050354,14.038696967254372,0.12934485483286498,49.23143032563395,31.540958848837064,76.53192451895404,5.796555031627674,1.9393667086651487,2.692490413556131,36.31434694095817,0.81803859476353,0.5914343156588172,0.34418801479433087,72.30870366225301,1
269.23885021296763,17.35021888484207,2.302482466207804,26.88901265829823,1.7564220730648163,2.5829526367308566,0.23560758247756042,8.85742999329291,0.012285210415216293,199.7476084433396,6.798174567673974,459.53336318726286,26.173066641665393,0.24688749630472978,36.99316614058377,28.857634203545324,65.4356661542509,5.187879723567786,1.2114516595315847,2.6087943474018296,35.36164245726563,0.6297322350751731,0.7434827192926566,0.2888865337873364,71.26078969619542,1
125.05163260540567,5.7061122522120264,0.08283800697025055,3.8086820522626166,2.754127214577901,0.5475990391067561,0.1391165294814887,15.267068269446163,0.005557605629995234,182.46368155942466,10.28655266580107,508.3634295295654,19.015922240564105,0.3885375951656738,57.66055617824726,34.48765992498897,51.33817502191281,3.6477146503766447,2.0338797118872534,3.090589459624323,86.39180138852335,0.2021932875508758,0.1047431195736718,0.34449253549602465,22.434282825099245,0
144.6413535501512,5.687552401667159,0.06252088424416935,7.575502608074222,2.15033854356285,0.3766771623035214,0.2947125837146544,15.95219969045071,0.010568002909941938,198.8371346777667,13.663547367290398,427.05294761509555,12.80082946184375,0.35873739339884025,50.415369896104664,25.052063616013672,70.98037265168527,1.045915956004054,1.5073678702438849,2.7000107204017243,84.20658371187064,0.1810305484419653,0.13312799092445185,0.2836946843763289,23.80979712561304,0
272.4972947597169,18.74973107178012,2.4144278536949813,24.380508175558113,1.9988446863315192,3.019798125617176,0.10678331877137459,12.968882925170398,0.007850578051606332,215.3422512972224,12.633990319503972,519.7491283484877,20.414163038664867,0.27066638961160716,46.38551355665374,19.29661823499515,57.02598695527465,4.6035796446165795,1.8265619776377722,3.5917191840773306,30.38645478735589,0.7887311814912913,0.7896892413302968,0.38167656490947904,62.9722336659617,1
128.2060370136168,5.260207486980723,0.15330766355390316,6.102352373759285,2.272532969888612,0.40287859503431567,0.20985112590995308,14.957700641787783,0.008214278851302265,209.97633032874865,8.011004666967462,568.8230121436894,22.73819562642204,0.334435716503024,49.51443497132754,24.246449419749688,64.99543915838566,6.706911294246969,3.045459103044455,2.736468239999096,90.18246937040895,0.21915795099195712,0.10428998590097402,0.3264771215285167,14.7542131907945,0
166.2503973341355,6.051450391222504,0.10285340533601012,6.367365905711915,1.360142865234315,0.3608604992998982,0.20201480620732928,13.736099524835112,0.007846290430058807,206.5996955928717,7.444599526107313,528.965421405546,16.27013622669368,0.415875039213762,47.31609002048688,18.66653391036326,50.96006198863928,3.7298501087664437,1.4218859068999188,2.2047442717956844,85.79770915469732,0.27511869233125114,0.08603966185733752,0.2286195771142522,21.82155236848506,0
188.11120801187144,4.437601456155237,0.011077419535298227,2.6393417758986564,1.9012380709043601,0.6153919214605676,0.10281770837639864,15.378417056248175,0.013104710146856345,188.20754007187122,11.035949674136496,556.5198158555874,21.570690336041164,0.23590237307055337,49.460645166032016,22.605663177070383,40.17934452714934,2.948085772175667,1.2971829561369752,2.59938554671193,97.11900902466351,0.2547231193764301,0.11345870607097025,0.18145951214577904,13.477638694620472,0
171.70148945934804,18.020773556881863,1.7257568424677086,27.171329635684444,2.606282203667816,2.0474387439323607,0.09041000677847544,9.894710998312622,0.005921883646541796,184.67351971068217,10.23910979229207,400.53440159655,15.961818097453508,0.19634279306051458,48.15006219885429,20.564922122471003,70.56375404695027,6.845456771161809,1.0107960727886918,1.7792496681547418,59.20081369848654,0.6916786767481103,0.7192577029008713,0.3922338898885953,68.6097892523359,1
295.4983971025993,16.62499056059691,1.454881464085985,42.60718079397434,2.137015779324073,1.656289865457058,0.298695367047529,12.153976288913166,0.013207930772209874,170.86748455344372,10.619083863678034,570.3524154943422,22.559448434455508,0.3318222317947056,55.69357328446781,18.566077213383586,63.05777114392855,3.174446625875149,1.6218959818445098,2.9964466735811723,40.21745903447316,0.9176556360377343,0.6768043180937408,0.31581616976926513,82.8804778715965,1
143.33884653627493,5.771477822704761,0.15033356755636304,5.038331920893072,1.3335042994294055,0.5056549286622128,0.11307260114129007,15.947271356660977,0.004266702535105279,230.051310621107,9.43879708843952,494.3178951612335,23.270751985875094,0.33204400419935,59.79454859817685,13.640007448745495,60.82181253073517,5.636227374096101,1.6972911572778742,3.361039159933085,91.69978260539287,0.16720776661452919,0.11170111641913337,0.24870743169163584,14.541366501901415,0
278.01451014978727,10.212164698819247,1.665857818493901,31.35359024206387,1.3349763288172827,2.9741289088819687,0.2631890413824732,9.19578772179487,0.005913308213930916,182.51640948060773,12.261008121650555,616.0329180938164,26.17145574147015,0.25229042714961186,43.79707571709226,27.4580584939645,70.6091653512982,1.0582392620477012,0.28610571513453287,3.5960880361262273,37.52282624151381,0.6140272633377708,0.8119416235618567,0.34644525403012427,52.395442762090525,1
146.4134785443224,4.581334957846016,0.1086940924367088,5.200017226101844,2.2403936174168635,0.4249219479410354,0.16543437749005296,13.698866049213139,0.018797900784978165,201.1172985068127,9.826283109957943,604.047865869034,16.377538247005273,0.3972585821164042,43.36056940917571,17.39628235933083,58.34733993243507,2.5222426350133054,1.44614690053232,3.130766315069489,91.39840476501092,0.17228332793689505,0.08587656467374956,0.37013370440835974,28.494117823711356,0
158.15887769579703,6.064285962381986,-0.028462849387508895,4.708971667126035,2.305605638403248,0.6135757230957997,0.19607411173134826,16.643598940417668,0.005634693362713116,215.5654865620272,7.164370577780147,471.1527819171826,23.353307686841724,0.23560251849844135,52.996544690722736,23.037082128546313,59.19078248788995,4.16206738733821,1.6504509982528477,3.4078585736723768,79.76383614042267,0.23521762734824356,0.060253306977176097,0.2353557831245322,23.94394209546742,0
162.30095279839156,5.266180312897128,0.10703541868115983,1.9564463070798817,1.8544533330279542,0.5022273776478021,0.24940972201736583,14.77833131278606,0.0113798122386086,217.59872038607747,6.619096007013026,570.1824764880205,22.831762276690004,0.19610328225365253,57.924061484241875,26.080818483063112,43.93883147264639,3.387526063025784,2.6811507398800862,3.050678416436507,82.78416484117862,0.15761288720564764,0.10725502851181548,0.357519072318063,10.909490834969468,0
116.42720592146178,3.9246790866704107,0.06868077137803469,4.236237168858608,1.9382831518117813,0.3754428585757121,0.2762830797246444,13.493657074035692,0.011675843096089348,178.92755797955687,12.369409321949416,512.1901336613124,18.498589888007743,0.19977295731440725,57.14066468149427,27.86351300256607,48.520207942927954,1.7415780312558904,2.800877837583299,2.6193641828988077,91.77188914507346,0.20387959430557498,0.1006092244195189,0.32273827541499445,16.783482194425375,0
133.97119411023348,4.1991727574083635,0.15850531987651958,6.914349842399281,2.23020888255872,0.5813682555366859,0.1662540058778444,14.677096578064601,0.00812538073905753,207.84762452979498,7.154656385764012,430.719250895941,23.229950038378675,0.2886653409366107,55.12133121340112,24.2785570364636,51.153429729443715,4.171498396109099,3.26542697038151,3.2905010451222987,90.5692160336392,0.21987800010079603,0.09991737210147131,0.2788083765078884,16.19091473834959,0
253.19176726434415,21.526998557094938,2.357462321517526,35.86028631462686,1.7033800068078777,2.686914266623953,0.10392930203898193,12.09248641344405,0.006212191683200336,180.58391601455196,6.7935281271331815,457.28453358191484,23.970481105682016,0.2796328220962023,45.84768830191933,28.653305654658713,52.57098567087051,1.7749035483395896,4.040203589859098,2.596963672119518,41.94943360691477,0.6296717650057267,0.39641065918762486,0.19826009357315577,93.08321849435987,1
174.6609770887678,5.836526411524267,0.15812589962568246,6.644928119747272,0.42685527399758283,0.5224192622359113,0.21813550173502388,16.353461627792786,0.0008868750757350608,229.99175695355774,8.137050870024568,506.33603048566385,16.091968943390825,0.26938217688464067,52.067045953278786,20.333105668527256,60.919312745553775,8.752286777152152,2.8410124822724954,2.8551613111351344,82.6316175005968,0.1573395629030846,0.11576649964256074,0.38787960100065894,25.909448965215887,0
135.51661741675622,4.95022876619342,0.16351575333660473,5.3753810675755975,3.3365984081061697,0.64999321470661,0.1684681523303983,15.576367536203517,0.01644358214094244,171.52201299532513,10.163033342439059,492.36125816835613,20.913228016641057,0.3022602494787209,53.64784620087148,28.28473325426545,66.66048317022887,7.468424854752414,1.9331853416519977,2.6041909438775708,79.20216777065266,0.1603564615271854,0.09761992942010558,0.3832399203386159,22.468657706865372,0
156.44422843568975,3.698596958910146,0.06348013400585688,1.4905350052511195,1.8496361722424486,0.42498376590801856,0.23517895390412252,14.314189537079573,0.008709614797518079,193.1667069926266,8.300911674444293,468.09378224303236,19.893555531349843,0.1925637867584696,38.493951063332126,27.163244369245586,68.5221350110923,3.4678829438488163,3.5413751773592494,3.0800118441773887,79.04823658431107,0.1366934094930479,0.10150610690343134,0.3035007576601356,25.647498088002216,0
144.9521421440941,5.894273392995587,0.10766808556808563,-0.19379127901597304,1.832149445999061,0.21195123464431948,0.10996610598587654,15.92526763904307,0.01473912729498945,175.89779683605215,13.140064408047843,474.68666094362106,19.002113660526252,0.2947313219875965,45.78105897952482,19.661063633640506,79.93528792501624,6.7929641486884025,3.1762122769912873,2.16761177171601,78.63628584359859,0.29954242869858055,0.09755016617753258,0.2845256952607879,18.11570149548198,0
372.6323220652236,13.56611801257571,1.997254493010021,55.214489684977146,1.9640704017820108,2.30037127027607,0.17957056080543982,10.929702514751567,0.01574727136152446,181.84999952023693,10.772502018061083,560.8963204123237,25.376873196569566,0.3199106804139845,46.67108491563939,20.069948312502707,60.144518299238655,3.635194771630326,-1.2868584416888826,3.09278461423196,41.82392015245655,0.8730161398479142,0.5473539426060676,0.3036946768333997,95.92749660641333,1
155.41405626950134,5.145190035586545,0.08358615472600633,3.9718982220172787,2.0209197269096397,0.6769672980969222,0.23497513759213973,15.103145129514598,0.015381490717788018,213.4056015398763,8.434096587256397,531.5504679106656,20.081557909944813,0.2780015313732496,45.37045400488487,26.399068413229312,46.62420343315936,8.49342700315258,2.5246835390353084,3.1761918093963524,83.13740492363812,0.08078521110807985,0.11743315799844106,0.29140764595528706,14.961495385937326,0
321.41816719463196,11.48096423721174,1.5695671751272684,41.11449119998943,1.1943361254316944,2.13568411793918,0.3126399074321476,11.739694568426076,0.005726844811582438,194.73230378941324,10.594371344652735,502.2614494459533,15.771724611352562,0.4058881032699228,42.27535231551154,33.731037921287275,57.32493547125745,6.1851085315969065,0.24351414547684952,2.6744213506386427,35.48301555539654,0.8328189973705531,0.6784759914390913,0.3078753436919595,73.1939304051319,1
150.35620402996076,4.4288879728185275,0.11672674998663293,3.147921794885529,1.2997379864707093,0.4870994939528147,0.23465015857316518,12.863345017514533,0.010492502816445088,223.593572193393,8.573582886994512,441.3137706373868,13.906827599920078,0.28789452167363105,45.19080282030064,25.197196846777697,76.03617557527657,5.2640726607938415,2.2235666074958345,3.192493091900477,86.53699752946441,0.11484509104052987,0.08768898267151491,0.2699500284233591,17.477482072162974,0
222.21706789235614,17.60037119543195,2.2058411974110275,26.37973940397891,1.965337544252483,2.7508852423407415,0.1028243960552196,8.231609582288984,0.010549931916152723,207.63306956802796,10.128442924815843,536.5304836439501,20.064945462797166,0.26608287622887594,57.65169576855917,19.601316472444946,58.98297987849178,-0.6136746293524373,2.26715016058533,4.394650177855426,37.1860422487359,0.7664629110389397,0.6638889823823946,0.3179165618414482,81.77874782126104,1
126.76805005650998,4.186670432778142,0.005028076860591913,5.757407332854967,2.0955511969575906,0.29592020227916616,0.22098020742646532,15.866569469399352,0.017953195472721766,188.59348507999135,10.859180535275817,561.2498588163596,18.545547546397835,0.3042171002480179,47.860535059953854,15.253603880139645,50.26019530570165,5.551742279323057,2.660855498635368,3.3595452554772507,83.56151264958021,0.2193637087433734,0.09330190137210224,0.2833405662841245,22.41902530265777,0
183.4473334087808,6.635791188990737,0.22015466795234073,5.698682581805269,1.6790991338263115,0.553077691120915,0.1925843321981512,13.695321377844525,0.009072047926234632,227.95354627516323,12.526536855256307,485.823023210905,25.31195099933038,0.2938975652565907,49.76174752845018,24.322406450521875,72.70027646498897,6.2788080011339655,0.7776789337460672,3.264707245226221,80.38635646808015,0.28598738761995773,0.08641794927995285,0.3290208566139502,32.29050424843179,0
335.67629272960767,14.034708866452323,2.098767335789842,28.671423084840097,2.6030930661741523,1.796148351189952,0.18728085764170846,9.370088600039564,0.0030208884167458767,223.75737430058,6.589610391742281,446.4188942041717,24.951613255459765,0.3295147644615026,53.043859057223486,26.82872743610742,65.69947021984245,2.791763568370917,1.684498259965387,2.764648624511445,44.845808373880296,0.9604684631108235,0.6945416562505027,0.29709076968203857,58.40939496550536,1
259.72475335619976,15.301562600095188,1.9020329680718273,40.559371581006566,2.74305667461171,2.271250316154116,0.1920662812022581,10.834603627545343,0.018042725295419122,214.66084633706134,8.457456384738066,600.4770918006645,23.8405454105083,0.20848411199651834,50.199636489289865,25.997203488661018,61.24857912286916,8.100674321417609,1.9829203062155099,2.929906341163326,56.316645747708016,0.7647644982567556,0.7632795713027937,0.25827807740457015,62.755780227842486,1
311.58807979235127,14.786342098891614,1.7130259870552016,30.38325718611369,2.242809043312481,3.2216528310949286,0.13701039821276204,7.542399332732395,0.011975319671784114,234.21696491823167,8.042733897648164,579.9940287365621,22.70763456511333,0.29664459679189104,58.12739681649385,28.852736955326364,52.152866133889916,7.008462838682577,0.11191514509631524,2.8057128302976833,49.12246263834342,0.8871074040889472,0.8545284182121806,0.1897083953905146,81.47516374746716,1
118.0398156703216,6.081169670788041,0.09175618845258172,1.0079101536468262,1.711086661881531,0.5279561142259126,0.16738924865156815,15.080709708124086,0.013013602632077532,189.8973194862147,9.757732030985037,471.43287595503233,21.339593298416034,0.31439857852237035,40.6629401297142,21.875910864157653,50.05878297313643,5.951019548321314,1.3222335122559377,3.0521451543058347,89.81359651806672,0.22111739370296593,0.0878020639123063,0.2960026499817626,20.066723409185304,0
359.46585550786654,16.518217577453335,1.763903034438703,41.76892481309507,1.5133694317095372,2.526916942828892,0.28089009604743337,11.373571920854717,0.019983234392976206,204.57965540069412,12.501859522232587,493.60636428418263,22.98922230310942,0.3668588764164364,43.975755815481435,23.506546473690968,43.001368508421486,5.194975119623423,3.4545225880305224,3.154812981154855,45.65892015109551,0.8029213691305439,0.66307970612338,0.24815393606922714,62.67430751866387,1
329.65968629060535,14.378726971757223,2.556456167190307,34.09126684769568,1.7705728709094632,3.211897675934319,0.24004694769227886,8.186910972184497,0.015703583579207592,226.11904642423306,12.348218320155267,510.369815598201,15.938093202222243,0.2746822956113462,47.056680593885396,25.576352842324372,36.27512808367285,1.4430356199681893,1.3899962244262503,3.1490801891943185,34.78834885422894,0.7899469654386589,0.7168458033408303,0.30523596922553664,92.66710848160865,1
369.027908179608,13.503044724323882,2.5853749483329076,33.28855903873065,1.9630079436794121,2.8609651541090364,0.1835608212865739,10.09939083049557,0.015599264688151428,199.07244565867356,6.640327937703167,393.5434907533963,17.435229084076116,0.268619771664185,51.31037133925298,26.062134135795255,38.8414153401743,2.579342263293898,0.15674207056552694,2.841930611814302,22.453493260497265,0.587134181982426,0.5833364335932809,0.34490554323211997,82.67550470874257,1
150.9396198041549,4.852095605225009,0.14195030343438242,3.587242691543628,1.8592109870532536,0.5558469505413839,0.22979429549915245,14.169865835203575,-0.0031318703275062987,190.8759307124903,12.739371058356793,533.0638867698323,22.455694270245203,0.35618059493056414,50.557100358650025,24.72562276527613,53.05726339599124,3.712431074264756,2.5071084508410393,2.588940239114094,93.12417845592266,0.22222133087897641,0.07824914703635572,0.2737232386913083,12.093587005896543,0
366.3060709523879,16.93338473823823,2.1508838569842257,43.70627193030281,2.69915702783511,2.4915551665117097,0.1566175585875687,12.491371014566067,0.0011694894285900399,244.09319213872436,8.741707987376088,460.20281643801565,22.132449978555464,0.3831406458176661,41.11406684810824,21.588817913044753,41.76561950538312,6.5451423300931175,1.9396500804924786,2.571223291140025,56.70735620447254,0.6493094467728958,0.5701366117046516,0.33766900575638065,83.01856932457018,1
370.1313881398722,16.392488929467422,2.3880697741967034,39.574977109334704,1.559554562827156,2.2531102616562992,0.1329333374082921,12.29537317708466,0.013496414939937458,150.4814137754937,14.242226981701961,479.1023055312109,20.74642997281211,0.3451606744521949,45.25617861761767,31.83792649056568,66.68597672323209,3.5453832526026425,1.8874431038463335,1.9194891052230272,31.32812293466092,0.829434207120845,0.6331852883983002,0.3505198207244081,64.08767401266313,1
271.28028058504634,14.308353340299124,1.6879255451372606,40.490233146291274,1.735674010183784,2.0201365892714813,0.08482678922754282,10.580035615500929,0.008208568024276533,234.41855444408966,14.860403188285055,567.7097562864786,24.90026538849371,0.2410820402744625,46.83230277979328,27.845516954975263,43.38243907248959,7.153127255215304,1.484188676541019,3.09680896281375,31.999556493954845,0.7068871700198541,0.7394586816638098,0.35493927470222214,72.18496593584243,1
161.18465888489428,4.467174752493488,0.13825263601158055,3.7006097907156352,2.4147426989589142,0.5677328040078232,0.16643200864458887,13.619979047626547,0.01087955089289774,187.26626340094646,14.828476242405346,516.4278440342308,17.925065168613827,0.3544474292352079,53.838233682656295,28.55290382037506,50.119374633224716,8.062328660159483,2.1123988132314984,2.887225113483,87.25726070437821,0.2560897735285001,0.08679004227409176,0.3134598352791477,11.761927647042894,0
276.9391643935188,13.528330843499129,2.737644891301599,28.517882867055413,1.7752314668396878,2.5688513000112616,0.24128294693531754,9.848716452166308,0.0081243082010581,208.38568833316867,9.064231669212182,487.36557885368745,16.200231171316357,0.25683172536771504,53.55825211945032,23.58471415612835,63.22949235090528,7.999718603556618,0.6594967538312403,2.1004116633235603,29.867514574723298,0.69670484574446,0.7532022273372446,0.3376956420284811,99.61652832556929,1
151.20049546404658,4.9205092701998545,0.06553362642872902,6.544624880094848,1.8925872433639417,0.46005127533546136,0.12179792247444349,17.126426781210434,0.01110377391740877,190.02407051927153,10.308056258728636,465.0513220501146,19.98775713319747,0.30705203716812124,44.33748465611073,23.64275343512798,62.85225117053162,6.654391418634578,2.119188580837063,2.2052553159765083,83.46682719985911,0.2231846859646299,0.08949446706214342,0.31866778381685057,19.226096452508816,0
115.33448689525099,4.477666473137319,0.11882758394297449,3.818455798568759,2.85702132822358,0.5326764267702759,0.2558601181926306,13.242018976812073,0.012339247875752102,184.9541765997941,9.250174641136903,507.7555060315627,21.653163027388548,0.42056260108739496,51.55836013224392,25.249792205389554,56.71709475424826,3.772615817146872,3.326000421063185,3.683985467997561,91.93135299594967,0.12151489212223127,0.11827319304516799,0.27528711759457125,31.92047045395237,0
108.3535148666287,5.215784687926003,0.049614885057175456,3.7256010549137604,2.076656650406411,0.4817135576344037,0.17628897890521153,16.185166619302187,-0.0019032089246132512,233.98740683527478,11.19756499100235,465.2745758387327,20.90295151760653,0.30628743223424504,46.979256751090496,17.959066254927404,62.44324936964452,6.430328594184045,1.426929817152222,3.6452261936540244,77.77923882228298,0.09058001237091698,0.10965702464861811,0.27381206503225425,14.687795103895239,0
166.2359201847209,5.00884785492831,0.04479148043891254,7.004925928235018,3.242381359092021,0.4027640722343473,0.2165143074307132,15.212108790211383,0.013398313842722895,202.44628408329547,11.71446702125253,489.0607499176938,18.430940156364574,0.3805680606493923,47.724699078637535,25.762135373419742,61.40130642290345,3.453650929435003,1.2640491162205496,3.3139380536971,89.1270532837577,0.19004969984051992,0.09886163764104693,0.24738372089373192,20.219152528019457,0
158.6926802467779,5.998436977995156,0.15233573715083942,8.5052916244865,1.333083028342458,0.4635011350210074,0.27542876097429847,15.307094095204409,0.010247142935003572,191.3413188380511,10.439504998915062,478.96823030119987,19.424273554817336,0.204995559620102,54.20576889385283,24.796237514405423,64.65054020150008,2.1651667394042176,2.6551134058448245,3.729381694891269,84.15647960120963,0.12788998173844934,0.08652463242834083,0.3579637971249662,19.825122815743985,0
344.12526939453204,15.647029005558617,1.9114697854637617,34.06559933729469,2.084788183968525,1.6832751825238907,0.2672230103582572,12.20896538452992,0.002863050918079815,245.47346713172482,9.704687277105977,530.612304378628,24.305949936635443,0.22519545971547528,51.331869837603655,23.43321966087575,67.61735534595904,4.6397036763237365,0.7083219257404756,3.45477923789418,36.16636949708937,0.8160291257744612,0.7616246581104611,0.3607334116341242,85.90735520117065,1
191.77461188940575,4.869085060079127,0.004218295055893051,4.825181594833573,2.2644042408999026,0.4112137022808752,0.18102536530346597,14.347714096451751,0.01714706958701905,197.0205396042516,8.5613360554149,440.20120869916695,22.58908933206589,0.33553370549845973,56.987805594479646,18.742398979991457,70.45414755139942,5.9027899251448295,1.766581424235765,3.528116265691696,84.34564989280685,0.2905687420387256,0.057485124355591014,0.31159207386373744,17.599688104031326,0
152.75379942799253,6.441605621508307,0.0646330141719298,3.9252787230186406,1.722291719339165,0.31711501160274114,0.137607055152048,16.386712969517717,0.014619462697244078,220.85918290221426,8.141586640196158,463.5499018812972,18.81158418453479,0.3192363350336417,49.4876653515956,25.546942827986054,91.25167536111331,4.316592350897884,1.1128584487641975,3.150419355221263,81.14916132759762,0.22903174043422586,0.10186940758263321,0.31583019587434746,27.861065316309872,0
171.13683392955164,4.29630396237461,0.04391686437082683,4.512763899536866,1.824638424225907,0.41955158190242064,0.14548449492360205,14.334467669722876,0.016789821935196864,152.2997129833103,11.94346655232173,497.82803616767603,24.60620772235447,0.2629002140345499,52.37066582159418,23.764078580639886,73.99689550042386,3.9316279229050632,2.3762381409822093,3.415168453455278,84.21338812936138,0.19162632360782472,0.12128545605128037,0.3532611160710926,18.49535212972544,0
161.53572335985533,5.735952864778756,-0.01919760528886645,2.608705517630434,1.7699027533989646,0.5632777766796363,0.1969047397897681,15.919932520434834,0.0068946477343238225,175.4634138565271,7.2032576661472385,577.2147240916846,19.455752721265785,0.20638013208769027,49.57706008968724,35.61966313498246,65.71600583332186,4.461171097592485,2.5307005114552736,2.807978546713975,87.93600936144949,0.13019909484728318,0.09442712632396505,0.22485876678844194,29.598349940456337,0
143.68647888455308,5.104300068449687,0.09956332233765465,3.4228635809556485,1.8080663688425347,0.47900280703492243,0.2287180679858997,16.408753920879274,0.013127988718707432,196.53089901696129,9.68687712182239,549.0239312089498,18.63165633333662,0.28161928496428856,53.70588458830211,23.613545500559287,50.82624316028006,4.584547594203264,1.3709374926039386,3.18474453294346,84.54545083758948,0.16306968794149984,0.11839727978297587,0.3050859564093984,27.10216797814503,0
370.5357297026236,13.519485626720842,3.079958810375145,47.31694608323761,1.7948008400745716,2.592141857333217,0.19059839395789882,7.485960168941089,0.008524380080987591,218.97329860478408,9.537275225536444,494.01093877596514,19.670728136164076,0.32517335167928973,44.93059998377978,35.90508760823308,62.82365336153218,9.728053897086669,1.5486859691504486,3.141725937863963,21.89157524388478,0.7584542921515849,0.7772176988327165,0.35408914408307374,53.32663582784526,1
320.38778873429123,16.421572344445533,1.6884141381003908,30.803906220576124,3.5114321335973697,3.165522505220819,0.24170622822908638,7.703316319492712,0.0018172356115853613,205.66647493261112,10.809267364992536,471.1489779095495,18.46227768832254,0.3257539374020203,50.99984597789024,25.03594590367715,69.14306887712043,7.4216693801437685,1.0790651278807892,2.478438722428264,46.077316622386356,0.8613126600544362,0.5713787197397249,0.39903708371933627,76.55877587724498,1
144.73045079196328,2.5395301275101727,0.12607453271060118,6.5130183369958266,1.8666325278985003,0.6121667999964836,0.16652875647248438,14.605971239165761,0.004547624575946664,200.49663563899037,10.544122678262816,443.3809882981959,15.021452816210838,0.28097367940390383,50.22007423304374,34.35374112347269,43.10152663446934,5.869248980998212,2.3925755303489655,3.080405353809985,81.952930553436,0.19222839402190264,0.09598753645421448,0.3681643762052397,20.27865847377549,0
161.66187234941887,4.49984806492436,0.0825708024052993,8.30146845233413,0.7700343276007278,0.6131218347925014,0.13927340783262743,15.512518711166521,0.010327237840229493,189.01686725065576,11.860204726893906,508.7589169407484,14.925659721545863,0.2617490461809331,61.026142894294416,22.898347876088007,63.68815159012376,4.525907428342659,2.8281981818925788,2.7211570890714754,80.33223710560895,0.2095929890739411,0.09580108106633278,0.38126086558952604,21.243609059192835,0
150.4335143784066,4.874597440799571,0.04134417085856493,7.881477813883208,2.8630025356596676,0.6247144445782987,0.10773040407760609,14.671994670364127,0.012286083312347316,197.15353292136385,12.294765757978816,567.0438711410044,21.02731158417242,0.25420737744105815,59.56967443718027,36.41045634964839,59.86918037505229,4.197467474921362,0.7469799601459151,2.9039400754589964,85.56729166479829,0.32015915377364224,0.11005768478916408,0.3279584862580285,26.70521772366322,0
328.9663911367205,10.874964509863647,2.024830260056004,27.15026563571024,2.680995024301706,2.7231137591214014,0.10737538707232937,8.580407072646878,0.0010436063374508753,207.23340251024726,8.412364214199572,509.69623939144617,16.970333482731903,0.33084809869218784,53.63841044946879,13.807838151078936,59.83849162858254,6.4640929657003845,1.6498618008787012,3.657859204343534,65.22146288271534,0.6904979660433522,0.6435226467355535,0.3331116127694973,61.49977844803245,1
140.0705664841866,5.52861551224346,0.12094135828197483,2.9530251382678485,2.2793797387001584,0.5109434521615177,0.13036030301264992,16.44122368169081,0.011405694971083428,170.6564551282228,11.983759561519381,451.9827428349036,21.608781797064182,0.3044728940944302,37.180877036200144,22.241665192891805,57.45737722033898,4.5427037030523225,2.8218667441090095,3.3933293042870014,80.09745503785985,0.23642596493881857,0.09081412701512448,0.33182405706561935,17.63187276095871,0
361.96101959597064,11.839126210849756,2.251068610267084,33.62765448955182,2.006415385256862,2.68673723477794,0.13672412332878575,9.02166409351077,-0.0075402051610124025,196.33799008100115,15.281561231316408,633.8313822715091,22.065810145758288,0.3619372856340318,41.423208756464376,21.668504818816597,44.69573968518561,9.02656537842521,2.8382727921786874,3.1437879203172026,22.196714673975684,0.7136219998046286,0.7593773593926281,0.23478900419977036,62.945241093971546,1
129.62188614458046,4.9053348550721445,0.1397283713138416,3.863527520210546,1.2616820876935302,0.5028685991272459,0.15658872203857344,14.104543137158032,0.01092097977331736,164.66404472703923,10.83516266684711,572.2692617494279,16.806625971992915,0.2449158054742195,56.868641570313336,24.400131360796767,64.89789030771372,2.630148510067883,3.145784471772998,2.8423948333349216,83.58348965858461,0.24518737286766565,0.1447597960739981,0.2727331237947565,20.54142972499965,0
279.86790905249217,16.15767664725414,1.3949148293711242,30.911231434546984,2.4233009011915816,2.1032468570153395,0.22992752342548123,9.789661825988938,0.01360731299621644,188.99058755853346,6.643311671432812,434.12805361618115,13.98622185744701,0.21035037767164091,38.60528488869565,15.060125898483165,76.70052137197082,6.580934045832659,1.0122977653631162,2.146552787035088,44.0122565203919,0.8291415345752313,0.833655062886572,0.35397702338764986,90.67720608715462,1
279.0985051076786,12.193067620120223,2.14915650508649,21.724867146315784,2.4803299163908745,2.8025489252881606,0.08648719098257167,12.675905357571684,0.008736593569097685,211.17794229805727,9.147881971334805,504.8752635289666,27.39836385289219,0.32918307402829955,47.24033909986048,36.93230687000113,56.54900468420142,8.85589630057846,1.1779674444679842,3.1599618297371213,34.24876974849309,0.7219065717093085,0.6529958452977571,0.35253486501680154,84.10401544119004,1
148.80115048163995,4.891788962234122,0.16471424160854709,4.288439187625176,2.586314092617514,0.47194372166378884,0.18543530642490585,14.859299524186962,0.006707174276256216,211.951535901208,12.032487613006992,496.97411334347504,23.390668021204387,0.24553944032518712,37.90387211987441,17.543493825280116,54.38927849335585,2.5616430013865665,2.1495869256975784,3.1201660312699446,94.16526516757375,0.17723368453767882,0.09852558050854433,0.27314781422731604,24.70088862428493,0
387.122477341891,9.17884813729415,1.7456218532862495,25.87857345914472,2.5905020088904753,2.7180040729956105,0.24613482231524084,12.792286393815743,0.004001575464728228,198.22290287123073,10.415144329185992,483.6419888349033,20.089584763672203,0.29230813558170876,58.25838542104921,17.109699419224274,52.65497163155267,5.541837474254578,2.6492523978114404,2.313045044419254,49.28201593823785,1.021212517295481,0.7305295896502988,0.32137648707500555,74.68562240590823,1
158.85529986190718,8.143004407480877,0.0958571084246117,4.679697214998696,2.426031123332867,0.5405254759302213,0.25267656278934725,14.098514628031909,0.004733633265441529,192.2680135278629,14.89081399868532,476.45057023975994,20.618707312539676,0.2965288531363742,52.50267749473737,28.334052584589838,51.27889956383565,4.147179216001176,2.6666582842491655,2.9886029029917,88.73357962512308,0.24786682319278822,0.10087961567826616,0.30748479873913676,10.765065719431592,0
216.81182991561755,16.56453101128731,1.692862498027606,33.1508533718079,1.5937689752768687,2.567774444372213,0.20322285655409,9.027844915796422,0.014956418094980684,194.88276928034847,9.167458798645255,408.77092055406524,27.501095098429513,0.19839202849449106,35.03761603595455,33.65742439283188,71.65669366562041,6.548257235756724,2.227185715578535,2.4416281855746176,30.703287019371135,0.7200603149600611,0.8084976000699645,0.3207907411034856,50.34600050168844,1
259.69478159505957,11.357460092424526,1.8120791725622685,37.51238466989861,2.530193530446236,3.281837164572917,0.06672988359798776,12.078206393052744,0.0101054414242475,240.44813055425237,10.449250065966357,495.75688159775666,19.64868469492617,0.17759750553861942,47.906359647926784,30.846391529547383,57.82191059410175,1.5884247205094444,0.7649922192100936,3.810376401397126,42.839045004689424,0.5957155011393915,0.7979689494134206,0.3185368645040171,81.43453162472679,1
429.6814291997916,17.631295001559746,1.763086591700382,27.045169755790198,1.379461147390956,2.097080488165507,0.24338521083699577,11.47123236984456,0.008046905219052193,209.81007259627165,7.154589697775877,569.6804036766957,12.210123536802847,0.2859058506718452,57.60873148211507,24.923705026031026,52.85970174559134,4.393593750787927,1.798207449304552,1.9547843765528474,36.789418231481996,0.6020350679925739,0.6834344984583837,0.4127587372722417,86.39739042366428,1
161.39768109373853,4.8525030345947195,0.12224182266771612,6.645575766791793,1.4031952222555568,0.6091290362882901,0.1370489847398905,14.806092935722164,0.010790505604511507,188.64750592085548,12.672894641548414,406.3980305948307,21.408483697635642,0.33196517928439373,47.3977070692454,25.882581248723532,56.48352838172582,4.727180864802817,2.331779513895356,2.6481560289518176,80.9003433260517,0.2801009789941731,0.11469294271530026,0.3657735908497628,9.56406688128418,0
129.05118832019204,4.609975247861031,0.15195824831201432,6.592637309703873,1.9094493375945265,0.3338234968571038,0.116268428609439,14.995955302247328,0.014890488304127196,190.30106961148965,11.270733823427177,564.2919327775735,19.748205324594565,0.33749917590507633,49.834354546308795,20.700732778744786,58.71941938913624,7.120866379846381,2.005266320378997,2.0689091318663726,78.51993966554566,0.23389784182652126,0.08960919700579759,0.37516911274823284,19.887869065847912,0
290.37090827565385,11.09592800495844,1.8915988461324835,25.727729511064197,1.3564765552015736,2.8751542227564575,0.18660187313276622,8.116474863529932,0.015223087897206496,208.9836426978742,10.956737819044978,490.12005642459206,19.910762991957814,0.30099117848424084,66.98171684469399,29.39012206668113,58.15308817917313,4.653585768128229,1.167651021633874,3.366422508649616,34.5209570417846,0.8399123161415749,0.6398523592280934,0.3255782677892511,69.1349746606738,1
103.13657864519276,6.456203088758297,0.04026225348685471,6.615512411423985,1.5432094255898763,0.42157631463259027,0.19881188565345106,15.619814610630216,0.00036975368557939925,183.7049022584294,9.96206876930158,510.76991613436934,23.591509535582126,0.2900669158380887,49.81542219062326,24.401608953908937,62.94248715799707,7.328473382659015,2.509498088456772,2.6390540531042914,88.28253952818899,0.2342567856693071,0.12508250296190285,0.2708472201633158,21.00398810906099,0
148.4877253884758,5.039969429453597,0.13870748366577318,7.63240143696029,1.9556454431664088,0.6971556153526067,0.2168404339180786,14.799763608972382,0.014635204249943648,167.07487923183308,6.827596817227516,483.1582411865968,17.129908810734293,0.35702985144038396,57.54739476237136,23.923181168481587,59.92115767140422,3.778645996076734,1.668508989337959,2.7113412518074815,88.51583592372059,0.3581406845424407,0.10476743583721011,0.3405375806462958,26.01400723329708,0
247.08500134286228,24.728948259001026,2.2649464316035854,39.88795461619914,1.8084427303136186,1.5371282858110102,0.20954500704784945,12.377906222656557,0.015197614184605576,153.45469731408554,7.874074967626298,499.51149744128764,18.351809168701028,0.3139849536857624,42.97585134023652,25.59878891691921,66.139533831277,6.086517952795127,2.347650827089015,3.7939430039845696,36.065573431747914,0.90500211783616,0.6590446903344679,0.37007863576602357,90.43966597876828,1
220.46125500181557,14.546475384323788,2.4210763487411007,27.153160112871767,2.3027361501339465,2.2160944785546137,0.22032189827141055,9.25279496775626,0.0026303273483906436,193.88295097614576,10.327523102766046,581.2755123417063,20.383472191284323,0.32092086085171573,51.931518766519304,19.741950626038584,62.26543093354799,5.280701443015712,2.3729738163332605,2.8015028125988777,36.30271689612556,0.7714388757235651,0.8757672615527705,0.24308991214730777,76.13572063075057,1
113.53314069981822,4.89627114190949,0.09158305808922215,1.8526195223863926,2.029279968620979,0.47447018803407015,0.25172424337392835,14.481464745822276,0.01596869367890453,202.00435834355136,8.650261270336681,468.08372052907686,21.521788508488463,0.311046177642124,52.90635620735845,27.210165670062345,46.97809225633434,4.0784920826511,3.223462300775141,3.258641929970701,87.94437041598486,0.2247686631872388,0.06749595144337589,0.24961447126503497,17.888898274745518,0
305.0672207066972,12.544463442441629,1.489843509333575,25.932815825385347,2.7463794796986014,2.4407301233692484,0.26018903862756115,11.69984157850762,-0.0013823758308969185,187.8516255346677,11.206014428597973,571.1440279468272,23.238697879475282,0.22883604628479634,49.27664526504271,28.814833455804145,41.45094476007441,5.7436565089002745,1.564390441887406,2.255311044356873,36.04095279859862,0.6929529369018353,0.7353729764353211,0.2639590544183541,72.53921130849714,1
145.97275170927372,5.754268523334662,0.05896873717286618,1.665195968059177,1.700280975563238,0.5533576897467324,0.2749846549156463,14.874199275555222,0.008974406796396812,202.28127275033032,11.32397541283852,559.2289345926816,25.005664690203922,0.3007529702318407,51.11632169818847,31.711596002197687,62.792163640505514,6.302144852575527,1.9463321941303164,3.1376941289397915,76.7889093377045,0.1449812010254268,0.09136520232384607,0.25680711291592156,15.873753769689058,0
98.48449527019906,4.007492797573241,-0.015795338611143194,5.544392114308513,1.9210681840313748,0.5005035851138309,0.221830930161867,14.617424813227615,0.0010036257977471907,199.6305393485438,9.117315531456004,460.6570209021936,18.6782175228729,0.31851327187540696,47.37190824147868,34.224281468680566,55.97021019232175,4.081224550964411,1.4864771078086365,3.653459710877128,80.41122084776532,0.1846751465215394,0.10945014863234243,0.2907853356804481,17.476140134231283,0
332.66217441421526,13.08842074140729,2.5869729607432905,36.09659105225411,2.515380223255678,2.62514406839568,0.20355710872318258,9.2841110029775,0.018800994708178385,184.31908239209886,11.717274939006135,628.6460441431514,20.811813703311792,0.19776187223970942,52.24230998148499,29.922817593250592,35.474987562421525,4.151497077004195,1.4035467794594116,3.56245736241571,40.89612740613043,0.9414097821770631,0.6326376768379518,0.4061803736593665,86.06880046944201,1
149.67302922541603,5.428560985661657,0.13792347633737154,2.767352337857614,1.7114153355249517,0.3521615361599458,0.19499191035526764,14.279149458303246,0.005681258519623278,226.08383831423296,10.593099667335958,556.1366141101203,13.546041997649267,0.2702599732534612,55.00398076031239,28.51385977347807,70.44626298681183,5.129627307790804,1.3711240352008254,3.6337158684587685,89.93343849129505,0.1508384506933172,0.08753869452811425,0.3010635686134955,17.620846681893607,0
331.0781172739905,17.684803874525073,1.7325853821160584,44.43298563183788,1.3869522849591012,2.9264718021993725,0.18909018097895822,9.07216011562964,0.01369553474984278,175.63841558003466,13.350962622090046,704.7891368975243,23.26208387553382,0.3694465337195372,53.12157897038124,24.781222201387823,44.78989071921142,5.364093826453634,1.921255531327361,2.083810543998345,47.91903709423379,0.7816410108916237,0.7062463838105129,0.27874352639195904,69.90508872086825,1
265.4229786318183,15.175080463686253,2.708588267398742,38.82635661027004,2.013012915217324,1.9738748637330814,0.26507371996421275,7.413239778376907,0.01413700287240678,241.3347008753189,8.061946514667092,465.2509302645008,21.979804416320626,0.2920731904257765,52.12214601624674,23.098215713171925,52.26961056795138,3.191632326589366,2.3876736088810495,1.5139463249334992,36.59938515516903,0.8162051597867144,0.6488538814215679,0.17826916931332012,60.209012315903166,1
291.24634354318994,11.054927107396438,1.5973832483635286,28.120262711898377,2.0272218919031633,3.3052216073662737,0.10780861917382667,8.41285534590335,0.013100497740242906,225.86671062233282,5.946873881049149,346.4933697863027,18.926874302773452,0.23009182102443393,41.060463002938235,22.031815796124008,62.94290562777403,2.0519572707788507,1.328752996142258,2.1468139562688306,29.71954327476749,0.7921084469122663,0.7712650660037563,0.28469520478225574,64.24616334098349,1
254.41938248983155,16.899644512800283,1.8371406521767408,49.946755937053226,2.3874350053241375,2.460693147057048,0.21870289778290472,8.020532996388763,0.01673873704848953,194.62891798652774,11.147701852557333,613.0923376650804,20.30627316759104,0.2896785229564016,46.914330093883876,30.210920712228717,58.18752248259231,9.59951054943443,2.0416672279660157,3.1772993146377324,39.35561768005195,0.8710719552016803,0.5917393078253328,0.39502759914067553,83.81302431549604,1
155.79856892223947,5.380965363245805,0.11986428603576241,8.190491976728167,2.593137741666413,0.6943131940974998,0.20144758473653113,14.795733653395011,0.009301175845141651,196.70076387347194,10.396538568755101,515.715565120213,17.234946523663893,0.3695634705214937,44.49687902298281,21.150198896871178,66.32371460784711,3.2911535750753353,0.06372666349835909,3.575044810365438,79.03921555260285,0.24922704039249582,0.11469831025161582,0.32150688780117126,15.589632957844746,0
295.8584866527532,13.832049960341834,1.7488803525269496,35.98797450286463,1.05628704705187,2.371732080975074,0.2638399361349245,9.451886490020973,0.013113671128970024,238.0338837124903,9.82031161171022,407.2872870104648,16.97100121534315,0.29606052848572767,50.89145058409643,37.934471402542584,62.211897074326224,9.399292047714775,1.616642028089989,2.3841674646449187,57.06396876327805,0.7134610544097665,0.8245292140629977,0.28744790742925186,94.44381612952682,1
134.19325012259046,2.6752304518148926,0.16248089778010094,2.8255561242292675,2.749626347419732,0.6712953197754482,0.06734032578792991,15.469739767686422,0.008095253605823777,170.17120803281037,11.249129427712145,488.0507585182349,18.64391594525715,0.3884126950576338,46.08082857059871,12.670921976665117,62.333445271839665,8.719243436973048,0.2933702011181618,3.1540646687912295,87.52548015820003,0.2217650821669003,0.10576827996436704,0.316611728618831,20.086327894315897,0
148.66763507039278,6.528238039558832,0.13005878653625455,4.852711965666085,1.7417016869780544,0.47135637486940335,0.18307256210593867,13.586196969989999,0.011723071270175455,187.4751505136718,12.008293798135245,502.5965767388741,18.632806405484228,0.31864168582024127,46.96397708309165,23.70652831440569,78.94665861701452,9.059408470415972,0.5518291377591191,2.941760894116649,86.46077022594136,0.18925638825179839,0.09064732489878398,0.2044859383761207,23.300685360875466,0
156.01325246185445,4.851407475988606,0.12175227238814498,8.515601293896403,1.6194750534599314,0.4807119819166515,0.3250712412025829,13.720454319180606,0.017931477626487467,206.66573240708402,5.907061294453113,493.970275420849,18.412361725366523,0.2565893380167968,42.684986282153886,24.745742675973435,66.13695062712793,1.5488031430300766,1.321846649115007,2.9611824979358508,89.76883378428496,0.221425010006013,0.10773727122036807,0.23737684041746232,19.81642338139131,0
124.72264865438689,5.356386610845788,0.15528084136787615,4.614246124583248,1.351584007852825,0.42690420742335533,0.20022042464800213,14.778574751200985,0.019151153060443165,197.56477928389612,8.362030101970792,380.7236875382365,20.33310282173502,0.31570278373940636,42.15067893071608,25.030225360465906,71.42700423812815,4.0604119439437465,1.7318723241079348,3.0018242107139526,73.69938959312056,0.23520534056623216,0.11126197483013214,0.2922627421977336,19.802474893677626,0
285.7284347368019,14.377961572742501,1.7956520409821184,24.363676045004162,2.394051124007144,3.194312351141117,0.1671792807419337,8.419232999933111,0.009100955228406045,174.61243513152294,6.259114958575599,516.6168419219713,17.457091957137443,0.2744800556027166,43.76608765678141,24.039736759988777,30.89418296338141,5.9733795805681105,2.9510966272515176,3.746939194001379,54.32984540712888,0.9399657620962677,0.8063655607934263,0.2836595164143551,79.66271304596579,1
140.00152669702467,4.321708582641877,0.14321661534380395,2.4661275841631616,2.6453068243253335,0.4619567898630779,0.14996151371735886,14.297801761632282,0.012285752764331276,198.9535772464431,6.7326471127251155,537.9193502761766,17.105442946242864,0.2570348870017536,47.64621233270704,18.492439889467427,70.48413290574376,1.291489560616859,2.06622800546841,2.7150679143159815,73.95264579261698,0.17215451769255696,0.07395583125679896,0.2610189460678376,14.567643878085514,0
171.95876864501267,4.35384488689394,0.0708985879697417,6.46417498989657,2.0376105951541548,0.28794066265776175,0.1613711822328777,16.447445281366463,0.012685207301235686,182.19782647509518,8.402506918553982,427.1582344754869,24.805276404346955,0.26743395717240176,49.321205513075654,24.370049939388743,50.99079100538637,6.459802821249296,3.26230417860339,2.7417622064386507,76.4181434830828,0.2761312502371146,0.12819825570578353,0.357878471191209,16.388996099862315,0
163.4733118610025,16.30846379597814,2.7850045862756456,31.524066483921327,1.6029458420393792,2.4510746214996737,0.2443563605084725,6.757418434556362,0.013900090985454434,194.08687818721933,7.7350702357429935,491.9237940561938,19.50324990493763,0.3173177014515263,51.9381217323748,28.9912877695813,58.94072667989641,10.366122744104514,1.4360194269723934,2.664472023790176,49.29010386837434,0.7249581330576347,0.5868223113429129,0.3021643388098757,88.08608793501493,1
144.95030692429071,4.165841481397924,0.07109895375550966,4.591970959838306,1.558482774667687,0.46989097867927293,0.15083979889855936,15.527008876458307,0.011017717663897425,225.43425788037743,14.05030720794041,447.7918194535693,24.193235888938183,0.2607386659261365,49.368288016616624,22.793798114776703,28.140382536323813,4.896141135561491,-0.7441490818203831,3.142634372067419,90.47292584242116,0.2128199079450683,0.10766792362650537,0.3037528912130521,19.827251339222727,0
144.64249978286892,5.363368857319509,0.07843524594869368,5.877361942677242,0.27739268125291794,0.5379092940087841,0.20251724323260697,14.604747233705568,0.011987218831086057,207.70403480672073,10.090095986227048,489.1680111523702,17.469202609582993,0.29955993774008344,47.64434201502454,28.860822386800628,67.45283554980608,4.142359110735303,2.1892818549888093,3.507311407702542,93.29125980884443,0.2173801065622171,0.09624152734648841,0.32231945255137284,30.505960853275994,0
154.23404897990773,5.668440220177934,0.15572789266691645,6.15980168536271,2.2795914032016222,0.5585864192032629,0.11691859765719415,15.228621924634734,0.01161323104359636,227.35210280338617,9.253283257555182,481.72339944553534,19.83067431076019,0.33427635155696056,40.63730375917575,24.54866816053067,47.82201549305133,3.7551255901486282,2.1693976879283667,2.291174257171103,82.54360531709905,0.3305220600723418,0.11990136508955716,0.298423795323963,15.789856655217532,0
169.06125196937228,5.73689519616663,0.042601780503872366,3.7563581322257815,2.1706449464218207,0.3188647276234832,0.21854205187962367,15.586716883640838,-0.000930515065652835,231.33151752085175,7.298924353018877,435.55483519717785,18.180421821798173,0.217058531221843,52.084439817711484,19.341999167169106,57.866325177170296,6.617852842658705,1.762886784738388,2.7831664910774063,88.89719154646902,0.17816378883953138,0.12453323156610718,0.2917654375655462,25.7096521593689,0
104.930426742769,4.69004594248103,0.07766896846874188,0.475491402220773,2.021547754047567,0.304168221032643,0.08283047615708693,13.977498317898414,0.009036588355983824,199.43835202330618,12.956668022532964,556.2192788979706,16.699293870022334,0.30385304262044754,42.40230358950228,20.893800294990832,56.74060609196879,2.943025278304831,2.400963074784452,2.736705254145553,80.92902904124719,0.22317986583184468,0.08863726497359617,0.2577594220502205,17.254452339526583,0
266.03027301453045,14.749394910393427,1.9107703301354562,30.99461004710654,2.5473423595723945,3.327150224666509,0.2085428646465019,12.571367113176695,0.013723220816150516,220.58201792514143,11.721172703985989,503.97831149800777,19.432478247782534,0.19658781167058578,39.799852179001824,24.659984303716307,65.4014149658973,0.967492104124335,1.1111521871247252,2.8899888729096515,56.698774006953805,0.7128514302539818,0.600003719896473,0.29682397476307626,60.51342379580457,1
161.7599504385708,3.804839255844958,0.12073270311441225,3.8192638944108293,2.717606648617128,0.43147958945699605,0.2068893615905259,14.537095704481256,0.006897505216672692,212.72645343041648,7.686784138712448,486.8594367183902,12.662689732078478,0.1937839310385703,56.486122516490305,22.846709498346097,53.06797815662074,5.421277558833263,-0.13897738657824865,2.477508107621053,88.81453726887696,0.13799350983262026,0.1334262454290978,0.2894579482030974,19.005079198702965,0
166.18120388393544,4.915936178847991,0.0776843559214222,6.645926991787801,2.404942427577469,0.6793434310472536,0.20221826818587452,15.12106902220728,0.015608251225999875,179.63243404579916,11.631793970399446,554.8599435354953,24.338612376956977,0.29448620507633855,47.46755255522657,25.547320104456315,75.25752168444407,6.548232612211781,2.523819969532374,2.366900783676143,79.40016760483131,0.23380514597957935,0.08177945016995361,0.2264289994309469,18.66375265102743,0
255.91728063650646,11.3916431438984,2.022263693541048,30.49177154727942,2.517385427474644,3.1788923390696424,0.3106967644101071,9.022632036077288,0.004100955021270626,189.95315213392976,7.2822763678092235,550.9713084340852,21.650760808844286,0.28218996908176763,60.366941388431954,23.993746682192647,60.62209252491366,8.254134697753708,3.750269535718026,2.515038520874915,37.47600984739682,0.4917688975168313,0.8644240677074259,0.34871011167236043,113.7386924517926,1
328.8726983573815,10.39335827454313,2.087550143385569,39.69927404062672,0.9982565193717898,1.9483285757358302,0.13161831505759486,8.974722579922675,0.00617021636399879,185.98428003039055,9.260656914335678,539.7766923960106,16.054040934407414,0.3264192633683078,51.6640664183846,20.069086199453917,52.52559128651748,4.809692018583137,1.6330728544106932,3.610664682854046,39.71114934483654,0.7449707231345916,0.8625673725555264,0.25273345165289063,91.08347683636615,1
363.21297492097716,18.724357654983372,2.96480215771349,33.030976317125095,0.9723675407774486,2.863426853771345,0.2592993674024174,7.174981079591813,0.00672403800007078,144.67039775055883,7.273302112184796,511.3657259670337,20.759150053719324,0.3882904504797536,45.61914048064095,23.89096296456607,65.45791862081732,5.1532649586339,3.3492339792161996,3.070662692106054,42.43117714302788,0.6535077873980897,0.6643734704589009,0.35353236150094774,96.59908461177808,1
329.0979218124674,15.801389525944394,1.7394385237144847,30.811289515152154,1.5377714356921017,1.8607120345385013,0.23873364096329894,8.169609682656057,0.01043212185279578,202.33525667369503,10.961781436984714,535.0409794806835,18.651410140631867,0.35169878552551326,47.08862580967548,28.21912427365668,60.22913924178262,5.317462220577127,2.9369043999896975,3.9770182335166857,45.02323001477374,0.8411910949266805,0.6608315256666721,0.3482321405737959,65.99074676001341,1
245.90921253811095,15.195870325227755,2.187529274836574,40.94865446354105,2.612358584013524,2.8807125751060143,0.141150452809637,5.9682414921999,0.009522794958780088,163.8730724604159,9.902146096528774,486.05610639316285,11.688373740232448,0.3114664292465522,52.51616398603215,23.10857404998574,56.251187261604585,4.013674588378775,3.781550550637656,3.2639543040708787,41.16656574283845,0.8817279814928962,0.6680595341823811,0.38709273509424624,53.935860378737,1
303.6306097198401,13.81481321075368,2.815713254836082,28.5326616987617,1.514421619284228,2.459959816183456,0.18302646013494295,12.164200945784652,0.010617655217616576,182.37433896319374,6.65508050118957,449.72768266759215,24.293350718817987,0.31060410241191216,48.52738197958928,11.273657447813168,49.62992691010679,4.509572301596802,1.7608068690716039,4.114646470590674,24.000267298696862,0.7119488359079142,0.5650051305445863,0.2632567828780309,99.0689845841777,1
168.92419334849805,4.346772942242514,0.12462839078299327,6.982694270756427,3.1132332241213385,0.5734514016027626,0.12648914726740484,15.945447868598627,0.0101743623538612,179.9674412928735,16.478307687474235,416.75268558310916,19.4348483228175,0.3060499877129677,63.710274113842246,30.531653637289487,58.576917049657865,6.027858977570427,1.4684602241321487,3.3767486499204273,85.39853266643796,0.17979954921698676,0.06943479502524726,0.2873388133328607,23.169657673625707,0
151.58411147664702,5.126010514196429,0.08036123437527469,3.704199553818746,1.8652742032138627,0.41133188578940144,0.23139257181083617,14.361699345144674,0.015160931654890242,193.13978885053592,6.45262221076292,487.8343206554335,15.892292652108653,0.30074357050040224,43.0164617898367,24.989834004374277,56.25113199392205,7.05702951554136,3.369678190838205,3.1710973787538754,94.57961969130928,0.16152300839513045,0.08569631635286028,0.26618674067874454,26.20084715427079,0
164.66110092869937,5.642213299045432,0.12738998836190465,3.801943806674117,0.8105547876639114,0.47951327703811486,0.2609236333575117,16.012139256252336,0.011686222685000558,194.66052345047729,10.323641447950484,487.2322432080112,22.466894317189123,0.3517033903902712,40.390925670254425,20.20421804299628,55.11953432758613,5.5065016026764475,2.4988591296858105,2.961411433542835,86.64522645732667,0.19461949520681476,0.10999726125727692,0.16707195591082574,16.454431479544144,0
347.0545981146761,14.906780630659622,2.541446339691025,37.71131493497185,1.5636664845161605,2.433945812017884,0.23090565032594781,5.668526547682,0.019375176337933616,206.37327162587488,7.066179531199149,512.7380565832314,23.21765675675532,0.29951972055842213,57.040718937243994,24.008228446829644,60.30954251612506,0.46552164707706056,3.4315649463336286,4.067562926566572,38.298525399690284,0.7689337543811143,0.6121363622755762,0.32139682081725796,85.92752716211811,1
132.6420389726418,5.117308600165078,0.16594401976245143,3.566803740535696,2.0568311576916014,0.635940627358926,0.15961473283115882,14.144803177219252,0.0047811252324721784,208.15110582867106,14.204711501966417,416.29646666177445,16.966011295852784,0.2912296580684762,40.74411983918966,26.571913848310853,50.80216697374395,4.056878310866819,2.5541251752107814,2.303972540365321,75.7022931638258,0.18894136467065528,0.10709033441903801,0.2892894132050566,23.1823517369948,0
387.88532357478493,14.421766889933862,1.0626959820669541,33.67435843569474,2.116713639406065,3.4889826636253245,0.21602922585994314,12.850171275145163,0.02095628093051275,203.23057788267093,11.17599575450249,525.9525952846187,15.588819147316142,0.24110081274973374,47.82690262085567,24.113923355584657,75.98872024205032,5.0133855294657526,2.085056932381028,1.3193346386207307,55.35292685842212,0.701512052814096,0.592655951934201,0.3269025232835485,65.13477420564716,1
143.57708714547493,3.4679691014261156,0.14886400217047085,3.446390386763605,1.9709923215511675,0.4485985384396173,0.24199045968660304,14.312848543134521,0.00532967007538034,184.33306097813136,11.693076740580633,477.6111754690153,17.917073328502692,0.33343489367161117,46.90011741360931,28.869338475768863,64.50075712615445,4.913733130361714,1.8862451230502766,2.54318523852597,81.80094163076949,0.21748272849568,0.07127205995603075,0.30413715899252675,33.42339241937236,0
166.75540846203157,5.625913443454937,0.08103981206694147,6.12794201511079,2.3368052392797294,0.49575191572515614,0.17660347802997364,16.145201255545633,0.007931063298809526,199.79338610278143,11.333494092148413,506.7125314733707,16.622718106080512,0.2068474351999026,49.71530631969957,33.12466677938727,71.46744355065934,4.226894920522665,1.580061068300721,2.7407413173549147,92.90163536619028,0.22114285944140138,0.13603868536922256,0.27677947737878694,19.239796310602642,0
293.8025664451451,9.198800163274939,1.9875116835676911,46.602617771456735,1.9778871368331583,3.5503272064799596,0.1752564911165089,13.930625848969779,0.00839253896072982,217.25163302401393,8.325016560886107,567.6600630807324,12.074729556917632,0.3414529172767269,43.55270732823624,28.948774252314323,39.56872780139143,6.592673729620785,0.553580369596448,1.6945860470080378,45.01615507505344,0.9199212236953026,0.7446820060576786,0.22341606611260484,95.17330114724142,1
338.89699644304926,12.777816283772134,2.6952612696680665,14.422607547936312,2.7312626469331676,2.27924101131083,0.17688486200494438,10.528436622419095,0.008946229593908884,241.82634139420787,9.374128238685287,575.6168504525449,16.87922505075028,0.2667250904329717,50.52711362575448,21.425195412490705,49.872053024796614,1.3579349287157803,1.503757827481664,3.0767205294333473,50.657553824741434,0.8674457069689329,0.6297005678826385,0.26241235277271974,86.31806918557017,1
130.22152312479145,5.570913895379233,0.11626647020711703,6.603982511274319,2.4278944687751927,0.5923532639892021,0.14501621195771688,17.544646906597265,0.015964542542118806,179.77380398145476,6.626272629520193,585.0640304258217,17.563779133705363,0.3074133141331731,48.555797910265746,34.63767820999914,62.27202511208434,1.9726300044214562,0.6175676480212826,2.948318849917496,87.33745846897581,0.1674943087242989,0.10941103873481561,0.3450837223300946,23.37099047218735,0
135.896048541447,4.703207370688072,0.11559848581249393,1.4294497817234681,1.9471064916901468,0.542955118467181,0.2745452818906466,15.10391670200439,0.008163207627428863,188.27415593868125,7.880377301032395,598.2336064564947,20.169229076742074,0.38164395541271495,51.26907748428316,15.61310517429155,47.675874963581734,6.329933798636129,0.5080454651991386,3.7807298974116614,82.69189548221668,0.12628690503266513,0.07385451196091473,0.2123765885512329,22.508995136930796,0
170.67447598112523,6.538880303284298,0.08277173192229925,3.5476882582248224,0.6907650757002051,0.5772167758424442,0.23906558106210685,14.421328622265605,0.009969787896923578,170.7015957064475,9.277601343819851,480.2140476316343,22.02829325689707,0.22928746531610794,47.11363128468264,31.334650646976836,44.32965719146702,5.797731027908383,2.010502276052467,3.2049847283779367,84.0904722817685,0.2405653438969314,0.10961710402099499,0.28479775790296097,19.05323934439234,0
266.9380288446433,13.76743189546923,2.2205285275952056,36.74121274251957,2.3849143868099363,2.6427035498321003,0.1889375559444909,6.010297125260166,0.006434220160914847,217.04727181720432,10.08431707114805,558.1271410040455,24.170709948445506,0.39512038178519626,53.81318684495449,27.399623144442035,46.22299166894439,4.845642413493188,3.6470682981127136,2.2482049565484874,39.68936131975595,0.7571588103531606,0.6255947296610112,0.29199821571257,76.57236099818265,1
259.49983823805906,17.584078646058696,2.9904931579215863,31.371020335343637,1.6402661399332996,2.1613986782595322,0.17888341912596128,9.390171844503124,0.009192638043896625,217.56641985017058,9.527490563967927,459.6787341903402,12.307624920283018,0.3221285515318733,37.924698050166924,31.66514211711848,68.25365217332829,9.336572681505748,2.928815271414609,2.960300405209799,46.520692933403346,0.5743076599727474,0.6739634405309964,0.2841077317732673,72.38451434790912,1
400.4357050867386,13.453545509168675,2.388955720981331,34.80147947517995,2.435347908004332,1.9371503754144674,0.14303092415014285,9.20310095908837,0.011587280954973389,222.64832584656048,13.348478353158814,560.7587679603636,23.64269092975794,0.3069530386471761,50.005885577789954,31.074184092742914,87.74521087873367,4.714985419650372,2.865899201426348,2.228340560219942,49.600066902616824,0.8130301906262437,0.8352680942676152,0.30187948630530254,84.17873989514722,1
113.90630994188467,3.945360789983857,0.0960437783841579,7.470927235470286,2.6744127298832083,0.6002593077141771,0.26493645684822253,15.409951305081805,0.0037184603404509155,197.529768081252,12.116659537900055,530.3736715548785,23.1822191214646,0.2578338781071298,55.88400579013402,21.750027561135223,56.45990211168488,3.85235895619715,1.7499067224955445,3.5451603230734245,88.18292631200839,0.1680492979320722,0.0917766947830069,0.3501825820610113,21.21608980357703,0
280.53723456350565,10.456086407768197,2.413831121907893,35.72596388677705,3.696880475560828,2.974865679091525,0.21997625013681077,13.484955050220169,0.012769046734717777,200.83917185038163,11.201005091062083,513.4605063389263,18.70863292166767,0.19288742102631573,61.11488580144674,19.643160426557657,81.42873681424643,0.5436947791063111,5.491942919388428,2.794129630645906,31.8656596562077,0.8480482898706743,0.719197382264328,0.3757820714244254,56.474057578236625,1
160.75569146160598,5.671868359642869,0.17853853035277575,6.327710915677587,1.6561774015607054,0.518841817471433,0.2130375347382001,15.204425016369058,0.0032674143529334344,218.0010250255359,8.46870899020594,498.1442510960893,23.951019747914547,0.36051522234304895,52.752034948044134,28.36876363064647,70.20581666914306,3.361168348403197,1.8430745725530253,2.6739509274587547,95.78851047013006,0.19063779270052933,0.06158049873829554,0.35001664823534173,14.216234946431266,0
354.19296009174326,16.07759162909187,1.5245117544501285,39.65591747825647,2.245820262208263,3.4357417408199935,0.05292112035768709,10.075410699889748,0.0027153023986308095,204.8369659018268,8.469790552639978,597.8124562863796,20.14521306280619,0.2946198239460066,52.545265213330936,26.453459188840853,62.77774447618735,2.6492757062430226,2.5851807754346825,3.3289582777180216,51.77639412339497,0.9188664450995574,0.6049681583307046,0.1732530696668914,83.81307622236885,1
292.7726905945644,12.637298001258099,2.220319309062868,41.10687684996292,1.9041840012793936,2.459176290939175,0.234720178174776,6.940463573626324,0.0007000833338637293,185.67530257217624,12.113851485928604,585.3373654946118,16.9767089119292,0.1875783025894044,53.869757670584114,28.007175272518293,78.31601973136006,8.572970154614932,1.4958123789479862,2.3832400024248894,30.103623717052546,0.7562738188086109,0.6414002649903153,0.27518279431466436,93.60479647181818,1
142.41185562432804,3.8196244849403156,0.017042689748439567,4.84515692766555,1.3582263342636332,0.5929195823329514,0.2430707073895571,15.92173417333004,0.010115596502773265,210.75007800698558,8.820023836517924,466.02623276061973,19.507996507303417,0.30608640607051946,43.01151722002955,33.57727647537364,55.34987754350087,3.6826895212801087,1.1937229947253565,3.1943798320169665,84.10489842760079,0.14160812964470945,0.10120949983561925,0.33250704245410045,20.664797120412707,0
137.87722518282575,4.5875261327962145,0.1739379338205843,6.197051594124888,1.7345562522055715,0.6637007633425394,0.17445811780029352,16.177304469475416,0.014375142234342952,188.13696698157682,9.04409619379929,503.58661392402746,20.500881046940577,0.2259914619647534,48.604780637501484,18.74200715490436,60.11592143552376,4.712979269998233,2.3822939325587202,3.412348765362343,85.39745840553681,0.14709815449240074,0.0813922576326214,0.2718423173444028,18.782511628042705,0
157.24737731053165,5.4891406530525675,0.08299510236762214,5.2029609684122216,1.9713822896043507,0.360627715335059,0.2848396946229357,15.73824463538434,0.006057930872108132,202.2884490725303,9.126336298142355,424.252470924205,17.668199589576282,0.3009781037407505,50.13404483946883,23.928638309257426,69.05279964502289,5.5471987049396665,1.877502433878896,2.480668002225146,77.43798354727662,0.22295452425847506,0.1262443275016813,0.26193048220356313,19.514519296254246,0
334.86086159495215,16.85780332286238,1.4979226513541648,34.34604610629669,2.2880744972294815,3.083230714575084,0.21578796826999472,8.186301937386308,0.012936017393583986,215.8141999693854,6.664215643122796,512.419514021965,18.008167914034615,0.21662558336113968,50.044215455217696,26.564765070119478,47.467279042722126,6.84856170509378,2.5784376214805214,2.807884132028472,40.888714661216646,0.7268229908404883,0.7025925978777229,0.21311732662365132,102.13432734227148,1
154.58854872287398,5.226431889440964,0.1125067391355488,6.995594197135217,1.6254357303743912,0.4905655363596124,0.2799774981402011,15.393212001931982,0.009469609271750293,199.64967896363606,12.000173769585073,469.5361645254778,18.05116592035711,0.2624930639975279,51.19578883931105,21.645067276937525,39.841897565940414,3.3139887783532,2.6494176310834714,3.1543884885099165,85.37093558489836,0.23853629453674627,0.07184443129148572,0.31344761825217743,29.361380499230485,0
186.43737187656956,5.083045148050532,0.11073924557700984,2.09437231751471,1.863410113491961,0.47073576509621307,0.1907603954808619,13.909118447112743,0.011056199454568578,191.59894581855022,10.331258231907595,605.4360271237587,23.22920784912407,0.37257957005145087,46.123930712276355,30.015950652631652,59.48956847838462,4.904781552912098,2.547956358131007,3.0363328172079975,90.17527019735195,0.21991117447523229,0.09928863133454346,0.3991135604644811,18.744647419209716,0
156.98224570470907,5.35679382555238,0.056973907012168264,2.931680033248596,2.244667136149315,0.5884836122756008,0.17888755316733473,14.116138779650452,0.01102047040819337,216.0487485330219,7.94502595060169,565.081499702831,25.39796069196226,0.3195779289708887,48.5722031374704,21.408326837537683,67.74549674444714,3.8720310741911192,1.0790832786642879,3.2354275678367443,79.70294120436671,0.2671237594028113,0.09541678274578892,0.27728850226192653,28.968455549663727,0
144.76527854645107,6.768500893703475,0.06649739443792495,5.496796159299741,2.1869810457297914,0.4414276014171957,0.23405059187327856,15.011390757391284,0.007662665085738667,197.51377628970138,9.724777931241615,451.2989861311541,23.74491151515072,0.2338376175064302,54.746213207548834,30.42522436842968,61.661170219232204,6.759998315660583,0.7736815855921473,3.4730753720480423,92.34327902555407,0.05824663072932166,0.13253854004516635,0.2756008254910041,26.126188404794032,0
361.1120484210892,14.924105941861866,2.677260979109121,35.563223564783726,1.79134210572674,1.705921918044553,0.1450683302455644,6.2573568026351705,0.010778441412439074,167.84401827481867,5.912337893408783,587.8375557182269,11.991945998796115,0.30645167332518536,45.32169987083062,32.09532398069608,62.774149290215355,5.9638763715952265,3.4353490245559004,2.583061481056493,41.0675231171774,0.7832260314422516,0.76754951635912,0.25281565973871184,83.47407269906724,1
312.9740802306943,12.197370922477608,1.8764188976030036,33.531814459422776,2.0901136689129536,2.9593199934082004,0.1492472268584516,13.052447011878991,0.0009386414430364068,204.12119918606592,9.425886337794937,486.748341865078,16.36768642264472,0.31366964620207327,44.93069466013179,16.25993476233503,58.348498663903925,8.221877844583995,2.3924884889440254,2.799639107846627,35.629504088268604,0.6922008620367812,0.6555859485749947,0.267557295199753,80.89039291954819,1
300.4141332462578,14.606851851870394,1.8358247789135231,32.394640227401254,1.9110335660351838,1.844322758690391,0.15467476048515777,10.943164119297853,0.006107120822353007,271.91048499633257,11.303433096885513,439.65855436389955,23.30418948079148,0.3157433830919892,42.5967733869746,23.224772538054395,32.05880722243812,6.970955839094346,3.010676872576563,2.926194888459106,50.29997167769993,0.7410446589635807,0.6301293229611072,0.3555135650222886,68.12662529377212,1
125.06248778159348,4.74869290905248,0.03256090031431143,3.996467980120336,1.756741460939049,0.4755429158402722,0.13820624902509832,13.78794411635149,0.007010518499610653,226.82111155732463,7.736859154306613,500.4985935062092,18.48546773424295,0.33044757604833086,44.359729776579556,25.365169333749144,53.89904879785805,6.5648469266393406,-0.09906788559632229,3.8858241692359674,85.07824954238423,0.1867363312508417,0.07642948965805507,0.31014821644448753,21.10397089698694,0
356.7428945024532,20.789641934129392,2.0054976300011997,38.98456877309628,2.2779506547785444,1.6053065713526973,0.2860110072836597,11.295843140797114,0.018631848976471712,190.76591348584154,10.494209712034566,575.2327027785474,17.71897710351974,0.3615550701065334,47.13518777328673,34.65536108247338,68.93264409015865,2.9857213139562506,1.992143448376496,3.0244997623339023,28.25659453064968,0.7426435964324115,0.8336898848057746,0.22645191735403072,97.61400813055266,1
161.48264155192322,5.7473246883818945,0.1941255871520204,3.7519144581725272,1.7449878540512933,0.5598781114057322,0.30320975361037084,15.3073945979039,0.012510431192377843,217.20509876281804,13.095604787562555,431.6627832499894,20.723570035570138,0.22323999127897978,49.524884880623446,23.085205586364754,44.59746065940579,2.4648089634288204,4.03582955399828,3.3317728978239223,78.77347811758702,0.3322334298590766,0.09898652955280933,0.27023975849814014,19.946973519478718,0
228.19672356270132,13.219975332274982,1.3541348951620895,46.436739235080104,1.5570168094258392,1.693183307976078,0.2618579941696128,10.349540753774908,0.00284991239358534,248.9748529438637,8.526431043851359,435.94354534619697,19.97709384927391,0.3123821089701127,47.3522603520518,26.652800619039382,49.40033767900954,8.493060957320104,1.264792319392751,2.288524430751959,26.58180260141102,0.9489930361611718,0.7899286260931583,0.3354854107215608,79.83339329394414,1
363.37968566145105,12.678125610031667,1.1049078164390282,54.62659403172473,2.0866186349421056,2.4740669664069355,0.20239619162186526,13.599074390953252,0.007195982833368048,253.15399820049393,7.270473006618421,500.80185849291627,16.774123505177247,0.21106511980253914,45.02182027646711,30.661917884249686,53.75222124964313,5.715546365837155,0.7086295291221357,3.67075673104724,30.983853312141537,0.8351169240976106,0.8066655984658131,0.18925781150199136,59.46052075441152,1
166.41463119699745,3.9645592145931596,0.1376988337314454,3.861968328839601,1.6700438065467118,0.45809605845234425,0.24048205926184052,14.858899192968044,0.012315139949523142,196.72840839650502,14.52933154259914,507.86895526786896,18.660498523594057,0.34444645492563863,42.15660875781041,31.603066206952313,69.21006874792691,4.059821075133252,3.509761545156912,2.96177696503419,83.7290627442993,0.15157778975769468,0.10824471363947909,0.3649134209981909,18.47203960416729,0
339.767614325213,18.433733395624316,0.8470261721658319,28.533811287410906,0.636906203419469,1.972703241644647,0.21465697268858613,9.385821852019507,0.005621600268621396,230.3607058635571,8.097448971913666,442.8801725806182,19.191917174290676,0.24247718309988694,61.861918719969495,34.64657230162255,55.556553982155,9.186514603941802,1.372815493579301,3.8860070715215507,49.9832615809236,0.7354647389813611,0.9290678227475546,0.30258249394722464,84.15464282114999,1
232.40289370324172,17.397741485212723,1.5312218264046065,38.12947933741025,0.9829454669639874,2.990906223762835,0.12782818637716878,13.040174742086698,0.007810708255794579,203.95821244654152,10.484936775758795,565.7574886673932,18.333231134179844,0.24824073257936222,45.60598965627749,14.541734801913874,46.665713536950015,7.047209304210635,2.805756582656346,3.5101605620032497,52.01588457040035,0.726743401913148,0.7760549059628817,0.3055599575724677,88.60300453404525,1
303.85519064146274,17.507143345318386,2.1969402688006983,36.79323224080098,2.331334358994234,3.320784750829689,0.25592717881101346,5.6926977258949965,0.011182288065503867,205.0632945724111,9.493093633709991,556.2726863623841,17.921280716621087,0.3645085438556783,48.202150420766245,27.47011474055361,60.28404131080572,7.50292793197672,3.1852071910101283,3.1387584400250503,16.83795588983498,0.6889529874388807,0.6404927801415254,0.37700325441494204,70.52925662537754,1
347.314984203026,20.94963486049555,2.4574977994636344,37.87920847780305,0.26930820237528913,2.4356496561361554,0.09302522513441468,8.163237484118682,0.017362437359296816,212.39347517181398,7.540035294051789,529.7779156058594,26.048241138486254,0.4153351010867636,49.852026318124835,24.64904045961292,82.10260209422714,5.099574710932346,1.7759713400952575,3.5493657766771056,23.70053870159061,0.762895044439823,0.67295816937106,0.38716066875229793,77.65043911849817,1
158.6700985915934,5.030954067184288,0.0869206442383577,2.3088554759539344,1.9556528775219415,0.6119906111047699,0.15105633101440624,13.8728684108692,0.005448605666912277,239.94457862070539,12.019091035425275,468.9465451839238,20.37588212124876,0.39073303525946923,50.944230134171114,27.588891109695275,62.35037277996759,4.703141629092755,1.938219931173663,3.336200181508011,85.70748732700902,0.17537456627254777,0.06909411960965652,0.26943154884135134,19.399736916358417,0
177.67194561206864,5.234131969383081,0.046570304438017976,5.5774004203900205,1.7236713956026175,0.4983708366691146,0.2068850959103585,14.086412292526859,0.006859020363471539,192.20029918857014,9.968664874605551,433.82188290397556,15.56320978096555,0.31586281633199137,47.908500221260276,23.289003682680853,66.20379034964255,7.380390456810863,1.3024969107233217,2.3621813791548902,90.68923345621825,0.19609437625102835,0.1006205832019557,0.30988643508641145,19.545045447006906,0
143.89608562086892,4.630613471181411,0.06398760686142194,5.789377836131698,2.0362923618581372,0.7270174143328444,0.18844996335938036,14.433414296037324,0.012607449083115478,187.4591294017041,10.635584353650438,487.79686837570443,18.860693571329286,0.30155537585579595,42.37039079006768,21.725956372997683,71.28070359107063,2.1284854761492396,1.7202489927465865,3.2104270410530984,85.8059313742665,0.15705817194889152,0.08010512804545446,0.3887703411470513,12.12496698691491,0
400.88342813214194,14.194614962459992,1.7250292783420795,44.594293657328976,1.7076498971109817,3.561054505070142,0.27480973587683816,11.766512336302323,0.02132658101885986,216.34650427401087,11.437897619312391,519.2773789505904,16.812941557045757,0.23890908835026012,50.628343845343785,30.905243307061596,67.14514601722101,9.653754615464413,2.002962603649487,2.9688073124396097,37.5952245464813,0.8372887587393624,0.5624448770667384,0.16460395577022363,86.80316991933917,1
142.86397353435032,5.578002594815237,0.10397932507061251,5.885401920969532,1.709012630162199,0.3856319420515146,0.2728329659447914,13.781049818795724,0.011421518908982346,192.77113614540417,11.016473858355308,455.1266618371501,21.01272955292736,0.25387196697570674,48.418340401183386,22.692439085870614,57.01471256714345,2.810241155866455,2.4939785255790223,2.5490424859850394,82.52476092450168,0.2170507113540153,0.09440160848017753,0.32109514398774247,23.081562948709276,0
358.9886878413371,16.086222026650915,2.136650298529569,43.79470275900897,2.3490164017401858,2.474102676166464,0.20857850026328387,8.234008160274364,0.010160266475563794,206.41470282003925,11.485017964313883,510.4805417604937,23.83252628566984,0.3864397040014762,54.69720097528336,29.930747864506955,55.284528967122355,6.504088619110297,3.696677696622181,2.5773529791597865,52.55169269184663,0.7384160853257223,0.8062234435800649,0.35727201888180893,88.92679088085734,1
179.05346968660723,5.045947526953356,0.23003107947301113,8.15118537909984,1.733981307972944,0.5259463908104618,0.28109323995746976,15.468290210365394,0.008847787235706782,194.57228223550177,10.176953358031593,538.0999960073922,20.34787495745699,0.3104001633820505,52.74626105590312,23.34979816331899,61.46571634829917,7.001868973789371,2.5906683473545744,3.6786937793486416,85.65565658029259,0.21309701372560255,0.10505711879300186,0.40499064188651657,18.337071981313642,0
152.41215662499678,4.924550542200559,0.1619763521247736,6.521539343591964,2.7030383061223584,0.5080576089452585,0.1389093673616161,14.049323673049697,0.008871221274401687,210.5678796843024,9.625088894213686,535.3309350794226,21.07950277644998,0.3214636538191017,50.01137388007275,29.232232633323683,57.160649805940196,8.067647755687139,2.2089325059986735,3.5733765325572446,89.28744867661572,0.2634640880307689,0.11676725618303185,0.3101440780467662,13.32931322034446,0
121.22091282153313,3.58634122339632,0.2588527426511791,5.474846422363072,2.2202777125950064,0.5791040131700312,0.2791487074596974,15.921604237663885,0.009641224135706344,187.30798287560611,8.023039475427183,384.92602766067165,20.012231841222565,0.2654448544067255,51.51337642252575,24.489788928662644,57.92058259155102,2.2661356904781513,2.5179893797049635,3.0537857414481016,79.98768845105567,0.07598106563276284,0.07368623908474237,0.2913356339373686,14.873025370047012,0
117.57994566706623,6.2178406452356025,0.10602170462418786,6.7079702453081795,1.9194894200057475,0.4002535256171621,0.13178947313391395,15.53449509810179,0.009049163584953083,200.77003866277377,12.29977561587539,558.2265602546224,16.05390427512398,0.4096749352824525,47.168440752209456,26.873820983028825,62.58474910314757,7.504566438244579,1.9795413600321037,3.5422637470171505,83.38488562303384,0.1523211162391568,0.09401396973528436,0.3176527555113642,19.221638571052157,0
257.49293676984166,18.4615361131891,2.2058483681907326,44.4491352963917,1.3402081413181144,2.644564514282575,0.2866348392244448,7.5685641817107285,0.009268775354119373,212.7211553981401,7.503291217536314,534.9741666290845,21.07041324399005,0.3083495126616677,47.954546284451844,22.460758028635134,50.08488544517938,8.927919446355423,0.632621934775417,1.3416912792361877,27.454390021567416,0.7738097629762218,0.48902899719299425,0.31674272560915345,103.80774571424261,1
389.0428390778429,23.01946517484895,1.717086464952088,38.622979287529866,2.0693470911400986,1.7438080677659082,0.18735661278111293,11.727718256378928,0.00727100545192417,202.81846126795202,9.979955475569826,533.6828077814799,17.986418506467633,0.3155786178190461,49.06482855914491,22.88928951730535,61.20829589031001,4.523206534165531,0.6922600910284497,2.541946276612452,54.384084738572284,0.9003734788294424,0.7952576392343558,0.26049079444376444,117.77321837789775,1
146.24927499436944,5.618507390195414,0.05105828634681823,4.694068947584689,1.692029883627772,0.3794680510420226,0.14379877267928745,14.345991997056508,-0.00010966038412023816,229.35320309442665,9.571033979314508,483.90843712240303,21.90889506818641,0.3791652914704222,53.85190961964645,23.40089853047829,55.66909787923672,1.401893483726636,2.8516113001069323,2.6685212458635648,83.29017741868479,0.16364883520511045,0.10966192993368429,0.29719703741642234,18.56302545564846,0
138.73966477451071,4.71709107094272,0.08205308351315575,7.646247875413204,1.837562893468294,0.7140013756006148,0.1933624200208424,15.096724352225088,0.005668876355661478,227.03826237867042,11.956133638311412,549.2947416465049,23.893901684855287,0.3152838587241767,47.12944483359906,23.276368038823904,61.086647385292686,4.550144886152389,3.5117987961852837,2.9736365754533294,76.03152328694436,0.025245652132566156,0.07914617884267881,0.28100159404667735,29.486043589089505,0
289.0771970742955,15.54210503739243,1.6861619650661157,40.59251726009014,3.834010733010446,2.185109925868686,0.2713675523636453,10.51017914277149,0.005243906975343481,230.136187501898,10.138424265756521,532.0054800478192,22.417222826922643,0.27055903578434,55.681267961859014,21.409179679485,59.98784494888972,5.936798185614954,0.885753350137026,3.4158204485890518,35.5752558151705,0.7901786398043799,0.6921851611891995,0.25531957399610977,64.61773056808892,1
252.4927616236078,13.686314528216196,2.7122825886260085,24.004654813981272,3.091719536558324,2.2929664007232504,0.24204107728468824,9.034727640195348,0.0006659933660952193,179.2805474560016,10.431743665298011,490.95295132473245,17.03217237757728,0.3254768734134062,39.79067346846363,24.068548614651295,55.14464452384471,2.273904124402423,1.2390576564028515,4.025038053036981,32.82964068218595,0.7406577533565618,0.6537691049900051,0.2720403316432508,89.12135410283518,1
242.80069258884183,9.0678015589858,1.5096411896723658,29.755035277419175,2.102867502381843,2.3524840266413114,0.16873698368271262,9.106562319701258,0.01422478768152836,157.98614958340937,9.448806943147176,422.18338262518375,18.869249189876154,0.3162584721515043,53.154055980755075,26.640608480754956,33.349449753810795,0.571959979037015,1.449189605302312,3.3637276243938397,42.44191423500103,0.7425184003485233,0.7660698558496128,0.33673776571166225,95.46870647623254,1
144.1738047020758,4.472503286684527,0.028847884220113352,8.365203741662047,1.6551624914310068,0.458300424863681,0.0504362945024005,15.803640990896293,0.007965559527590793,190.52838636916283,7.966097534062305,529.3479346026224,19.234384468536717,0.2631094949629995,49.43875646708301,24.68791405329828,68.44804792626655,7.60212364378178,2.2863198210785893,3.115423876769512,86.65949001366039,0.12352728261036483,0.1432801585516364,0.28953435896757634,28.47062104155876,0
288.6923798721523,17.69532829045844,1.3097916348619574,43.21862006298253,1.6686381845177773,1.7353415376932992,0.18124037215492667,15.212266386784815,0.014266896306545542,200.77944396671705,9.671917402211513,516.7103042288629,18.99274673151616,0.3612344342084908,61.397500189275036,28.550781086861416,66.64963023476383,0.9736161996114344,1.1762953954530635,2.507642998633738,39.73030436394655,0.9222103336297265,0.9502298383933204,0.28497935167528377,74.37567809196382,1
148.04898425849373,3.3460411284917866,0.052099059669999184,5.779854505015277,1.6201353927699529,0.44556114229640437,0.20557789657955172,15.57171736566736,0.008758556976388932,180.66005077972054,11.70040704438189,494.00886127884615,17.54342716330858,0.33336952734848924,48.26522879958385,17.96994644725294,68.31190838555207,1.4189252784208555,2.9995035312056473,3.041534934571784,83.28807334477384,0.21602947261202404,0.06647691638542866,0.317745505214445,21.834802016296866,0
160.39897621347973,4.757148239378841,0.044263591188752865,5.635985393908053,2.206235990479,0.5095930619916328,0.2562963020129782,15.69050417273848,0.014974121530061724,216.8672286157886,15.232605058060741,589.0977062424965,17.67167470999907,0.3313574551285977,56.47460625275723,21.8313125804842,48.51902967218441,4.967213925184717,1.7037724470599676,3.0528287240539846,71.17792675354949,0.21103264176011363,0.11980529390418511,0.3674710005573503,13.055549360243768,0
268.5704464205645,11.102214949220546,1.3705421028431077,18.12979795887892,2.8033346627047773,2.8418092016755296,0.27652345038863363,13.28217417741617,0.01279129695039696,176.46822249717115,11.27804197878811,470.26016787641595,17.177633957501435,0.3456320350103727,66.21989715796511,28.30135429965183,63.21715633500842,3.47381157578479,1.444627659709263,3.207490092762235,30.88742833350874,0.8609090693260533,0.7478801889261284,0.2180428678407189,80.71341454940095,1
144.9043854247863,4.099728249548134,0.14900860925452158,4.781186582653065,2.1389976709570337,0.5387200726081715,0.20606267537802211,14.181517010925415,0.0026869330771090794,209.18755558934697,12.579585262049742,615.6008497968511,21.764920893627103,0.32137311201761104,44.344679172955615,23.97561135056126,51.435845091838125,7.293695161491179,1.8957189981846547,2.9611813242928053,81.98255801335729,0.257198162811454,0.1166325343194234,0.1905542771398165,22.526938462711037,0
159.13343936374292,3.875424538700325,0.13323892714774496,1.3824363620430193,1.3258051583055837,0.3704189970248618,0.20207132491775812,14.677237013442664,0.015902081860477382,212.00619179580588,7.876815168009655,419.6492872389641,21.920509208474023,0.2614470176043778,48.334455857960755,32.52857675658411,62.42136238651054,4.141928619166255,2.7983520941606175,2.192713548942162,80.980754591692,0.30956612047924065,0.13277242192869926,0.31868457189617394,14.477746347391614,0
152.00606590168354,5.946669551901586,0.1130475610296095,5.975309483404583,0.885518001465667,0.5621613315905217,0.2613750356343743,14.596163054681426,0.011720163149974202,229.86707654575645,7.151759213635782,426.6517519651057,21.961896923419648,0.38504579427662095,48.19905331291423,14.339300604548344,60.477196844493875,3.6921158782868853,1.3392144002456683,2.8822915554710957,89.43600351296082,0.15385951095164427,0.08941857167643483,0.2673225631094687,22.038278526084515,0
214.78461136866866,17.39476403165669,2.7290195268092203,31.774239371101004,2.244664068615609,2.480538403212921,0.30594661472557927,9.354405828853217,0.0016979634183224826,213.29254945132828,13.101659912123317,536.0239723681433,23.28527947968072,0.1467477732649856,44.67926480340183,20.50745185329251,69.38373829256716,7.5624831442744815,0.8159137632416582,2.2965584988823857,43.69877526453043,0.7199125349238755,0.5571294349379785,0.32710867003233296,89.82146818938652,1
336.8575717423207,10.928526807160177,2.078909467979224,32.302076881623954,1.427548516220599,2.111415024482448,0.1247333751529899,10.944337535549442,0.0009821467724929055,194.46721698674324,6.247584172767615,463.66448598520157,18.495184770534056,0.2929369461056158,60.91358690974889,31.11463114767378,58.43472130930048,3.7570387088044512,0.6607308802042604,2.6636088392871455,29.88161918288762,0.8394206039414382,0.709632739889258,0.28183497990195816,85.74703532939758,1
164.82073467339788,5.691764121976376,0.060438345109600944,5.558243979887559,2.7602071284793577,0.3280449982242708,0.258310555256805,14.975366519924206,0.008844596677965964,201.35305891810668,8.388273480526934,530.0660481792121,16.972344923306153,0.260990988722429,51.64182730733323,29.850701760620215,47.183361074165376,4.324511413172851,1.0225930127190561,3.4010409313790047,88.54392759262076,0.16460609512756874,0.10373631156162583,0.3428953855143276,23.953775485403472,0
173.01582912887534,4.358911377320106,0.10819888641845458,2.131293205934139,1.5826952240397731,0.4675739868235866,0.17814210139259246,14.590841521284808,0.007525246277594196,155.85719072199566,7.555549271762933,419.66498662695756,23.823831881603734,0.3765720425754041,40.40184583067845,28.442035268972695,69.05911872706493,3.8428127895726036,1.960259536280897,2.5381378433935193,94.31073877787163,0.22443680336513722,0.13145226423595244,0.3677763356434377,19.434331830007565,0
144.96446586346448,4.06645566330522,0.019941137693895994,4.59189546431643,2.3985766562867084,0.33067332768529545,0.23471799838595825,14.984855203908563,0.010528489501243004,204.12310235612708,9.298537551854526,517.5156371659137,21.562045234999196,0.22623841959715535,54.20537346362027,26.607626519857888,53.69963420390679,6.202156552844893,1.6397052629460669,3.3131207961022984,86.02866231984632,0.18954813074341414,0.07668529855483618,0.29541505098824655,23.88151601340549,0
181.8809698404379,6.060849524613465,0.06943847859248654,2.948464868529381,1.842489739161135,0.3221196212868313,0.23781214362916678,15.607969222578031,0.011472301625560916,186.2422099581444,10.748866120395991,521.9350541861578,19.02179123297995,0.29636756342909715,54.69769760147314,31.714201011816296,57.845187502134486,4.347864591664264,1.2751087383428201,3.0597349065122064,79.56428852668448,0.16279487267936804,0.10212072680056081,0.3079946213342526,25.792854237658954,0
197.20346712166773,5.184702428214034,0.18945419484684223,5.182496332891377,1.5747967011875643,0.5759249975163372,0.19302777609279256,15.639200732228975,0.011880669990890639,218.32687531384408,12.313760479845852,464.2713961701358,18.249560185967134,0.3280833602603948,55.92242143820542,15.740268692081433,61.61186038335338,3.590455650555767,3.0581995178485197,2.1463482404716916,85.39616997684547,0.21014817891118254,0.1058950022763167,0.24543192695852223,18.686262588638204,0
269.90732239059446,13.38185720789743,1.7501645022247176,24.022719124999476,1.9267428267990858,3.1831057516421932,0.2610581194711073,12.651175830286157,0.010347219357355584,177.39266475304623,7.829437883512753,488.84947478354934,17.56205674135434,0.2291768606484189,50.0357781675173,22.235403203256134,73.74569997509833,3.5930059468159348,2.3828090403408027,3.889751869513468,45.91830985774278,0.7579320792632193,0.7004009291948778,0.22766186240090744,96.18047480061198,1
105.88236928024816,4.17540875087753,0.14135088700734516,4.9771338350390115,1.9348011450717997,0.4946609805602436,0.12052781383120394,16.11215880641352,0.006505072025438475,225.06570771725106,8.457176316208734,413.9298058840587,23.260009524347122,0.3446974288750605,48.33699238385079,38.3892132333879,55.25076636058655,5.034817621327155,1.4806719946526,2.4274479298855725,87.67369917111178,0.22509665233799075,0.08565277792948375,0.30540911220297157,14.757565741744962,0
178.53674772612138,4.9595720929119205,0.10237828951083788,1.5299637433759714,2.4177401690473115,0.518176629544733,0.21209355106339883,15.192828676017221,0.0042967414433953965,203.84750995256888,5.191092036270129,573.1114891112228,24.69585113278753,0.26941050715866627,55.43475526446117,19.42181198917418,65.5448280311918,0.34049548588026823,1.8491176319581566,3.0298512355163845,83.23724556443199,0.20245765087632814,0.07426452449755147,0.3133184872727503,21.98185534309002,0
94.28954984694911,6.449047973926998,0.10915150034736153,4.183226206481711,1.8100372547711971,0.37898177382996623,0.26586310939832103,17.15284412952238,0.006578353301046968,227.16578696736127,8.23400663588734,446.6518580686846,19.0208426664379,0.22635102360420048,44.340600772639895,22.904449019684026,62.72387231121143,5.146261043155219,3.175964665456179,2.938027986049713,98.14519019935182,0.14110800550483207,0.13992471167686477,0.33690346287896883,13.605314275709613,0
349.5710774498282,15.806021337450712,2.199644766679916,37.61555419573339,2.094257506216729,3.2738605950692024,0.11756042734739772,8.273213334872096,0.01445722246595098,185.7647661066248,12.941122294301023,402.1157096254105,18.837972281904463,0.25190178529984536,51.22736866101608,16.38497945405983,54.98846291107881,2.5164234265248493,1.4102726846944107,2.649525285362056,27.124882166290696,0.7041294703100325,0.6919389784487241,0.3081537584351371,97.12906609242107,1
327.70157286602995,14.862423763333481,1.902953913674878,40.97943042251349,1.4189488624112303,2.2959028919672595,0.18703770225153274,8.640538823361533,0.003832565767579435,224.25280574288723,9.245224785581893,568.7148704359373,18.444932342508313,0.4147957273706343,62.06280314180358,16.891508449987843,69.81167402252642,4.720357350079395,1.5819017516575342,3.304413626316651,42.8563868914087,0.7447214066036865,0.5877934276147319,0.2780384833835395,72.88387651112012,1
183.77450057324077,3.8071607247301307,0.19972338775614298,2.3734517377586677,2.0380592052145805,0.5775566277536822,0.22539954380077196,16.54565540287847,0.012989667003963442,190.47806007357156,12.087852909086056,425.17832138264504,17.879387348502558,0.3935609756331118,52.58071716102434,18.034091756542768,56.32325098306139,2.108112678527712,3.097734467399031,3.993540724360841,84.39956141399647,0.2643475878219182,0.10644704575942364,0.3514750681219372,19.64152170579161,0
150.7714674850131,4.373086220920386,0.06323049444361219,7.134030688252178,2.832155602169973,0.5002863166868756,0.09252465758857137,15.822567457370855,0.008519875531735766,192.5939335975369,11.246511647761512,481.37062341227556,19.26613884508017,0.3923076465747967,52.13673779470644,25.26136294982525,62.46044731381267,5.598652681613251,1.1454576097599678,2.6900353365772167,79.82513074362193,0.17626044037213678,0.07993855862852402,0.35261728423951205,15.997721263614544,0
140.54085825564422,4.9053244278039525,0.02432415162458912,2.7080778899110514,1.374284713288355,0.46597851744171725,0.20180355971676353,14.154083556134793,0.012827965080636144,178.28829962133594,9.33408678132114,448.19489005357417,21.32984557937288,0.29917085338727073,50.025393177695065,23.66695666769649,58.71284691596024,3.871168081946983,-0.1545086973613028,3.787495842022032,76.95583680430516,0.284350935617043,0.11172095227206022,0.29133744929957606,20.254495789902073,0
263.5605827794611,11.099215152955296,1.872795407108797,37.71276241378301,2.9874143349284004,1.9047555303732095,0.0978809466794357,10.818487695764194,0.005949546911976697,199.74198494667152,9.571398785446897,517.6899055468066,14.02208325097527,0.3592624816682446,52.200480676532145,17.317338497269056,64.4726327050582,5.217365255144071,4.128097998603208,3.9068441033446883,38.046650550710126,0.8313650198935676,0.8627071988978892,0.3203608999496702,53.447392247256964,1
317.194911322679,13.726951877277857,1.3911209591700668,33.89624262762225,2.238757290563224,2.212554543611082,0.15876804897287855,7.563896016916285,0.008274394218264966,211.96242369665308,13.960531082811267,567.9463097031096,16.307341633140354,0.3058379210876141,49.29602974536472,22.540726016982163,41.606514076291106,2.225244476865591,2.0522340781452058,2.5694831678868093,41.26936113731349,0.759646254531688,0.6877566076084266,0.2155240116949663,55.83155246719468,1
265.40429100426985,12.353767198904295,1.197654947249533,42.856161578415794,3.2704322914302586,1.9084990831179334,0.14172156230944669,11.436110212807662,0.015018457987717315,192.04483325862586,9.119229695948627,487.7555072855511,24.929519756447178,0.41624332598777686,55.28241629397496,23.38100159284614,59.73936898132031,3.5764498104007227,3.1322455289258024,3.8051524333497704,36.184137740090435,0.7531554196065162,0.6658947102913633,0.2896283472213053,96.07249995309475,1
159.79799412294693,5.592942797396457,0.11536320025008562,5.5947314145224905,2.1173633235937266,0.6419347241307156,0.16727642856585523,16.48114952453423,0.015609345035305769,214.27734988828348,8.504179082073515,472.10208955265017,19.084149540963253,0.32170818559545405,43.54924344616588,24.946110297401418,68.68302897102237,8.723211449991428,1.884427149045572,2.9819545138787498,85.10669564000625,0.19343595740608405,0.0798752852415757,0.3749421145298178,28.821285465148318,0
159.2209852620023,3.5930564838444212,0.09176470300073178,8.030393589741838,2.113330241989169,0.48855417364319814,0.13130065505884292,13.342611633795306,0.01741788509674668,179.48742401499138,12.621629364959404,453.91914230067493,23.061856325537818,0.2955881531095548,57.29049885980712,15.356885065807692,56.22876606875727,5.0981309945575255,1.4988270172918905,2.67565731752021,88.43082284529976,0.2609113600217879,0.13291575791002025,0.3869142547260557,21.638950560552995,0
125.03223314247595,7.126627241683105,0.08522384194897958,4.0052867678863,2.467043440585497,0.6781522090483009,0.13730877811562306,13.811681176032975,-0.0029267995919176593,195.38348862969158,13.26642773020268,533.3280619953598,24.73489125823462,0.30799818608955876,48.308086229198366,30.60582907999015,47.98960353536452,6.695473157644778,2.1533155761455163,3.18720197821785,82.30612901634927,0.19960701767623037,0.09622009877077854,0.23330554955514068,14.469155866614003,0
151.65820888589434,6.217542309342784,0.13398239131097125,4.5461209026561455,1.6556069048777822,0.5556037198215754,0.16556943026882626,15.292142857937389,0.01354087035272309,251.99514000470361,10.253871970163978,494.4209831482416,21.575735605052078,0.28617673715007297,44.537967499802704,19.30302949427417,62.48516698876547,6.892043612877054,1.7502510203340347,3.1454939133500215,88.05970447244039,0.11535037438743562,0.07124643417886088,0.2896049972910138,23.758534810780393,0
282.05227547717686,14.353483537045468,0.8104081968227601,26.135523293623923,2.1882565398970715,2.3001403988100657,0.17949394065751634,9.621524037704495,0.014625836898607279,221.99561630279038,9.418752980089243,460.03467882219553,18.821775149872153,0.4382168963660572,49.06801808545717,38.810666703796706,57.43593478790588,3.5791684988135835,1.6339906268727962,2.9792865934597668,37.09179276795003,0.7501201074768422,0.8737588222841338,0.27309531771310186,99.56992021705418,1
287.81806564080546,12.356217183782231,1.8524260773199526,39.210890467925026,1.3759772937299786,3.6837735202869526,0.1901026538558747,9.0904886013774,0.0035475722743501313,211.59478482620776,14.32399424558313,465.19245564470276,17.889307417926986,0.3756046856172446,45.50419551958394,20.47228033450018,67.20648480850883,6.204914648813678,-0.1509283624729114,3.5175669427658076,34.93917695089028,0.8885309109397974,0.7145721519998284,0.2757806293292887,86.2195903887008,1
172.78325672414354,4.90519348466358,0.14479148343521905,5.200354531564974,2.538167371844655,0.4957017457027425,0.20628908504016383,15.406496590756792,0.012648840637332128,224.88999994400902,8.12542913420999,461.96550981498746,15.068878660924062,0.26500434047713584,37.74736084043786,14.511522264483753,54.775829831522145,6.533988011247727,2.8428235065339327,3.4514711057295027,87.5563048342579,0.13717187170528847,0.09728973857683793,0.359035820514324,13.57527251197775,0
136.78313239296222,6.852492440360892,0.1615185582064862,5.540743471941697,2.6461478052494583,0.5194261772089696,0.15160617622362924,14.798103787075377,0.00765231944327984,186.3247781295146,9.168685245403873,486.55905372950616,20.139218327640407,0.18777594268141326,51.72585770952619,19.507305260991135,55.652493577968734,6.884144813399153,1.4134935951470888,2.8231471302488407,86.80134410158605,0.11621753010994447,0.090293216191521,0.23180292235391073,15.45798599637242,0
159.67046062117586,4.558239937758488,0.060698432939851235,6.526247610538565,1.5954680611245526,0.6175693331714097,0.16065754736054327,15.223559903267407,0.015993755903411226,202.42676511575246,10.318354967638989,569.3286599209421,16.59370039477402,0.34237233314740806,45.33305546152521,24.080791719270188,70.00585536463214,5.41823405889129,0.1853224825670936,3.2348763623872063,80.74687500408142,0.2338398701228497,0.10566790692788322,0.3222139816929436,7.920164814341513,0
288.87799757146115,9.699706728251666,2.1010621313226046,42.51458101362366,2.4427849754340905,2.7773354320880177,0.11143838726379521,9.139466574271026,0.011731802908035573,183.33139657943332,14.496813173138065,557.8554342607849,21.56920209040717,0.3355674900719598,51.893456973309476,13.912846509458745,53.62727932155276,5.646480827346554,0.2766086962033736,3.511296528468174,24.558433528679814,0.8331309282515708,0.7338012189052702,0.39533763587942194,61.582722553582904,1
345.6347134668515,20.889887892172734,2.5199395107874323,41.8635937624358,1.5098923326650031,2.451881460156006,0.22051617087289094,9.112158259123396,0.0021534833591750624,168.97841325636554,11.208087351694358,576.7331985484382,17.68725085939465,0.36168794063170523,48.334986419368555,18.368306164662922,51.25885410082499,4.163253185971484,1.8890957090895586,3.243235216176546,32.204682725214965,0.5324648533814356,0.6978378096447483,0.3028369337790154,94.97528239428675,1
261.36272072759937,12.037692066810857,1.766165285900861,39.41301227218488,3.1835968372769794,1.7943355113887183,0.35242942122494203,13.625520427295022,0.011678325428478535,222.3076881437303,11.121063459903981,485.4875158050336,15.774377409316184,0.2998475534967547,54.773563097311595,22.189900325064002,56.03376388984368,6.5667648923154625,1.1172639433728004,3.8083236433209344,50.97896505054248,0.9397715250328236,0.5075302344071648,0.3138375174586591,84.76060656789838,1
287.7602335813097,15.21678930804346,3.190872036438682,43.66128351860071,2.154458310912426,2.3923336778337565,0.27773929231473504,11.252016029679472,0.01977082437967698,221.22819859250438,6.0805494301181735,463.9685132705942,24.030848839091583,0.26253930320497604,54.35397227234528,27.521706069757514,58.175248495484965,5.235164753251344,1.761622084348565,3.1968081079832804,62.0891424039529,0.8469979346206387,0.891283605336215,0.34527895379899626,76.26974813774264,1
164.15565840930995,3.6682054703515976,0.054878047555931814,7.253930987529463,1.433335600726306,0.543988568935202,0.13314483928107396,14.927239282643969,0.007395662957083447,169.11686291107816,9.88726467182755,482.4110775512612,21.30743596874502,0.3287567920014564,51.72848547377382,30.192008364480284,54.45389784295137,7.506689900279286,1.0051161139899287,2.154321947807648,81.12809903212295,0.23476563772746656,0.10994286373466591,0.3674531402591863,21.713985757330995,0
167.1549013591997,5.723305341767128,0.10065208352879872,4.490183937075818,2.2280660032350266,0.5220464683829641,0.30473556674285546,15.966148832479378,0.00892203920585681,198.37446523883048,11.560460055567098,512.9615297389707,22.957085868358476,0.22874270162420973,53.617812127303495,29.349329405168405,69.05556361733319,4.340771318215998,0.4583987965703271,3.1152559632125207,77.50039609095481,0.17532873921101147,0.10689987067561516,0.29001202187501024,12.225782315913575,0
130.28012975936082,4.698739594670959,0.07699915836129041,4.359873466933382,1.8993663209678413,0.6403905240495177,0.19823490065157484,13.241800425669698,0.00259855990557061,178.32281374775602,12.176341806719087,496.06581863573274,17.291493913346375,0.27687799897287574,56.38258032214363,24.44714694907819,59.019377397409244,3.9601844495837497,1.0995190681355227,2.7828209277281046,91.28587705801814,0.2071568454281965,0.13016475695822946,0.3192440793157409,13.63496581735533,0
169.37964979862923,5.032254715048571,0.07571240150425229,8.038043638938458,2.8902296367919664,0.3611284741458904,0.19445959838077775,15.212077757842668,0.0017419661141377019,193.11391874423427,9.154375055471103,451.4110343687151,18.179731864076274,0.3590174842395482,44.78113791355777,21.928191389203203,73.34713311163675,8.013622155075247,0.866051433189198,3.2478987255763414,85.43961974947285,0.21829780921931563,0.12742258376156562,0.2762689588013291,16.449917282059676,0
163.6134190965093,3.9222244899921783,0.12443183068667657,7.646518810036174,1.8260455816951848,0.38943273104045734,0.22764623122613126,15.18323684618529,0.008301347159725494,213.39688566446017,8.604497927088122,418.01291789245107,19.20295185240954,0.26560641580070815,48.51122625764357,25.675365172494228,54.36420249643524,4.708651192179368,1.9821298767979538,2.9491312115618107,88.02992120031391,0.2433904917131452,0.11560477802183595,0.22719381925712906,18.451736103811136,0
285.53023458761317,10.121463128243287,2.0308342677684488,33.16227802282508,2.481149591123225,2.8835242947537942,0.20151738160239266,13.400833046652888,0.008436124215028188,227.09016230230557,6.94610516076714,531.4142484486302,13.905723202612569,0.13565517824797124,54.62409918140434,23.661696299371357,72.12986163002209,4.173269537635047,4.092865411631394,3.5938012376544854,27.691904239863533,0.7262248614164315,0.722459596479865,0.223258223199763,90.31639606216106,1
356.4550353406483,17.908150615598295,1.8421045694140796,48.91041704318399,2.027292900564232,2.877559343762662,0.2224953167189955,12.728546968173847,0.0006332746422057913,220.42305768230463,8.81174014877535,423.29511435263646,19.94916220020496,0.3818448498414423,60.03066665643523,26.46994170989118,67.2710928362293,6.076350182308637,3.682781003354683,3.6790490099420476,29.659658805851056,0.7753058270517705,0.7119111992432231,0.29053527126969864,92.37729730821034,1
113.85829575044345,3.5613000085936406,0.12001747076950989,5.354862449404898,2.11637153273724,0.3809076593208685,0.21504693882433826,14.6394831277034,0.015493837614552124,170.29130507470106,7.481555798316021,573.3757500276496,15.305635318944518,0.31855548121656735,55.815050519695994,24.145172680061663,48.94519800200067,4.981156500469692,2.2513493404812825,2.7019962539776565,83.531690817011,0.19928693910988496,0.12227412687557171,0.3697276594456913,14.534994994740648,0
172.16726278298913,5.418953164616958,0.12069781126910295,7.400310951145073,1.9873774991274982,0.5708783909706351,0.0893788925796911,13.575435019480958,0.004929196712201833,188.92994548757153,8.879361046923922,483.04329021817813,16.105886239004494,0.2824249003164095,50.31046773929272,19.49456508412407,73.58286820727953,7.2536626854393,2.350365182927546,3.210299177203983,84.32406956557563,0.1922916954797834,0.10929947522960697,0.34793878338164363,31.52313531312611,0
135.43621335667288,4.758305825396202,0.1777089538491187,1.7502484438597037,2.4260064146822216,0.48039148683568605,0.2191151149288633,17.07012754701348,0.010575638794269008,202.99373052301698,11.078576920416388,499.3732148891112,23.69234557010474,0.2292323289824825,49.0289388973017,25.35113138164366,59.08556423691089,3.5352309705749563,1.7982841704886299,3.9135571972360745,82.84110069160441,0.183033157260247,0.09482871303987114,0.2549766614625704,19.26609151088609,0
408.4965318273494,13.187986136578132,2.4885119612238595,29.058165055097838,2.397868806724547,1.8836449657718148,0.2585417227558882,8.842885426085454,0.01959501463517884,250.9749242399847,10.81771078879929,553.8235771528747,22.409086031468306,0.254719348391492,47.99019411411166,22.216009117505386,61.02895041845468,4.3769849624275725,1.2165368055175265,2.8876650190829443,43.6149313204966,0.8338398892805847,0.5567260198476369,0.2816905695902822,66.03356904774436,1
134.67445778275456,5.070822162356697,0.05145814848465791,8.695103314262985,2.427131017441746,0.4423391191963213,0.17780071090557822,13.91100687430724,0.011729078205098113,201.69217214894104,12.17097491896561,501.3218900377673,21.77427574368136,0.3122982088903138,41.10598370481497,22.560611936668,56.4455372879502,6.971952583274999,2.2004138905387154,2.8083063291335506,87.38135335357244,0.24616168537723956,0.11709952248873927,0.309889257383503,19.07701735324225,0
123.96636359484769,4.401224116514415,0.09760515690532369,5.0675480965904764,1.8095699461939303,0.6316708139935097,0.2682968450894415,15.113951597321,0.008257341750137516,147.62962670296267,11.124222105035248,441.003292365676,17.21588243827921,0.24454846494843532,44.482829049258854,16.783329957683954,55.08553097527937,2.584936655090977,1.846495089173499,2.8359275864120503,84.91035799150299,0.14549027810711537,0.11743599582374396,0.27309205441216716,24.633250447250557,0
133.372356034154,5.31114356157212,0.1384383565660376,6.0878669824922875,1.737857443935201,0.41450294117251424,0.1764129591171131,13.995378789811275,0.010003334066472644,194.3165026220173,10.04087686201989,474.848209150049,11.870999412405887,0.26340739964872606,44.34230067201554,27.291805599518266,59.2884071779862,3.263166703011098,1.4318180524185955,1.8714418856217565,89.12551178074824,0.20849847527841447,0.07031814525375422,0.24043356619975398,19.706864505724052,0
343.6602137434765,14.771517854014009,2.199741258841332,24.131931506258322,1.0838912616902294,3.0267955758525202,0.20141203603556787,12.07787920715353,0.0102178296117385,181.7888873975285,12.252475871408832,464.7260000932155,20.27051291782863,0.3005182515874018,52.171771905810836,24.34878685897923,47.81606922040405,7.3368613020351745,2.25755370056103,3.1889045971676695,43.87108616069404,0.7827827254002946,0.6559391039518581,0.21190191168384448,65.84982997533827,1
159.19172462104584,5.383293269713597,0.09240494209266539,6.596343370042233,3.1256262220535316,0.37289060357095927,0.22821033488367587,14.326876767582817,0.014172116017295804,236.56378895190167,11.158500350985992,420.85034826622046,17.551725136018124,0.3405549991344105,52.21374225159694,24.797418472410495,56.417840192157136,3.5823205088208265,0.9420245937254386,3.6375672340882628,83.60986470646425,0.28695423835070716,0.09637238436903624,0.28943369762908067,19.233134242319256,0
151.42044426190787,3.99032251872462,0.12939072426754863,8.302051479480703,2.5844102046326523,0.6204461569070193,0.22749609680142405,14.659910671662747,0.012607406713023236,197.89059828290783,8.900937908600078,422.3204955151016,22.780953229824306,0.255513901780618,48.52744949403862,22.39200611648397,51.77292689635374,4.181853823806784,1.3363425987303064,3.3587517921923635,87.2760723718114,0.20721253388388813,0.10770773962738792,0.30311819246193017,20.02292557305857,0
300.1986691137799,18.66121118539022,2.6648970967228545,29.28653822164766,2.056672720916351,2.785169215125398,0.28316174583137615,10.351465814449998,0.021432626063229217,189.50049017184918,11.956865499221937,476.18633176943547,20.338530378249544,0.22418878470722153,45.215864925128756,23.784793390258223,65.98850955914357,5.710016430178758,1.3386199142891864,4.239520326497719,30.746186147521655,0.805764011321731,0.7399687827303364,0.38097313188143156,85.77302908882722,1
348.8031571698085,18.429112459174924,1.7217686833221737,58.98118850594679,1.648512604711337,1.8724206377564432,0.2987792917082887,12.680185597532478,0.011442846141917961,218.08891501097725,10.895238630678477,632.4896558744125,15.156925042347241,0.3939013572133462,48.684915028654494,17.87335029859997,58.39689779850163,0.5031871574837856,0.748457240434033,3.2583478242299018,35.06531495765166,0.7254629740967246,0.7617538213665239,0.3066100994106554,82.3076755836101,1
230.67730853965077,13.95975254369625,1.7666504901602884,36.88267047452578,1.8931674296666998,1.6710751878941248,0.3628585598568654,8.95095010505344,0.011318092510090066,196.6664324526613,10.541104818810762,501.22002631697006,19.376763731283877,0.30591618568125095,58.335129782915615,27.87181397940351,41.43524026157384,4.507245007272024,2.983655542667694,3.925419788999165,47.2943541986998,0.8007540872995137,0.6382509488271847,0.36066161715447626,89.63080525139942,1
317.6359764548062,13.16669139343379,2.8771615905802452,39.31403342931726,2.4350921457268173,2.3615558330374156,0.12508048947054712,12.398355103124024,0.006889465540505815,237.79161264975176,6.1606812450760575,582.691498170851,27.458386501838444,0.2576435045604504,45.841329662147096,19.880310221044347,58.86723268656486,3.2304647524665038,2.4452889060689302,2.7591253629696415,46.87165287488458,0.7297944186162131,0.7123318488221422,0.32107822203084724,93.55921823921575,1
136.2620311186107,4.275695937060146,0.05939400186395408,2.8391892483989727,2.1748220187194174,0.4903798409112954,0.1849620617427757,17.33134231496749,0.01457984415687303,192.08288802461172,8.838143691232977,504.68067829582367,17.080854042700185,0.2706325316928027,55.14011125402938,19.735831609659833,74.13590956772921,2.093312229182777,3.95190788179865,3.0735896362482196,88.03913863617173,0.16003060562144603,0.10752820231738536,0.2928940609006425,25.87366157641178,0
162.53200396016996,5.4591924494460145,0.07085864100141699,7.1873953248245215,2.1365512712249757,0.5600614467287499,0.21832499026409394,13.834289290931457,0.00335555924416997,203.0702881995947,9.73047097871158,597.3513158131695,20.83093572171809,0.32421331718491236,49.336835409725666,20.886565248904265,42.66133662495528,6.516041954859372,3.1308286891309125,3.39567737286227,84.54956061539268,0.14808651577491516,0.10844399277373111,0.24264675673711764,24.189124864017593,0
136.96481276642197,4.623344529786708,0.08727207091615934,6.540688912115995,1.7982049429410858,0.5194491324691045,0.24028911239502557,14.525102998039646,0.010129858036911514,220.9890666291318,12.708642089818738,484.35363539749284,15.257125046132325,0.24421716708847507,50.74685476790886,18.467190231305732,51.596725757911514,6.44761045179502,2.4233371080184973,2.960076685827989,97.11515923912725,0.17037968493483713,0.1125180954675201,0.2529891861295917,15.308929734150906,0
342.6670098186722,16.164203996730542,2.0093857824255505,35.367942795159166,1.991092189816998,2.9088797808109668,0.1998884250966573,8.617718905927386,0.008145250715641844,155.57442987830015,11.666928741640412,503.754941320595,21.718100228516484,0.26695478221910274,51.78385283577365,17.49782082078943,55.61845662573785,8.236392727098545,0.3547467024380392,3.8265269541931337,27.54101678623711,0.8191326981281567,0.6770236913026878,0.227404667112792,89.274319844905,1
318.7391934836837,15.953868130090306,1.8744123401618955,35.869327502514196,2.5410468990149107,3.0012246874626225,0.039366840627434514,13.698855883695071,0.01459509202089436,203.87706329570045,8.868138182797042,525.5405866878921,23.958211671013675,0.23054688053518388,52.64522178166518,30.90197465730476,55.1808374471051,9.541733545051281,1.1624447511281588,3.469517477485374,55.55423150861108,0.8263997168764324,0.6270943999329757,0.32748326446193443,60.26083974123552,1
188.56687484756858,4.956709967570016,0.16923500284706142,5.6641359105949585,1.4193407766358517,0.5464493058001126,0.1601192149610869,14.539406129609594,0.008957739886984823,222.6599527833362,8.813023086284458,408.8134260687561,20.713872535485304,0.3723714133259206,55.26805401215425,23.666993445585355,60.001410326971595,8.836656358254695,3.1529801022390824,2.357945859563191,82.11123223712259,0.16242574083517475,0.09052784354237726,0.33794119723552674,21.2776550547895,0
119.02903930379512,3.6508915586646804,0.1335481475126118,7.411352673371521,2.168722704131178,0.4172455013823225,0.1615628878957238,14.915761165650432,0.0016615474600563474,239.52133685974357,3.4016553289245266,520.9417501117281,20.307683335807518,0.300273850743612,45.79760970215391,28.84122726411695,62.010893006571,3.2671437774126977,2.362928523272591,2.9486400900523577,85.04265742279166,0.21406410607133927,0.08764798101862589,0.3490143013725685,12.668976455097793,0
203.21100683642547,16.85458335385005,1.924050136821559,39.149662135599414,2.361916624960656,2.388719316551095,0.22547138848790954,10.397339831274584,0.015226006679187548,169.35172977187625,12.304734632712586,491.1650711006276,15.453061781026223,0.29982195468542583,52.3658442283255,34.177752520138384,62.64395888044579,7.09756381813131,3.009821275151942,2.7233537979318485,26.633564980296548,0.8322177410039354,0.7676480439870306,0.3714804166771599,101.4844363429745,1
285.7342250394495,13.70783203643532,1.8392410308208345,38.35883470907887,2.007895159984195,3.231851655657194,0.2687413974504345,10.286295255057377,0.016017134897852732,224.07954876911614,10.478219463852358,543.0094840953927,20.041109541315386,0.27637998432450844,47.856307842099206,24.913600902315203,67.31395896960129,1.1153130236967121,1.3737862369939617,2.8416061785805407,30.973029183837237,0.8390416621645246,0.7957907879995648,0.3340292608705177,58.86404117981465,1
332.2354849468362,11.255071192979596,2.8410059847520315,33.69978478647068,2.2347055396736026,3.419480458594708,0.1545782015079622,8.213055186800432,0.0021880387888754673,169.63163722984004,12.09685348621586,609.6228270979631,21.511172783583326,0.3073326373156425,52.904550810901675,25.393378009671448,72.06725038393559,4.239492128618124,1.9666684024715333,1.9203614529197301,34.98017281409411,1.0227502904412138,0.6836830612579681,0.354643498874152,67.50684741152965,1
136.9406258257909,3.676418378013544,0.10113589816404334,4.338517848823188,1.1259400040239647,0.491036645183824,0.24370740461467513,14.15373127986195,0.007063163510903979,195.18497032028972,4.887007121990863,455.7886297534515,18.864659130068542,0.28134715410511535,48.87194574306133,31.532253187594762,69.11479461702332,5.43710867299231,2.7016342350066207,3.5374994372782815,88.97419727746042,0.2094722099189598,0.06651559728014442,0.2607572739067482,22.04577517623711,0
197.626409255891,4.375643171514602,0.11489773444733471,4.923004715770498,2.472349917354799,0.7064922902894315,0.172678035538503,15.554021009675916,0.017204705006648564,194.77293047714306,10.565373147618685,482.1943474047965,20.27424112943815,0.29072972144219195,44.014212509288555,24.71825094136935,56.19911177567333,4.458689215166478,1.5102675029494397,2.839929598021058,77.41272142856246,0.21126202811081532,0.09503085178984859,0.37881746432247243,18.87440610391073,0
214.1540874930412,20.468492413536595,2.3207145142047234,28.047306396759723,2.4737180129065837,2.1517305976370285,0.26481565965913745,8.5983594001864,0.009238816733847351,202.63699106570402,11.742934902092616,407.2267103260786,17.445949210243544,0.3001141575256851,52.220811055287555,27.17472374381231,75.07950435886357,5.632497398126655,2.3207948466475883,2.0444282342209017,38.72876514714524,0.9149415527162079,0.7669178654008124,0.3473723400254109,82.10539777692571,1
116.41857020203823,5.679610114533416,0.09294704236403006,4.872706460729033,2.466911595776301,0.35759691145426825,0.2512664421302948,13.10529383226858,0.004703230543438517,217.09950217110116,8.906525342445917,441.70763474350133,15.799267018613936,0.2917296327722585,47.13462168400073,24.252872707568375,59.483654731096024,6.114567022302481,3.0332479503706335,3.5182470395155088,87.13205353487204,0.25474967669891807,0.08116843550700954,0.15096209074854886,28.945503156215544,0
131.88867683202483,4.114236703294003,0.13777914745777303,2.9165598067827285,2.808507609310841,0.5795991911429765,0.2788243864868196,14.748222239321269,0.009877624956045621,176.36122704241976,10.070477709867989,427.63177122034665,16.275172798038952,0.2725090663547924,54.76470645524791,19.215159666887125,58.242492518019105,6.322408367375194,1.739528886403724,2.613142479963595,77.9051441722891,0.17303577786125235,0.0940421637466634,0.2979378626643082,22.58767558459663,0
147.08511967735123,3.047304931579596,0.10489500427942235,5.382011143399969,1.2516847249270144,0.5861834182413399,0.12476960147237644,14.937900907014905,0.0032533600367914218,215.36053950270937,8.461820912805608,417.2959618496259,21.11621084860184,0.2998623474481381,45.97813526011887,16.085535421080454,56.23562322891628,2.6096367376854603,1.2140750789780113,3.215254840052409,94.42620090314152,0.2116375128226128,0.08480685382798898,0.42895169665605476,20.050272989419703,0
351.1622198555462,8.369232480329817,1.1722922685145922,35.845305408324535,1.9244485507431137,2.0058423680612605,0.2132748988503819,10.298511155289944,0.007228521704517952,157.02560937091613,13.79499806532245,560.6795008257062,24.132436438621415,0.15907533472267668,54.915806690428084,17.987933172562766,57.838858387826264,6.48471073665959,1.9319132967692951,2.4880718900025682,33.945707221747696,0.7560934871092595,0.6211287901197506,0.3168587076692537,82.0876872172414,1
280.42695834194757,17.597777423135454,2.2367824107856107,24.896277483988207,1.4694952992804635,2.257857456013036,0.203880737605029,5.687975751466787,0.006083698842753779,193.67946755185048,10.504492569748942,429.37000584873385,20.027511875033824,0.2724121821919774,43.43850709312634,28.45543706863097,42.139405270947755,3.8880477172319887,1.4222316659735341,3.943532535739382,30.653137186827482,0.8815756699563133,0.6512904405222,0.22727751335308943,95.36007911683966,1
185.03473590111292,4.064129208636555,0.0334669514615414,6.609677975308064,1.593650654191266,0.6293027578256801,0.296054557204188,14.647964769141725,0.012568882267999107,210.63390959848417,12.167103512254961,508.6646292865452,22.577882785584904,0.22475831431099935,52.866983474198115,23.54561257260108,62.59654502472565,4.110139201097887,2.3445805270596956,3.0678933018945322,83.3615720245268,0.15068477403535807,0.07012280963426387,0.2225331955324161,20.78761473727937,0
165.69781555460906,4.116648811902565,0.13181735228745403,4.578047351845981,1.940534754677755,0.5509501824066039,0.28767198266540334,15.06225924642044,0.008599320704109991,230.61031003179772,8.83573809909572,518.434971066727,20.85386065252753,0.3533206333162896,38.558801164046265,26.435017462954583,52.615379543792486,2.462130334781773,2.473145465344248,2.8077397230468724,84.57161547900303,0.23290051844732942,0.08928921381980783,0.3429095338750884,16.650581436318173,0
289.0481525295877,15.045624980059536,1.3758790850656468,44.39291604628115,1.9698023256610304,2.1453002027261348,0.10682797769527538,10.795806484211386,0.015904660701099076,208.11616829149898,11.08923967965464,429.7599798828059,22.42800029519215,0.23784656485777503,47.60504280447862,23.72338037984489,61.79947148635593,5.532950204945447,4.84033813739443,3.0563677783560377,36.89927888468233,0.9353321002973449,0.8404439789612808,0.35171814620834907,84.1638362147313,1
155.17458007942975,3.931345910685833,0.09727937546918139,5.324921147599566,1.5043041854100139,0.561053957880408,0.21751395825650177,14.430499868779826,0.013389655488701906,177.27587270491034,10.893046288388199,397.3156599802809,23.892045606003634,0.32669897976236423,53.22300249181212,26.993310208408474,57.2830937548103,6.500819230176129,1.5502275853443241,2.8946272626928486,80.29446066551807,0.13018274342436756,0.08659207674415902,0.3116145769173893,21.700603522230978,0
301.5992793269653,13.988374259991264,2.109330154679217,30.989805660286763,1.3271043084631409,1.3079156818624487,0.20507867060816792,7.195228315802881,0.012214278456302487,193.20571784291582,10.4927300925183,474.9891917461558,18.310534552596483,0.3201367594714219,44.35044945662926,31.77816397259898,42.891993542651015,7.717984763334328,2.4500696638886974,3.0748005158735205,49.395261547411906,0.9685666575501868,0.6970379916746487,0.3209358575660099,71.17285341092011,1
312.7956614321057,13.69028202102958,1.0787775178493935,26.420707245145337,2.1278140110716217,2.320479108077936,0.25038298058858016,8.93448966421397,0.0054773894101394945,202.38260566282062,4.6826890663711485,495.90819062144243,22.4510463747772,0.30512385873303977,53.13469727168007,25.758662358896814,96.11784756351723,6.576459278406728,3.7605384996687135,2.9334192993562413,47.65098894617674,0.7748777796258686,0.8073060738708758,0.31067612769495406,60.04927536500823,1
141.85519964075652,4.43640633231113,0.16186515184123562,0.8361689337687661,2.2243553110150867,0.6233654206066902,0.18959975071503077,18.62077073525183,0.009485789464556948,217.4320983887278,8.981005782791382,515.2970892298686,21.606295406047046,0.18773866087459187,53.5141996268913,27.04300311685678,62.831143678294985,4.507344626316325,1.9516351374644734,2.9597406865204183,99.50847665563445,0.1589548325217087,0.07827822647235144,0.19973940380892538,17.973722941220732,0
244.82045297012883,13.180525846485095,1.4587232824361611,32.20057863298739,1.9731128712950838,2.433927117846488,0.11645590946630653,8.681682611515285,0.007326343247457619,225.6626682583767,11.639766120537997,397.8396023658321,18.27088235388363,0.47119854663087274,54.31496391660431,28.548436903025642,58.909154948616944,7.9733228243383945,4.698496897553596,1.6633971537369179,48.717291175156575,0.8492180081167092,0.8055378049516552,0.3468852831357928,68.41309374314906,1
292.6845995422279,16.965610706245897,1.8096082397242699,29.764277991086338,2.0379728728302076,1.9536272425807393,0.1795270584001844,9.184246667654135,0.005846007782775141,205.26151269757116,9.889192347115767,444.2290184509839,14.874237173056672,0.24113684735099544,51.588068384246085,31.657856725204294,68.67250390679722,6.593299280059741,2.6022529634447573,2.093266583265015,25.16517384569881,0.7910587743934907,0.7711069169901517,0.3832905748535599,99.65848656983798,1
